0.80000000000000004 1.3999999999999999 0.80000000000000004 1.3999999999999999 0.80000000000000004 1.3999999999999999
0.80000000000000004 1.4923076923076923 0.80000000000000004 1.4923076923076923 0.80000000000000004 1.4923076923076923
0.80000000000000004 1.5846153846153845 0.80000000000000004 1.5846153846153845 0.80000000000000004 1.5846153846153845
0.80000000000000004 1.676923076923077 0.80000000000000004 1.676923076923077 0.80000000000000004 1.676923076923077
0.80000000000000004 1.7692307692307692 0.80000000000000004 1.7692307692307692 0.80000000000000004 1.7692307692307692
0.80000000000000004 1.8615384615384616 0.80000000000000004 1.8615384615384616 0.80000000000000004 1.8615384615384616
0.80000000000000004 1.953846153846154 0.80000000000000004 1.953846153846154 0.80000000000000004 1.953846153846154
0.80000000000000004 2.046153846153846 0.80000000000000004 2.046153846153846 0.80000000000000004 2.046153846153846
0.80000000000000004 2.1384615384615384 0.80000000000000004 2.1384615384615384 0.80000000000000004 2.1384615384615384
0.80000000000000004 2.2307692307692308 0.80000000000000004 2.2307692307692308 0.80000000000000004 2.2307692307692308
0.80000000000000004 2.3230769230769233 0.80000000000000004 2.3230769230769233 0.80000000000000004 2.3230769230769233
0.80000000000000004 2.4153846153846157 0.80000000000000004 2.4153846153846157 0.80000000000000004 2.4153846153846157
0.80000000000000004 2.5076923076923077 0.80000000000000004 2.5076923076923077 0.80000000000000004 2.5076923076923077
0.80000000000000004 2.6000000000000001 0.80000000000000004 2.6000000000000001 0.80000000000000004 2.6000000000000001
0.86153846153846159 1.3999999999999999 0.86153846153846159 1.3999999999999999 0.86153846153846159 1.3999999999999999
0.86153846153846159 1.4923076923076923 0.86153846153846159 1.4923076923076923 0.86153846153846159 1.4923076923076923
0.86153846153846159 1.5846153846153845 0.86153846153846159 1.5846153846153845 0.86153846153846159 1.5846153846153845
0.86153846153846159 1.676923076923077 0.86153846153846159 1.676923076923077 0.86153846153846159 1.676923076923077
0.86153846153846159 1.7692307692307692 0.86153846153846159 1.7692307692307692 0.86153846153846159 1.7692307692307692
0.86153846153846159 1.8615384615384616 0.86153846153846159 1.8615384615384616 0.86153846153846159 1.8615384615384616
0.86153846153846159 1.953846153846154 0.86153846153846159 1.953846153846154 0.86153846153846159 1.953846153846154
0.86153846153846159 2.046153846153846 0.86153846153846159 2.046153846153846 0.86153846153846159 2.046153846153846
0.86153846153846159 2.1384615384615384 0.86153846153846159 2.1384615384615384 0.86153846153846159 2.1384615384615384
0.86153846153846159 2.2307692307692308 0.86153846153846159 2.2307692307692308 0.86153846153846159 2.2307692307692308
0.86153846153846159 2.3230769230769233 0.86153846153846159 2.3230769230769233 0.86153846153846159 2.3230769230769233
0.86153846153846159 2.4153846153846157 0.86153846153846159 2.4153846153846157 0.86153846153846159 2.4153846153846157
0.86153846153846159 2.5076923076923077 0.86153846153846159 2.5076923076923077 0.86153846153846159 2.5076923076923077
0.86153846153846159 2.6000000000000001 0.86153846153846159 2.6000000000000001 0.86153846153846159 2.6000000000000001
0.92307692307692313 1.3999999999999999 0.92307692307692313 1.3999999999999999 0.92307692307692313 1.3999999999999999
0.92307692307692313 1.4923076923076923 0.92307692307692313 1.4923076923076923 0.92307692307692313 1.4923076923076923
0.92307692307692313 1.5846153846153845 0.92307692307692313 1.5846153846153845 0.92307692307692313 1.5846153846153845
0.92307692307692313 1.676923076923077 0.92307692307692313 1.676923076923077 0.92307692307692313 1.676923076923077
0.92307692307692313 1.7692307692307692 0.92307692307692313 1.7692307692307692 0.92307692307692313 1.7692307692307692
0.92307692307692313 1.8615384615384616 0.92307692307692313 1.8615384615384616 0.92307692307692313 1.8615384615384616
0.92307692307692313 1.953846153846154 0.92307692307692313 1.953846153846154 0.92307692307692313 1.953846153846154
0.92307692307692313 2.046153846153846 0.92307692307692313 2.046153846153846 0.92307692307692313 2.046153846153846
0.92307692307692313 2.1384615384615384 0.92307692307692313 2.1384615384615384 0.92307692307692313 2.1384615384615384
0.92307692307692313 2.2307692307692308 0.92307692307692313 2.2307692307692308 0.92307692307692313 2.2307692307692308
0.92307692307692313 2.3230769230769233 0.92307692307692313 2.3230769230769233 0.92307692307692313 2.3230769230769233
0.92307692307692313 2.4153846153846157 0.92307692307692313 2.4153846153846157 0.92307692307692313 2.4153846153846157
0.92307692307692313 2.5076923076923077 0.92307692307692313 2.5076923076923077 0.92307692307692313 2.5076923076923077
0.92307692307692313 2.6000000000000001 0.92307692307692313 2.6000000000000001 0.92307692307692313 2.6000000000000001
0.98461538461538467 1.3999999999999999 0.98461538461538467 1.3999999999999999 0.98461538461538467 1.3999999999999999
0.98461538461538467 1.4923076923076923 0.98461538461538467 1.4923076923076923 0.98461538461538467 1.4923076923076923
0.98461538461538467 1.5846153846153845 0.98461538461538467 1.5846153846153845 0.98461538461538467 1.5846153846153845
0.98461538461538467 1.676923076923077 0.98461538461538467 1.676923076923077 0.98461538461538467 1.676923076923077
0.98461538461538467 1.7692307692307692 0.98461538461538467 1.7692307692307692 0.98461538461538467 1.7692307692307692
0.98461538461538467 1.8615384615384616 0.98461538461538467 1.8615384615384616 0.98461538461538467 1.8615384615384616
0.98461538461538467 1.953846153846154 0.98461538461538467 1.953846153846154 0.98461538461538467 1.953846153846154
0.98461538461538467 2.046153846153846 0.98461538461538467 2.046153846153846 0.98461538461538467 2.046153846153846
0.98461538461538467 2.1384615384615384 0.98461538461538467 2.1384615384615384 0.98461538461538467 2.1384615384615384
0.98461538461538467 2.2307692307692308 0.98461538461538467 2.2307692307692308 0.98461538461538467 2.2307692307692308
0.98461538461538467 2.3230769230769233 0.98461538461538467 2.3230769230769233 0.98461538461538467 2.3230769230769233
0.98461538461538467 2.4153846153846157 0.98461538461538467 2.4153846153846157 0.98461538461538467 2.4153846153846157
0.98461538461538467 2.5076923076923077 0.98461538461538467 2.5076923076923077 0.98461538461538467 2.5076923076923077
0.98461538461538467 2.6000000000000001 0.98461538461538467 2.6000000000000001 0.98461538461538467 2.6000000000000001
1.0461538461538462 1.3999999999999999 1.0461538461538462 1.3999999999999999 1.0461538461538462 1.3999999999999999
1.0461538461538462 1.4923076923076923 1.0461538461538462 1.4923076923076923 1.0461538461538462 1.4923076923076923
1.0461538461538462 1.5846153846153845 1.0461538461538462 1.5846153846153845 1.0461538461538462 1.5846153846153845
1.0461538461538462 1.676923076923077 1.0461538461538462 1.676923076923077 1.0461538461538462 1.676923076923077
1.0461538461538462 1.7692307692307692 1.0461538461538462 1.7692307692307692 1.0461538461538462 1.7692307692307692
1.0461538461538462 1.8615384615384616 1.0461538461538462 1.8615384615384616 1.0461538461538462 1.8615384615384616
1.0461538461538462 1.953846153846154 1.0461538461538462 1.953846153846154 1.0461538461538462 1.953846153846154
1.0461538461538462 2.046153846153846 1.0461538461538462 2.046153846153846 1.0461538461538462 2.046153846153846
1.0461538461538462 2.1384615384615384 1.0461538461538462 2.1384615384615384 1.0461538461538462 2.1384615384615384
1.0461538461538462 2.2307692307692308 1.0461538461538462 2.2307692307692308 1.0461538461538462 2.2307692307692308
1.0461538461538462 2.3230769230769233 1.0461538461538462 2.3230769230769233 1.0461538461538462 2.3230769230769233
1.0461538461538462 2.4153846153846157 1.0461538461538462 2.4153846153846157 1.0461538461538462 2.4153846153846157
1.0461538461538462 2.5076923076923077 1.0461538461538462 2.5076923076923077 1.0461538461538462 2.5076923076923077
1.0461538461538462 2.6000000000000001 1.0461538461538462 2.6000000000000001 1.0461538461538462 2.6000000000000001
1.1076923076923078 1.3999999999999999 1.1076923076923078 1.3999999999999999 1.1076923076923078 1.3999999999999999
1.1076923076923078 1.4923076923076923 1.1076923076923078 1.4923076923076923 1.1076923076923078 1.4923076923076923
1.1076923076923078 1.5846153846153845 1.1076923076923078 1.5846153846153845 1.1076923076923078 1.5846153846153845
1.1076923076923078 1.676923076923077 1.1076923076923078 1.676923076923077 1.1076923076923078 1.676923076923077
1.1076923076923078 1.7692307692307692 1.1076923076923078 1.7692307692307692 1.1076923076923078 1.7692307692307692
1.1076923076923078 1.8615384615384616 1.1076923076923078 1.8615384615384616 1.1076923076923078 1.8615384615384616
1.1076923076923078 1.953846153846154 1.1076923076923078 1.953846153846154 1.1076923076923078 1.953846153846154
1.1076923076923078 2.046153846153846 1.1076923076923078 2.046153846153846 1.1076923076923078 2.046153846153846
1.1076923076923078 2.1384615384615384 1.1076923076923078 2.1384615384615384 1.1076923076923078 2.1384615384615384
1.1076923076923078 2.2307692307692308 1.1076923076923078 2.2307692307692308 1.1076923076923078 2.2307692307692308
1.1076923076923078 2.3230769230769233 1.1076923076923078 2.3230769230769233 1.1076923076923078 2.3230769230769233
1.1076923076923078 2.4153846153846157 1.1076923076923078 2.4153846153846157 1.1076923076923078 2.4153846153846157
1.1076923076923078 2.5076923076923077 1.1076923076923078 2.5076923076923077 1.1076923076923078 2.5076923076923077
1.1076923076923078 2.6000000000000001 1.1076923076923078 2.6000000000000001 1.1076923076923078 2.6000000000000001
1.1692307692307693 1.3999999999999999 1.1692307692307693 1.3999999999999999 1.1692307692307693 1.3999999999999999
1.1692307692307693 1.4923076923076923 1.1692307692307693 1.4923076923076923 1.1692307692307693 1.4923076923076923
1.1692307692307693 1.5846153846153845 1.1692307692307693 1.5846153846153845 1.1692307692307693 1.5846153846153845
1.1692307692307693 1.676923076923077 1.1692307692307693 1.676923076923077 1.1692307692307693 1.676923076923077
1.1692307692307693 1.7692307692307692 1.1692307692307693 1.7692307692307692 1.1692307692307693 1.7692307692307692
1.1692307692307693 1.8615384615384616 1.1692307692307693 1.8615384615384616 1.1692307692307693 1.8615384615384616
1.1692307692307693 1.953846153846154 1.1692307692307693 1.953846153846154 1.1692307692307693 1.953846153846154
1.1692307692307693 2.046153846153846 1.1692307692307693 2.046153846153846 1.1692307692307693 2.046153846153846
1.1692307692307693 2.1384615384615384 1.1692307692307693 2.1384615384615384 1.1692307692307693 2.1384615384615384
1.1692307692307693 2.2307692307692308 1.1692307692307693 2.2307692307692308 1.1692307692307693 2.2307692307692308
1.1692307692307693 2.3230769230769233 1.1692307692307693 2.3230769230769233 1.1692307692307693 2.3230769230769233
1.1692307692307693 2.4153846153846157 1.1692307692307693 2.4153846153846157 1.1692307692307693 2.4153846153846157
1.1692307692307693 2.5076923076923077 1.1692307692307693 2.5076923076923077 1.1692307692307693 2.5076923076923077
1.1692307692307693 2.6000000000000001 1.1692307692307693 2.6000000000000001 1.1692307692307693 2.6000000000000001
1.2307692307692308 1.3999999999999999 1.2307692307692308 1.3999999999999999 1.2307692307692308 1.3999999999999999
1.2307692307692308 1.4923076923076923 1.2307692307692308 1.4923076923076923 1.2307692307692308 1.4923076923076923
1.2307692307692308 1.5846153846153845 1.2307692307692308 1.5846153846153845 1.2307692307692308 1.5846153846153845
1.2307692307692308 1.676923076923077 1.2307692307692308 1.676923076923077 1.2307692307692308 1.676923076923077
1.2307692307692308 1.7692307692307692 1.2307692307692308 1.7692307692307692 1.2307692307692308 1.7692307692307692
1.2307692307692308 1.8615384615384616 1.2307692307692308 1.8615384615384616 1.2307692307692308 1.8615384615384616
1.2307692307692308 1.953846153846154 1.2307692307692308 1.953846153846154 1.2307692307692308 1.953846153846154
1.2307692307692308 2.046153846153846 1.2307692307692308 2.046153846153846 1.2307692307692308 2.046153846153846
1.2307692307692308 2.1384615384615384 1.2307692307692308 2.1384615384615384 1.2307692307692308 2.1384615384615384
1.2307692307692308 2.2307692307692308 1.2307692307692308 2.2307692307692308 1.2307692307692308 2.2307692307692308
1.2307692307692308 2.3230769230769233 1.2307692307692308 2.3230769230769233 1.2307692307692308 2.3230769230769233
1.2307692307692308 2.4153846153846157 1.2307692307692308 2.4153846153846157 1.2307692307692308 2.4153846153846157
1.2307692307692308 2.5076923076923077 1.2307692307692308 2.5076923076923077 1.2307692307692308 2.5076923076923077
1.2307692307692308 2.6000000000000001 1.2307692307692308 2.6000000000000001 1.2307692307692308 2.6000000000000001
1.2923076923076924 1.3999999999999999 1.2923076923076924 1.3999999999999999 1.2923076923076924 1.3999999999999999
1.2923076923076924 1.4923076923076923 1.2923076923076924 1.4923076923076923 1.2923076923076924 1.4923076923076923
1.2923076923076924 1.5846153846153845 1.2923076923076924 1.5846153846153845 1.2923076923076924 1.5846153846153845
1.2923076923076924 1.676923076923077 1.2923076923076924 1.676923076923077 1.2923076923076924 1.676923076923077
1.2923076923076924 1.7692307692307692 1.2923076923076924 1.7692307692307692 1.2923076923076924 1.7692307692307692
1.2923076923076924 1.8615384615384616 1.2923076923076924 1.8615384615384616 1.2923076923076924 1.8615384615384616
1.2923076923076924 1.953846153846154 1.2923076923076924 1.953846153846154 1.2923076923076924 1.953846153846154
1.2923076923076924 2.046153846153846 1.2923076923076924 2.046153846153846 1.2923076923076924 2.046153846153846
1.2923076923076924 2.1384615384615384 1.2923076923076924 2.1384615384615384 1.2923076923076924 2.1384615384615384
1.2923076923076924 2.2307692307692308 1.2923076923076924 2.2307692307692308 1.2923076923076924 2.2307692307692308
1.2923076923076924 2.3230769230769233 1.2923076923076924 2.3230769230769233 1.2923076923076924 2.3230769230769233
1.2923076923076924 2.4153846153846157 1.2923076923076924 2.4153846153846157 1.2923076923076924 2.4153846153846157
1.2923076923076924 2.5076923076923077 1.2923076923076924 2.5076923076923077 1.2923076923076924 2.5076923076923077
1.2923076923076924 2.6000000000000001 1.2923076923076924 2.6000000000000001 1.2923076923076924 2.6000000000000001
1.3538461538461539 1.3999999999999999 1.3538461538461539 1.3999999999999999 1.3538461538461539 1.3999999999999999
1.3538461538461539 1.4923076923076923 1.3538461538461539 1.4923076923076923 1.3538461538461539 1.4923076923076923
1.3538461538461539 1.5846153846153845 1.3538461538461539 1.5846153846153845 1.3538461538461539 1.5846153846153845
1.3538461538461539 1.676923076923077 1.3538461538461539 1.676923076923077 1.3538461538461539 1.676923076923077
1.3538461538461539 1.7692307692307692 1.3538461538461539 1.7692307692307692 1.3538461538461539 1.7692307692307692
1.3538461538461539 1.8615384615384616 1.3538461538461539 1.8615384615384616 1.3538461538461539 1.8615384615384616
1.3538461538461539 1.953846153846154 1.3538461538461539 1.953846153846154 1.3538461538461539 1.953846153846154
1.3538461538461539 2.046153846153846 1.3538461538461539 2.046153846153846 1.3538461538461539 2.046153846153846
1.3538461538461539 2.1384615384615384 1.3538461538461539 2.1384615384615384 1.3538461538461539 2.1384615384615384
1.3538461538461539 2.2307692307692308 1.3538461538461539 2.2307692307692308 1.3538461538461539 2.2307692307692308
1.3538461538461539 2.3230769230769233 1.3538461538461539 2.3230769230769233 1.3538461538461539 2.3230769230769233
1.3538461538461539 2.4153846153846157 1.3538461538461539 2.4153846153846157 1.3538461538461539 2.4153846153846157
1.3538461538461539 2.5076923076923077 1.3538461538461539 2.5076923076923077 1.3538461538461539 2.5076923076923077
1.3538461538461539 2.6000000000000001 1.3538461538461539 2.6000000000000001 1.3538461538461539 2.6000000000000001
1.4153846153846155 1.3999999999999999 1.4153846153846155 1.3999999999999999 1.4153846153846155 1.3999999999999999
1.4153846153846155 1.4923076923076923 1.4153846153846155 1.4923076923076923 1.4153846153846155 1.4923076923076923
1.4153846153846155 1.5846153846153845 1.4153846153846155 1.5846153846153845 1.4153846153846155 1.5846153846153845
1.4153846153846155 1.676923076923077 1.4153846153846155 1.676923076923077 1.4153846153846155 1.676923076923077
1.4153846153846155 1.7692307692307692 1.4153846153846155 1.7692307692307692 1.4153846153846155 1.7692307692307692
1.4153846153846155 1.8615384615384616 1.4153846153846155 1.8615384615384616 1.4153846153846155 1.8615384615384616
1.4153846153846155 1.953846153846154 1.4153846153846155 1.953846153846154 1.4153846153846155 1.953846153846154
1.4153846153846155 2.046153846153846 1.4153846153846155 2.046153846153846 1.4153846153846155 2.046153846153846
1.4153846153846155 2.1384615384615384 1.4153846153846155 2.1384615384615384 1.4153846153846155 2.1384615384615384
1.4153846153846155 2.2307692307692308 1.4153846153846155 2.2307692307692308 1.4153846153846155 2.2307692307692308
1.4153846153846155 2.3230769230769233 1.4153846153846155 2.3230769230769233 1.4153846153846155 2.3230769230769233
1.4153846153846155 2.4153846153846157 1.4153846153846155 2.4153846153846157 1.4153846153846155 2.4153846153846157
1.4153846153846155 2.5076923076923077 1.4153846153846155 2.5076923076923077 1.4153846153846155 2.5076923076923077
1.4153846153846155 2.6000000000000001 1.4153846153846155 2.6000000000000001 1.4153846153846155 2.6000000000000001
1.476923076923077 1.3999999999999999 1.476923076923077 1.3999999999999999 1.476923076923077 1.3999999999999999
1.476923076923077 1.4923076923076923 1.476923076923077 1.4923076923076923 1.476923076923077 1.4923076923076923
1.476923076923077 1.5846153846153845 1.476923076923077 1.5846153846153845 1.476923076923077 1.5846153846153845
1.476923076923077 1.676923076923077 1.476923076923077 1.676923076923077 1.476923076923077 1.676923076923077
1.476923076923077 1.7692307692307692 1.476923076923077 1.7692307692307692 1.476923076923077 1.7692307692307692
1.476923076923077 1.8615384615384616 1.476923076923077 1.8615384615384616 1.476923076923077 1.8615384615384616
1.476923076923077 1.953846153846154 1.476923076923077 1.953846153846154 1.476923076923077 1.953846153846154
1.476923076923077 2.046153846153846 1.476923076923077 2.046153846153846 1.476923076923077 2.046153846153846
1.476923076923077 2.1384615384615384 1.476923076923077 2.1384615384615384 1.476923076923077 2.1384615384615384
1.476923076923077 2.2307692307692308 1.476923076923077 2.2307692307692308 1.476923076923077 2.2307692307692308
1.476923076923077 2.3230769230769233 1.476923076923077 2.3230769230769233 1.476923076923077 2.3230769230769233
1.476923076923077 2.4153846153846157 1.476923076923077 2.4153846153846157 1.476923076923077 2.4153846153846157
1.476923076923077 2.5076923076923077 1.476923076923077 2.5076923076923077 1.476923076923077 2.5076923076923077
1.476923076923077 2.6000000000000001 1.476923076923077 2.6000000000000001 1.476923076923077 2.6000000000000001
1.5384615384615385 1.3999999999999999 1.5384615384615385 1.3999999999999999 1.5384615384615385 1.3999999999999999
1.5384615384615385 1.4923076923076923 1.5384615384615385 1.4923076923076923 1.5384615384615385 1.4923076923076923
1.5384615384615385 1.5846153846153845 1.5384615384615385 1.5846153846153845 1.5384615384615385 1.5846153846153845
1.5384615384615385 1.676923076923077 1.5384615384615385 1.676923076923077 1.5384615384615385 1.676923076923077
1.5384615384615385 1.7692307692307692 1.5384615384615385 1.7692307692307692 1.5384615384615385 1.7692307692307692
1.5384615384615385 1.8615384615384616 1.5384615384615385 1.8615384615384616 1.5384615384615385 1.8615384615384616
1.5384615384615385 1.953846153846154 1.5384615384615385 1.953846153846154 1.5384615384615385 1.953846153846154
1.5384615384615385 2.046153846153846 1.5384615384615385 2.046153846153846 1.5384615384615385 2.046153846153846
1.5384615384615385 2.1384615384615384 1.5384615384615385 2.1384615384615384 1.5384615384615385 2.1384615384615384
1.5384615384615385 2.2307692307692308 1.5384615384615385 2.2307692307692308 1.5384615384615385 2.2307692307692308
1.5384615384615385 2.3230769230769233 1.5384615384615385 2.3230769230769233 1.5384615384615385 2.3230769230769233
1.5384615384615385 2.4153846153846157 1.5384615384615385 2.4153846153846157 1.5384615384615385 2.4153846153846157
1.5384615384615385 2.5076923076923077 1.5384615384615385 2.5076923076923077 1.5384615384615385 2.5076923076923077
1.5384615384615385 2.6000000000000001 1.5384615384615385 2.6000000000000001 1.5384615384615385 2.6000000000000001
1.6000000000000001 1.3999999999999999 1.6000000000000001 1.3999999999999999 1.6000000000000001 1.3999999999999999
1.6000000000000001 1.4923076923076923 1.6000000000000001 1.4923076923076923 1.6000000000000001 1.4923076923076923
1.6000000000000001 1.5846153846153845 1.6000000000000001 1.5846153846153845 1.6000000000000001 1.5846153846153845
1.6000000000000001 1.676923076923077 1.6000000000000001 1.676923076923077 1.6000000000000001 1.676923076923077
1.6000000000000001 1.7692307692307692 1.6000000000000001 1.7692307692307692 1.6000000000000001 1.7692307692307692
1.6000000000000001 1.8615384615384616 1.6000000000000001 1.8615384615384616 1.6000000000000001 1.8615384615384616
1.6000000000000001 1.953846153846154 1.6000000000000001 1.953846153846154 1.6000000000000001 1.953846153846154
1.6000000000000001 2.046153846153846 1.6000000000000001 2.046153846153846 1.6000000000000001 2.046153846153846
1.6000000000000001 2.1384615384615384 1.6000000000000001 2.1384615384615384 1.6000000000000001 2.1384615384615384
1.6000000000000001 2.2307692307692308 1.6000000000000001 2.2307692307692308 1.6000000000000001 2.2307692307692308
1.6000000000000001 2.3230769230769233 1.6000000000000001 2.3230769230769233 1.6000000000000001 2.3230769230769233
1.6000000000000001 2.4153846153846157 1.6000000000000001 2.4153846153846157 1.6000000000000001 2.4153846153846157
1.6000000000000001 2.5076923076923077 1.6000000000000001 2.5076923076923077 1.6000000000000001 2.5076923076923077
1.6000000000000001 2.6000000000000001 1.6000000000000001 2.6000000000000001 1.6000000000000001 2.6000000000000001
0.84999999999999998 1.3999999999999999 0.84999999999999998 0.84999999999999998 1.3999999999999999 0.84999999999999998
0.84999999999999998 1.3999999999999999 1.0249999999999999 0.84999999999999998 1.3999999999999999 1.0249999999999999
0.84999999999999998 1.3999999999999999 1.2 0.84999999999999998 1.3999999999999999 1.2
0.84999999999999998 1.3999999999999999 1.375 0.84999999999999998 1.3999999999999999 1.375
0.84999999999999998 1.3999999999999999 1.55 0.84999999999999998 1.3999999999999999 1.55
0.84999999999999998 1.6749999999999998 0.84999999999999998 0.84999999999999998 1.6749999999999998 0.84999999999999998
0.84999999999999998 1.6749999999999998 1.0249999999999999 0.84999999999999998 1.6749999999999998 1.0249999999999999
0.84999999999999998 1.6749999999999998 1.2 0.84999999999999998 1.6749999999999998 1.2
0.84999999999999998 1.6749999999999998 1.375 0.84999999999999998 1.6749999999999998 1.375
0.84999999999999998 1.6749999999999998 1.55 0.84999999999999998 1.6749999999999998 1.55
0.84999999999999998 1.95 0.84999999999999998 0.84999999999999998 1.95 0.84999999999999998
0.84999999999999998 1.95 1.0249999999999999 0.84999999999999998 1.95 1.0249999999999999
0.84999999999999998 1.95 1.2 0.84999999999999998 1.95 1.2
0.84999999999999998 1.95 1.375 0.84999999999999998 1.95 1.375
0.84999999999999998 1.95 1.55 0.84999999999999998 1.95 1.55
0.84999999999999998 2.2250000000000001 0.84999999999999998 0.84999999999999998 2.2250000000000001 0.84999999999999998
0.84999999999999998 2.2250000000000001 1.0249999999999999 0.84999999999999998 2.2250000000000001 1.0249999999999999
0.84999999999999998 2.2250000000000001 1.2 0.84999999999999998 2.2250000000000001 1.2
0.84999999999999998 2.2250000000000001 1.375 0.84999999999999998 2.2250000000000001 1.375
0.84999999999999998 2.2250000000000001 1.55 0.84999999999999998 2.2250000000000001 1.55
0.84999999999999998 2.5 0.84999999999999998 0.84999999999999998 2.5 0.84999999999999998
0.84999999999999998 2.5 1.0249999999999999 0.84999999999999998 2.5 1.0249999999999999
0.84999999999999998 2.5 1.2 0.84999999999999998 2.5 1.2
0.84999999999999998 2.5 1.375 0.84999999999999998 2.5 1.375
0.84999999999999998 2.5 1.55 0.84999999999999998 2.5 1.55
1.0249999999999999 1.3999999999999999 0.84999999999999998 1.0249999999999999 1.3999999999999999 0.84999999999999998
1.0249999999999999 1.3999999999999999 1.0249999999999999 1.0249999999999999 1.3999999999999999 1.0249999999999999
1.0249999999999999 1.3999999999999999 1.2 1.0249999999999999 1.3999999999999999 1.2
1.0249999999999999 1.3999999999999999 1.375 1.0249999999999999 1.3999999999999999 1.375
1.0249999999999999 1.3999999999999999 1.55 1.0249999999999999 1.3999999999999999 1.55
1.0249999999999999 1.6749999999999998 0.84999999999999998 1.0249999999999999 1.6749999999999998 0.84999999999999998
1.0249999999999999 1.6749999999999998 1.0249999999999999 1.0249999999999999 1.6749999999999998 1.0249999999999999
1.0249999999999999 1.6749999999999998 1.2 1.0249999999999999 1.6749999999999998 1.2
1.0249999999999999 1.6749999999999998 1.375 1.0249999999999999 1.6749999999999998 1.375
1.0249999999999999 1.6749999999999998 1.55 1.0249999999999999 1.6749999999999998 1.55
1.0249999999999999 1.95 0.84999999999999998 1.0249999999999999 1.95 0.84999999999999998
1.0249999999999999 1.95 1.0249999999999999 1.0249999999999999 1.95 1.0249999999999999
1.0249999999999999 1.95 1.2 1.0249999999999999 1.95 1.2
1.0249999999999999 1.95 1.375 1.0249999999999999 1.95 1.375
1.0249999999999999 1.95 1.55 1.0249999999999999 1.95 1.55
1.0249999999999999 2.2250000000000001 0.84999999999999998 1.0249999999999999 2.2250000000000001 0.84999999999999998
1.0249999999999999 2.2250000000000001 1.0249999999999999 1.0249999999999999 2.2250000000000001 1.0249999999999999
1.0249999999999999 2.2250000000000001 1.2 1.0249999999999999 2.2250000000000001 1.2
1.0249999999999999 2.2250000000000001 1.375 1.0249999999999999 2.2250000000000001 1.375
1.0249999999999999 2.2250000000000001 1.55 1.0249999999999999 2.2250000000000001 1.55
1.0249999999999999 2.5 0.84999999999999998 1.0249999999999999 2.5 0.84999999999999998
1.0249999999999999 2.5 1.0249999999999999 1.0249999999999999 2.5 1.0249999999999999
1.0249999999999999 2.5 1.2 1.0249999999999999 2.5 1.2
1.0249999999999999 2.5 1.375 1.0249999999999999 2.5 1.375
1.0249999999999999 2.5 1.55 1.0249999999999999 2.5 1.55
1.2 1.3999999999999999 0.84999999999999998 1.2 1.3999999999999999 0.84999999999999998
1.2 1.3999999999999999 1.0249999999999999 1.2 1.3999999999999999 1.0249999999999999
1.2 1.3999999999999999 1.2 1.2 1.3999999999999999 1.2
1.2 1.3999999999999999 1.375 1.2 1.3999999999999999 1.375
1.2 1.3999999999999999 1.55 1.2 1.3999999999999999 1.55
1.2 1.6749999999999998 0.84999999999999998 1.2 1.6749999999999998 0.84999999999999998
1.2 1.6749999999999998 1.0249999999999999 1.2 1.6749999999999998 1.0249999999999999
1.2 1.6749999999999998 1.2 1.2 1.6749999999999998 1.2
1.2 1.6749999999999998 1.375 1.2 1.6749999999999998 1.375
1.2 1.6749999999999998 1.55 1.2 1.6749999999999998 1.55
1.2 1.95 0.84999999999999998 1.2 1.95 0.84999999999999998
1.2 1.95 1.0249999999999999 1.2 1.95 1.0249999999999999
1.2 1.95 1.2 1.2 1.95 1.2
1.2 1.95 1.375 1.2 1.95 1.375
1.2 1.95 1.55 1.2 1.95 1.55
1.2 2.2250000000000001 0.84999999999999998 1.2 2.2250000000000001 0.84999999999999998
1.2 2.2250000000000001 1.0249999999999999 1.2 2.2250000000000001 1.0249999999999999
1.2 2.2250000000000001 1.2 1.2 2.2250000000000001 1.2
1.2 2.2250000000000001 1.375 1.2 2.2250000000000001 1.375
1.2 2.2250000000000001 1.55 1.2 2.2250000000000001 1.55
1.2 2.5 0.84999999999999998 1.2 2.5 0.84999999999999998
1.2 2.5 1.0249999999999999 1.2 2.5 1.0249999999999999
1.2 2.5 1.2 1.2 2.5 1.2
1.2 2.5 1.375 1.2 2.5 1.375
1.2 2.5 1.55 1.2 2.5 1.55
1.375 1.3999999999999999 0.84999999999999998 1.375 1.3999999999999999 0.84999999999999998
1.375 1.3999999999999999 1.0249999999999999 1.375 1.3999999999999999 1.0249999999999999
1.375 1.3999999999999999 1.2 1.375 1.3999999999999999 1.2
1.375 1.3999999999999999 1.375 1.375 1.3999999999999999 1.375
1.375 1.3999999999999999 1.55 1.375 1.3999999999999999 1.55
1.375 1.6749999999999998 0.84999999999999998 1.375 1.6749999999999998 0.84999999999999998
1.375 1.6749999999999998 1.0249999999999999 1.375 1.6749999999999998 1.0249999999999999
1.375 1.6749999999999998 1.2 1.375 1.6749999999999998 1.2
1.375 1.6749999999999998 1.375 1.375 1.6749999999999998 1.375
1.375 1.6749999999999998 1.55 1.375 1.6749999999999998 1.55
1.375 1.95 0.84999999999999998 1.375 1.95 0.84999999999999998
1.375 1.95 1.0249999999999999 1.375 1.95 1.0249999999999999
1.375 1.95 1.2 1.375 1.95 1.2
1.375 1.95 1.375 1.375 1.95 1.375
1.375 1.95 1.55 1.375 1.95 1.55
1.375 2.2250000000000001 0.84999999999999998 1.375 2.2250000000000001 0.84999999999999998
1.375 2.2250000000000001 1.0249999999999999 1.375 2.2250000000000001 1.0249999999999999
1.375 2.2250000000000001 1.2 1.375 2.2250000000000001 1.2
1.375 2.2250000000000001 1.375 1.375 2.2250000000000001 1.375
1.375 2.2250000000000001 1.55 1.375 2.2250000000000001 1.55
1.375 2.5 0.84999999999999998 1.375 2.5 0.84999999999999998
1.375 2.5 1.0249999999999999 1.375 2.5 1.0249999999999999
1.375 2.5 1.2 1.375 2.5 1.2
1.375 2.5 1.375 1.375 2.5 1.375
1.375 2.5 1.55 1.375 2.5 1.55
1.55 1.3999999999999999 0.84999999999999998 1.55 1.3999999999999999 0.84999999999999998
1.55 1.3999999999999999 1.0249999999999999 1.55 1.3999999999999999 1.0249999999999999
1.55 1.3999999999999999 1.2 1.55 1.3999999999999999 1.2
1.55 1.3999999999999999 1.375 1.55 1.3999999999999999 1.375
1.55 1.3999999999999999 1.55 1.55 1.3999999999999999 1.55
1.55 1.6749999999999998 0.84999999999999998 1.55 1.6749999999999998 0.84999999999999998
1.55 1.6749999999999998 1.0249999999999999 1.55 1.6749999999999998 1.0249999999999999
1.55 1.6749999999999998 1.2 1.55 1.6749999999999998 1.2
1.55 1.6749999999999998 1.375 1.55 1.6749999999999998 1.375
1.55 1.6749999999999998 1.55 1.55 1.6749999999999998 1.55
1.55 1.95 0.84999999999999998 1.55 1.95 0.84999999999999998
1.55 1.95 1.0249999999999999 1.55 1.95 1.0249999999999999
1.55 1.95 1.2 1.55 1.95 1.2
1.55 1.95 1.375 1.55 1.95 1.375
1.55 1.95 1.55 1.55 1.95 1.55
1.55 2.2250000000000001 0.84999999999999998 1.55 2.2250000000000001 0.84999999999999998
1.55 2.2250000000000001 1.0249999999999999 1.55 2.2250000000000001 1.0249999999999999
1.55 2.2250000000000001 1.2 1.55 2.2250000000000001 1.2
1.55 2.2250000000000001 1.375 1.55 2.2250000000000001 1.375
1.55 2.2250000000000001 1.55 1.55 2.2250000000000001 1.55
1.55 2.5 0.84999999999999998 1.55 2.5 0.84999999999999998
1.55 2.5 1.0249999999999999 1.55 2.5 1.0249999999999999
1.55 2.5 1.2 1.55 2.5 1.2
1.55 2.5 1.375 1.55 2.5 1.375
1.55 2.5 1.55 1.55 2.5 1.55
8 1.98 1.05 1.98 1.05 1.98
14 1.98 1.05 1.98 1.05 1.98
21 1.98 1.05 1.98 1.05 1.98
1.05 8 1.05 1.98 1.05 1.98
1.05 14 1.05 1.98 1.05 1.98
1.05 21 1.05 1.98 1.05 1.98
1.05 1.98 8 1.98 1.05 1.98
1.05 1.98 14 1.98 1.05 1.98
1.05 1.98 21 1.98 1.05 1.98
1.05 1.98 1.05 8 1.05 1.98
1.05 1.98 1.05 14 1.05 1.98
1.05 1.98 1.05 21 1.05 1.98
1.05 1.98 1.05 1.98 8 1.98
1.05 1.98 1.05 1.98 14 1.98
1.05 1.98 1.05 1.98 21 1.98
1.05 1.98 1.05 1.98 1.05 8
1.05 1.98 1.05 1.98 1.05 14
1.05 1.98 1.05 1.98 1.05 21
1.0683400561679242 1.2918958492743822 2.4934136433318352 2.1906366768774364 1.4777738765047725 1.3320348196659613
1.9957718839679746 0.96683546400928333 2.1818901100365533 2.8545071631748429 1.1206142865739275 2.8722028795832957
2.168093632750931 0.73974483898528021 1.604599165419532 2.7161997983187942 2.2436337497050554 1.3161821601752803
2.3348204083251662 1.0503373888637155 0.70398642385552024 0.89973900268761886 1.3502504623867633 1.6629828842551273
1.1660525707269274 2.5394410085620174 0.98323597322373624 0.82367269044300073 0.72916187886233974 1.9964200341622829
2.6368547609350035 2.0040531042342828 2.8299709028399587 2.3119534027300501 2.6513782934832308 2.8233445039382907
1.8654650227058827 2.8441823969193925 1.7374698501970607 1.1844329562249687 1.6294467686869016 2.1625973084988255
1.3272273261676366 2.7586350170205978 1.1426854381913358 1.3495708440257996 1.1471334966073183 1.3886161998607149
0.51255583429282947 2.0715113602491968 1.2059567685627957 0.67021922371986431 2.0420724431409516 0.94081580070300852
1.260970968048974 1.6022170271902951 0.87550585265675207 1.0448221577135874 1.6858327883338613 1.6909221377029797
1.1380808845487507 1.2439131703701203 1.1976677995344165 1.1514480312282438 1.7069039819982894 1.0299475908787765
1.7390764916826016 1.1156533145768439 2.5962066311673619 0.95032647523758773 2.6553907287730913 0.94574861211296857
2.3763283298431102 2.0278010095764127 1.0228875873215184 2.3996810528099881 1.1231514238372813 0.71392932996639491
2.0451418057952271 1.8424208275808389 2.0863167780381895 0.93593527172847057 1.1204112246411311 2.2120574615984978
0.70217911562726876 2.6876840018903154 1.5717359538499796 2.0459854884934447 1.2827637604627995 0.94740713823216893
0.52428031948863152 1.0251073961211326 2.6750016969291304 2.9320745059938966 1.6044808579777561 1.4468737370231333
1.1898677031703753 2.9152602730861044 0.64550651316460994 1.5218347471546372 0.92157211132121508 1.1003601460042196
2.4500196408355297 1.0094189903890309 1.8801273869040542 1.4174853551291686 1.7682043034808921 1.3335944917407145
1.206804185269696 1.2045757532630175 0.71345323030321939 1.7045341394517131 2.7083572362863855 2.8680694150250532
0.56845930481779705 2.7943806112563916 0.80381132371352404 2.369619399464522 2.7413018551242372 0.91982449984289072
1.3286580481670285 1.4453915640395063 1.3671223941854775 1.7906392527884067 0.52248506842832598 1.5566955112059586
2.6941443237790419 0.71851288213118325 1.7102120436450923 1.7030693183513255 2.4564287257996629 2.911398937845977
2.267741104088858 1.1843418022887406 2.1752832511746454 1.3688370068705962 2.4203195901372734 2.1894285406312153
2.9438300700681488 2.6667744739865529 0.61527003661486512 1.2258092827190801 2.6559777442227004 2.0021195851019131
1.3606448962127273 0.63900644197236356 2.407181674955245 0.50379696934763696 0.73210884809784005 2.9837603995141002
2.4400326930717213 2.6706771573156192 1.6928956289668209 0.92212160105581242 1.8349433028629141 1.5645796920663813
0.90757399151295559 0.91469392800178639 1.1453754208145543 2.8577289246644213 2.9670173546190535 2.2591660371512892
2.3078935334273809 2.3312445181054198 1.7934887962863881 0.94356577063841884 2.6941155173189233 2.7009758893739728
2.2738363819739549 2.833572017892716 2.9499954009985592 1.7586894553302841 2.3939237673962359 2.0415463085976278
0.7872226705263109 1.2899712003090764 0.66933474382474389 2.7171779452780669 0.55517599718729782 1.8432167585110133
0.94403026622682606 0.86748727341164167 0.91461120016212438 2.6923849472722519 1.7361753139476455 1.3522512383353487
2.9980245647043482 1.8649372393789969 1.2583278140134442 1.4266292520991324 2.2396671951332059 0.80061642159684454
2.395552970421913 2.7094190171222934 1.6878278619425942 1.5932617624155805 0.85778693317216081 1.5568556460244662
2.4110292359479111 1.5349582285897585 2.0498274216001278 0.60944870300529908 1.0493134343928163 1.009571785781233
2.9529337573770085 0.61137470474776845 1.0382962414990606 0.57849808488033905 2.0988381292283109 2.1329260544959023
1.3638037537581944 0.59088631183275964 1.5875261107109147 0.92832158441657497 1.5668105887878894 1.432025631549692
1.0527158411817856 2.6041023624714756 2.2315376238890785 1.6766129828069234 1.4992132827555507 0.77259971648258974
2.0075963793565492 1.7603798725764892 2.7634526648151212 2.9222747968951928 2.5239882276525658 2.6667406556604658
1.7394743158310604 1.4344555150784675 1.6974754844068813 1.8281064380755805 2.544241986268716 0.87751590314601491
2.0013972374579003 2.7649744574127464 1.0561600459308391 1.2196581354929958 2.6055365004384994 2.1296697342332647
2.9136623559830266 2.1052093383784602 2.8733322313931904 2.5671209630976808 2.1866699623340899 0.9749693715021247
1.0338329665279415 2.6575742797852171 1.3348098306320488 2.216089456316805 1.5884392971624108 1.6483718990580551
0.52643760007564444 2.5558061121078874 1.2786236605327161 1.3428336270037198 0.67900475311066555 2.0615676912514576
2.4465303760968191 1.7776031557106111 1.6942747077051581 2.4302678140766112 0.74180751672864154 1.8522958447250566
2.3722091430247287 1.4157692713513752 2.6903261908113163 1.6420379439598349 0.78974098590236941 2.9422257847264524
1.6397518322263309 2.3819728214885689 0.69563301451420578 2.5221011093861123 0.88000080969459149 0.81239071260414009
1.1910907561674506 1.5617684788483839 1.7132141957198359 1.5707313189238628 0.58634881668516869 1.9925781509788949
2.3548981863159799 2.9468846994711275 1.8853998703144366 2.8296711796210969 2.8799152720219801 1.0309883701569129
0.66594979682682109 0.92415474304755207 2.3610835546976143 1.1524227552123234 0.78059575202504039 2.8584688870089781
2.2089734805486785 2.8954493223034108 1.323774436888689 0.98064571727658678 0.84197192115987707 2.8584442408758957
0.91041297864952497 2.5058803760444786 1.0292077244916114 2.6572983481251438 0.64168644322815638 1.4535435250370576
1.5048274875985683 2.9406052911715905 2.744318328685321 1.4611295818240706 1.5617070831962336 2.2878635342022999
2.100285942553402 2.7353812700486628 2.2179844335444319 1.7882796783169779 2.7517106250357739 1.3274807444593009
1.4186162162120213 1.3785812051378117 1.7237797506535584 0.58682356655203394 1.6322668885418952 1.2915439223645864
1.1079626016520692 1.118567352942518 2.4938603527350276 1.4639776629105703 2.951859642303035 1.5318796287444623
2.2442684124658845 1.263431699196377 2.5662397505001664 1.0326748263036678 1.1879676595014304 1.2312958737517046
0.82339031630832937 2.376488804328782 1.5787893751370328 0.8148630212328174 1.8405341815608836 1.7208055540142242
1.7631265625635106 2.281249029209226 0.66632909869679746 1.7298550581248113 0.62901117129057971 2.9402298307226205
2.1497481044411577 0.92296318003405142 2.798908573738375 0.93747241578172613 1.3864721161180849 0.61871996911587801
1.4281611486132946 2.3285224034706182 0.80467543081208637 2.4424614234518227 1.5677054853282464 2.5058197816761383
0.93481848150424218 2.7558668530362773 2.3181557711524876 0.62055301059994084 1.6981211144824151 0.66382766442206931
2.3061493887019182 1.4081540834555875 2.4353845108400085 2.7063357489570059 0.94091224360832515 2.5259385545745214
1.4644065858778936 1.4556999376399835 2.1358099695049786 2.9353170454233668 2.2062196732738397 1.0526619075494208
0.50109271705953484 0.77848442932381179 1.2367220888796577 0.67232603444118089 0.6657685132997786 2.8658555812436677
0.87917718012289436 1.3348099035523764 2.9145677956534501 1.8342432940240156 2.2317095741607114 1.2189917139330788
2.1651503105337691 0.90764051063038487 1.3652232271589744 2.7665290808889296 2.3238802798352913 1.6555581413950942
1.6447241751242887 2.3557239391160114 1.4946301990192699 1.5812517168756197 1.9192761450181193 1.8993724919950692
1.6510946168254719 2.0112394953761754 0.87466385447320949 2.3472665906671009 0.9063857378174085 2.5214851151154916
1.9317620708915344 2.8395499069534824 1.543390389355658 2.1459255955211645 0.6836501334044649 1.2585757205793506
0.90552847745380927 2.171220312974202 0.80273686028497504 1.7462224190138125 1.1316804018863698 0.91958958398011759
2.5333677071077432 1.1095561068441191 0.69968078732991723 1.4810544991147792 1.0267939497871235 2.2850469603802308
2.0467462983165055 2.8723519604049841 2.6283557075383484 1.2652602654004992 2.6524542341391562 1.1324734478760239
2.6336273094802549 0.86250335301081038 2.8215653244988852 1.9111176744017164 1.6436507824153428 1.5073654342394414
1.443680456439687 0.89307911056028511 2.0780124701532436 1.3896382880089249 2.701087977919038 0.80916683150581714
1.6699533915196689 1.9633873357914635 2.3224320890772145 2.1380484514705009 1.5663305113781663 2.3288479164776916
2.2749865353211769 1.4539431535956135 1.5700364841913692 1.3862630957898534 2.4438311134806101 0.85745045052413693
2.5387961564582731 1.9703124260011735 1.427865889520318 2.856029354597116 2.8945293214800563 2.9215129121394914
0.75225440528151732 1.7264037288418819 2.8021051191233317 0.52216603176766507 1.2499039911169703 1.6487646235039843
1.1951117563362965 1.9287940974338864 1.8405217642175211 2.6102653954576795 1.0988179718999322 2.3901966512635884
1.733774856719283 2.9131783412240573 2.6457228685803624 0.55140485447564958 1.4989026760246977 1.1376242710364266
1.7201143747462317 2.9905272134730954 1.9480961385353437 0.67255322335410805 2.3684361037049229 1.002105424818202
1.6568855484618563 2.0898536345218162 2.7819885919842777 1.3532038810192084 2.1626080131363743 0.58830541866434505
0.6560641711626054 1.5635374642008941 1.9745425613775298 1.208436119185945 2.3566525435354286 1.3022099794627828
1.1755245848241995 2.23979289182201 2.2715308999078223 2.9404649307875816 0.831861975466064 0.74089397671046431
2.5793376581104961 1.1906359333921885 2.765522537463116 1.9290053591766627 2.0042990340960678 0.51176453331520499
1.9159537520176051 2.6762475051594161 2.9845447170831001 1.4515005133089314 0.91992074894462994 2.7595279618114836
1.53594685498553 1.6306987671426516 1.6729154292997728 1.8685886478570239 0.65159649468622383 0.53805686943836184
2.4177224959984693 2.0815805657833835 1.4853930367203683 2.1363332954610108 2.2819864256879563 1.2278220286819235
1.4799384966024949 1.1185195376809554 0.84529988628502406 1.9795077953485261 2.3441333857152094 2.0196321358271616
1.1385114667038296 2.103535098932714 1.5276446358956366 1.6163556083143924 0.53260564698039037 2.4475899616203671
2.7435162615412403 1.2290086385367216 1.4046438996633746 1.7287259917906006 1.4944765309528572 1.4235310471962421
2.3649154970497301 2.1339104276823058 1.3021325287962509 2.0864286451934193 2.2088083832010259 1.6001816103207753
1.1518928897072918 2.6572627534192814 0.51435703236618402 2.2982560909264262 2.5224202445169546 1.0273681943104855
1.9250026004711853 2.9552245912697495 1.2539650806303606 2.0379517512027707 1.5342858816348905 1.6025521060337795
2.3817791380929192 1.8628772922377916 1.1936297756158938 2.3535453380028892 1.8981316866202627 1.2698181136586755
1.9926676888417685 2.3555912717633185 0.66003245072774197 0.91359549859077527 1.3816172658024681 1.123120429497765
1.9159467286594318 0.62268155228165878 2.7940402889118636 2.3385583988218688 1.5489468300872595 0.87977215128804387
0.65684557036989144 2.3480030931478861 1.9162622185705871 1.5376424060400136 1.2847982099280901 0.6354252601704089
2.3960390016583437 1.0270356970358823 1.169270012088049 1.0821987771704549 1.9159351523011885 1.2259234180230021
0.77184594764004499 2.6818614697540242 0.93326888062586388 1.0399757208180165 2.3510928586049955 1.647943854935386
2.8368410189206625 2.736834242838698 1.902072527503204 0.90972459014319429 1.2695181937732001 2.1592972054880359
1.2430634964399527 1.7821097414156746 0.80569405483811984 1.9027902425177361 2.854494233038178 2.0561258011760293
1.2176668652668661 0.78935610568892378 1.9952325593713114 1.8789489366261636 2.3881650740105602 0.50465092173873249
0.88003623600565473 2.0375119394682097 1.9362716688944204 2.2562824152411989 2.7348482618254315 2.4200747541247436
2.0266208969676835 2.9853362221499102 1.3418938041086264 1.1021699592369054 1.1714555908676212 2.0706657583617463
0.79877668746417174 1.5197562029536131 1.3608045855172255 0.79811835688886101 2.5725973324379927 2.5847060019162353
1.1284889890016738 0.72284975111282745 2.0680682359366727 1.0099979854976453 1.9587717847634785 1.4767181299176935
2.6517223262670147 1.279382890990306 1.7994581872188053 0.70519668159788207 1.4111231974350993 2.7572103427202901
0.86341732439926533 2.3821577618366421 1.6259093201269361 1.9108255036144015 2.7362891228925021 2.7531322434117667
1.5896090108164747 2.9844920836985525 1.2111102797618316 1.0571315581476797 2.0405383551657419 1.9760299964741717
1.8017148948401496 1.267662307464865 1.5834225601097214 1.8661165434712041 0.56646719449220551 0.66240972402757037
0.59650578819106137 2.5973839276798136 2.0497624896089341 1.2832160008862892 1.9361846084085961 2.6931833019774643
0.74901731433049468 0.99075932911352149 1.3245599118189408 1.6454555466258729 1.3951102750328774 2.6211171126596846
1.863784863255417 0.69107220016895998 1.1575338216026627 1.7679913494963266 2.3974208244402693 2.071823921781371
2.9903887852377249 1.3062441520507788 2.0497846188610125 2.8980759817799511 1.6189751073930929 0.90266881092773932
1.0744453760791166 1.5070399130997496 0.81180413098499082 1.6878793052981185 2.9250457498704785 2.6955476461466317
1.9905659409304095 2.8424535533330184 2.0714338109502286 0.70172491609023036 2.1362565096634705 1.970934682178449
2.1139215275499703 1.1485415962835142 2.3318533340534731 1.834213481530018 2.9175527163073705 0.82111209967185528
1.8137178652003474 2.6321566964486545 0.91792740892599789 2.4298509579208112 2.8364094838218401 2.3448693205723528
2.1331720479263545 1.0408667021518445 2.8208579620353271 0.70584867290297404 1.4143451688618218 0.63935434368698207
1.6680026484097048 2.3421244503121637 1.7547123060930359 1.0849468299067491 2.0772824588692993 2.3460944342862216
1.1341089349863116 1.3206367458512025 1.0158655200003595 1.633352308788502 0.64718051173794344 1.5418914062805531
0.7112462815086058 1.1514016108083645 2.9776931398471338 0.67334723587426271 1.2377340696417234 1.4510922283032721
2.5764662652449735 0.78380657787423158 2.8195215211783573 2.3044123852432725 2.7465128987094425 2.5490920104644115
1.9692512521655245 0.63256564210650468 2.7587737895572606 1.9583175448475614 0.92366284906497242 2.8823259223567117
0.9097132162060404 0.98880357738578661 2.0134629296903341 2.3444275478594507 0.83007422452037338 1.4851785256948218
1.6217267343034272 1.6442503813094616 1.6975973609001869 1.6297215248112047 0.5437462247546252 2.8369092576261945
1.9436382237165062 2.2651918299385545 2.1570030871673649 2.8919634478518299 1.8842310999177745 1.3815961741386609
2.382094036335956 0.95498098492522732 1.9857873922306941 2.3468165400521848 1.9233249975966684 2.6027686389813551
0.8584948986884009 2.5362474781971791 2.8564777205823795 2.6243100865981694 1.4514890349179075 0.8825884221169229
1.9910276977197405 1.1497029989845085 2.2532950623326515 1.2890892157886806 2.2982432006524438 1.4758999655285532
1.6889758075048051 2.7768740547069415 1.4952426686488234 0.63170360568324413 2.9048339370800074 0.91267978145006268
1.2294512796511068 2.4127151087321188 0.50128109402969367 2.3949967565371884 1.7300625863266115 2.1736025319763002
1.3406490945967546 1.2580307771356449 2.8881181759683607 2.7360114376394198 2.0973040537739847 1.371782657267637
0.74992556219767459 0.665686014182021 1.1842764990772894 2.3372387709993139 1.1459351870667573 1.1454032030429588
1.818902845655747 2.4230010612043307 2.9538346256895469 2.9007914650884503 1.9248298950510754 2.1147489414123659
1.3339699432478946 0.87259646467194618 2.0728192357174393 0.88404649062416829 2.7252451760236704 0.86892720380865274
2.1699040716837628 0.63492087332977576 2.2180923540436508 0.99375167602584979 2.1379496318926265 2.5994027228450025
0.56450634095206098 1.3666644908495789 0.82649434305187097 1.1742554317316416 1.3740959324244786 2.9275892976419149
1.4110326327959184 2.2262248753484553 1.1768066368980015 1.118536917332698 1.4818436075849621 2.0376368807357323
1.9739393681032442 1.4999691766783405 0.95550052519834217 2.5820333400664026 1.8956528030102791 1.9842072083048277
2.3219819898200065 1.0288769741685819 2.8776036100177862 2.4783381378978762 2.4888066511211173 2.3697778635459628
1.0123805283819851 2.1296756934289567 1.1087459906966401 1.8229358735619732 2.7278595839996509 1.8345425853505417
0.66554422273654779 2.3615200055300871 2.9368410114697623 2.4525384437111617 2.1614608097920902 0.68944299870369108
1.2131420385739839 0.62443338627211675 1.5214368111169791 2.0913808919590187 2.5514038095983764 1.4496084667795746
1.4308560346983439 0.99070138820543452 0.62767362759960821 2.2263343134006646 1.5923627271023895 1.9418278445091761
2.2521301911173648 1.5001746277839012 2.6246243957797577 1.7016981470838637 1.8479940540955733 2.5392636558428814
1.2485911818161992 2.329542471129479 1.1783793574921719 2.4032569886534416 2.032346917114495 2.8906846806829547
1.6845874378015226 2.3182022647953842 0.66084869769705556 2.2893445380717137 1.8530443540123349 1.077082109090941
2.5038281410631908 0.99271600972140694 1.7608444992121477 2.1114803538193465 0.72195759609319798 1.9172360940125932
0.78561157107322788 2.7799319851194517 1.0604890757194143 1.9351863130034053 2.8458096696088839 1.6139836342611873
0.52779654611750249 1.4539899609448363 1.9840632190451979 1.8530881017884289 2.9068836217798442 0.73608860569786594
0.78666739727812285 1.4509768014822908 1.5904122227389477 2.5407911259179885 0.93548574661503081 0.55725214105833487
2.2518106331154799 1.6159488105519009 0.60217395270671981 2.8248732377828127 0.61349016577948312 1.6933505822558428
1.4024119162097208 2.8860747220321255 1.5549462325050292 1.0265113701229853 2.6511954596404186 1.8047660203158644
0.89862757970930862 0.84013991431379731 2.0009657415606448 0.65174134933349825 1.3655340468176651 2.2047107424110979
2.2893763609166826 2.1450931063279701 0.85096353035739491 0.54805054560623856 2.1206547223365453 1.4487787937965435
1.8788218737002942 0.8187473687549619 0.85288928030896982 0.91223453404308052 2.2807879303919192 1.0147018012301687
1.0296292184067055 2.5423310563812738 1.4332879929015894 2.5245895177762048 1.7542074709484619 1.9410688580479003
1.3932165180789233 1.6750717898110785 1.5088576137576992 1.8610506694343594 2.7304863726991049 2.0494835814887993
1.9521560161678626 2.0739700607198808 0.54187078364601837 1.0763216291458644 1.5363247576235719 2.9411593368948976
2.3539286887729434 2.7790502267460759 1.8924293786517918 2.6732937132268884 1.6631276805906219 2.766325651921905
2.9801371646600039 2.1623995442888546 1.7027716075139754 2.2776489430348832 2.8778113225278501 1.6592057441930501
2.2254567429075349 0.61850235978063761 1.9548370450803603 1.2598861765305365 2.4154181226984046 1.2300152925642363
2.0040326586466062 1.7456791310222257 2.993474736011311 2.67863574144517 0.71967921556947578 2.7830472641947299
2.4158699118071727 0.77852862825923141 2.3687520754472127 2.8000353974371159 1.2504726551770282 1.8890369650553107
0.88181074703732887 1.4216956438897708 1.7321917625890675 1.5808083810128504 0.97251142659469225 2.9551355747766817
0.54638290498044007 0.94102744382430559 1.247603440076875 1.1214938118243567 0.65062851978936587 1.5069579552572487
1.0992783987262422 1.3321642998819732 0.76876762834485646 2.6618272572737034 2.4651045830200715 0.5369300949554221
0.57936477776498418 2.1655007142785885 1.1761976958174942 1.3886916859071612 1.7128378686474697 2.862763740830693
0.80078249996744244 1.3980838089039693 2.4062015238820842 1.9724511264878939 1.4146105713033172 1.7767794279591209
0.58868029003707445 1.3718213703552147 2.2348500214188975 0.54313906531677092 1.7185248138579949 0.93454042906543422
0.97204841342876414 1.2537479979947628 1.037893987216205 0.78206658970663878 1.2108394249596035 2.4113559865352565
1.9583263219651226 2.4328590478597167 2.5945825011642265 2.2894528446670792 1.0110649888919183 1.4556666050491904
1.2456056252042667 2.3767738945338932 2.0427000461426061 2.0755055379542595 2.672323335479466 1.0942243110870014
1.1768299434224598 2.138987184363029 2.6231411748195712 0.52776592962776303 2.7803621337409656 1.1688443429120929
1.3107077854505338 2.1040746558396739 2.7896918785486466 0.66491245118692488 1.6705948603802654 2.5273819822878782
1.7404920681440688 2.0034638831205127 2.2873542556897331 2.0699635593924501 0.53580709007767302 2.7228694587265871
1.1123676325179699 1.5701715150096536 2.6104762225080598 1.375501542016571 1.5928875910141687 2.0162593574697496
1.375873681350348 1.1954492963518013 1.8034191506341386 0.94710036949738574 1.4887314770364672 1.0323022299770241
0.80883767662238271 2.9265828259355349 2.5589591758024612 2.8963541056946887 1.5433757299147641 1.1512561753930743
2.7499068887109619 1.1383920185676171 1.5728298047352425 2.0525721523302565 1.0301518819786397 1.7141388133729984
2.4774988462092598 1.999556960056561 1.3336134980030376 0.85774953315972891 1.6185234203473771 1.6642973017087401
1.1933125155791251 1.4727002709491628 1.449157551074078 0.77458065922252284 2.7620190991749878 2.4910041190978989
2.0136774580949508 1.1399177577758701 1.887963312242779 1.4158557001320773 1.0295132542155556 1.2006995398724616
1.9445464350014923 1.2488647426563175 2.0980786679038741 2.6485316103595711 2.347901835851693 2.7123247465079294
2.7068155497923008 2.3815989985810417 1.7157676341418819 1.045448304743045 0.63670355041894733 1.4606783231415019
0.79329786288429638 0.79196314055508044 1.2444354601094216 1.3537622116632968 2.941607053914749 0.85191431244657934
2.055382936966323 0.57653903983884636 2.6097944374831661 0.77315970455408956 1.471926582275751 1.7292452291730682
2.4792590264749093 1.6968617024985542 1.1890643746153771 2.4924926201065256 1.0013038219201711 2.9135054459245202
2.1202189260826279 0.56158250565819423 2.8963987373514706 2.6579024344199342 1.0067318943219288 2.9520437906087436
1.5507804084491388 2.9444583661976758 1.7890602333809755 1.5159858635353636 1.4267439045596717 2.3576559676905688
2.4240786456337942 2.547054013664523 2.4271311772278228 0.86768649883428783 0.62961719852721076 1.2531007398325462
1.3266288533286283 1.4696084122659867 1.9234172522470823 1.1842389278568071 2.9392926169291234 1.4440591819177984
1.0403208707645595 1.4990638635663385 1.6200086546007424 1.8723773709074281 0.969330598499208 1.6173100051321925
2.8502305294890919 0.8289320069333137 2.501561689125841 1.1085485301929305 1.3220343212323655 2.7257022793510521
1.6549075421866868 2.8175570808212465 0.53427486517199907 1.8814855435383444 0.6861800670517797 1.7629068185938717
2.392363931374712 0.85710931268544466 1.0524902012846513 2.6014137125063543 2.3787555050505897 1.927037205748104
1.9723079512175354 0.99060226909642346 1.7900245425826813 2.7464782402686945 1.5815847810262305 0.67753578613444532
2.85176904818531 2.4529411892863018 0.68558402377081529 1.5467734504044779 0.88091744376769676 2.7100335453048419
2.1362143788439862 2.8242959034144635 1.6744005670701321 2.9754237885821686 0.69029790111169542 1.0821678543312745
2.5203149151426572 1.9769741927586588 2.8018100787004094 1.433671969796618 0.50575273135342558 1.6706898210687278
0.84545385701837183 0.89392287994153452 1.0361661607112693 1.0058249309873795 1.554199514440415 1.9104888311778574
2.566460267222324 0.57098186515522076 0.65475856171442226 1.3611082725965911 1.5522641985625949 0.7457941806402455
2.4217801317062539 1.1363059233596253 2.969322815819627 2.1320644880029649 0.66907850895021359 2.7677980144905083
1.6289839326769724 2.5084058533944753 2.3058868065294265 1.2211321303619378 1.7344123911873783 0.62452093952643595
0.59935619427640963 1.3435532313642113 2.7938329115605613 2.3377746554156582 2.4115825491246419 1.5547304473289341
2.8931253874374976 1.9158971588069291 2.0123831160741918 2.7362235173731828 1.0859720021191457 1.054484054460338
1.8693426375107178 1.860556649696725 2.0841417848533044 0.75352377544893612 1.2026643328536417 1.144043749864599
1.7213719132267835 1.9715784720252185 1.5781190828946943 2.7183826710842602 1.5287408847986752 1.840906576586574
0.80444639112304772 1.7521327702739034 2.8796716334366601 2.7313103538354078 0.5313093602059491 2.9581384958472658
1.893874032870235 2.5421171099772759 1.0792409222453598 0.66376091979812579 2.7234751544589306 1.7224165075578617
1.1554925869271115 1.1549173342138979 1.4543977631615532 1.0519724607746141 1.1193041073904859 2.0124115273131391
2.8084065269043998 2.1138992559842551 1.8377525792322655 0.90253056056500591 0.51574752907356669 2.6373029365881893
2.6445855269310772 2.6808804042224779 0.9374606945490187 0.56563379541851022 1.6941734793090508 1.6311881244346487
1.7807048233159826 2.2925754174431874 2.6595318993841977 1.7320360223588211 2.4396116998286885 0.51403877528630892
1.0306097415258244 1.1166239036668024 1.4740074616953307 2.6537667239485403 0.93542548059435415 2.5879226305246852
0.89691987221979952 0.89236086549521731 1.4043607155617386 1.691170047993926 2.6479962633292007 1.9758023193001586
1.2242476151844499 0.88092354985688803 1.928551486490153 2.4240261916707952 1.6048743855276979 1.0652500102486557
1.2561100525459008 1.6266430703074357 2.6829208858110842 2.774126221404452 0.76364871168638637 0.67923667861548864
1.2136482225843779 0.50424345790902803 1.8106093459932502 2.892880346274127 2.4137041486372448 1.2795208222933638
0.54828823557738671 2.1195589586859631 2.3430750548170005 2.6639427973400132 2.6513802941127871 2.3351116616766512
1.8793551467699496 1.4539704451327338 1.3223125808690965 2.4735012152108524 2.0002449833298042 2.7937794281210944
2.4130160891922752 1.0890379860517636 0.79757544389619506 0.52213152648772221 0.69259495065512111 1.4079287477859401
2.8117712029564492 1.3119272505899788 0.57612980307198758 2.6180517404144297 1.630237751330438 1.8316308025692969
2.0977243495117071 0.74899577030851305 1.7993418312413361 1.2215144626346051 1.1118835092963892 0.56746846058133604
1.7091431473139331 0.61360738033136364 0.71778534651472392 1.9918039992842069 2.0699764467484263 2.6557614751708187
2.7903831044202931 1.7340337404856105 2.5582804311219416 0.94793183729818753 1.8505099554373583 2.8161047155621435
0.66142993593840438 2.4729257005453906 0.90185606802042839 0.60731944543171035 1.8408031498931492 2.6820181762053732
1.3328477225525046 1.0701106948821868 1.281381981573753 1.0679495710247817 1.7957842169801073 0.76541535272117722
0.94561363697594114 2.4462571306085441 1.0520288770261685 2.1801864124306443 1.6196809083998684 0.7763041853419288
1.4087044164849982 1.0438137257524294 2.4279991816211548 2.7426024875018098 2.2197942065810783 1.7416226266478327
2.9322488879005628 0.98329106194030769 0.70214517487588624 1.0321903122560598 1.7172415527990683 2.3593814546286795
0.7402278451427925 2.8552484271317216 1.7466402266296961 2.5163542139194228 2.2471690627332244 0.72597299735057108
2.5651984265438132 1.34585113594427 1.8663580438121667 2.0575015072969407 1.3644609475015459 1.1346441338257438
1.5254466781030069 2.3296942076058409 2.1320947998837716 1.7244631476294678 2.5372516827094569 0.98218602160116286
2.7241582751521918 1.4905197392648386 0.55377696688283273 1.8373017195054677 1.6821593592595536 1.1812343209321559
1.8371237094770285 2.2495889536741722 2.8389402134312447 0.58890165018598983 1.9528758983652514 2.9082802721192564
1.367125537035822 2.7821501035837208 1.3409067677474382 2.3439815214781374 1.5250467094785862 2.0890645108149064
2.1747366966627424 0.8603464775996279 0.95747577448108034 1.7876798678419248 0.89806037830583207 2.5728979601127002
2.1102781096154297 0.70056672965374944 2.6638793119583264 2.4998969752744915 2.6493291610077492 0.51514145119461852
0.74095915430906056 0.87961115916329446 0.71679228164167674 2.1188298611704579 2.9040350232943717 2.3204398822982641
0.65522016304805741 2.7433090957877395 1.356312474211367 1.6608945934373451 2.2949503406608782 1.9720650342587938
2.6762361262537482 0.99147992284250486 1.0667489226545701 0.84003511527856911 1.1330367697500592 1.7923450991922991
0.78165889770732477 2.6976353769983121 2.526680624008895 2.4137397528451556 2.8916914218432166 1.9027133668850431
2.2320041779714441 1.2044382912718223 2.7931231962023664 2.6188832522787502 2.1052582129899182 0.98251393394835396
1.9531294437021203 1.4052960313748104 1.0020290100579747 1.6959663415905308 2.0669811687194901 2.6892855461824934
1.4591764507614784 0.99272505898374486 1.2633457611917005 1.9324833051727075 2.0706274747498736 1.3358262481772869
2.6017666399926176 1.5579963241439367 1.8979288119761595 2.5074732116065968 2.7106945238114135 1.6810272210049113
0.57930862183755627 2.3886142087941256 0.90378268567355269 1.9533510867836605 2.7367308518936402 2.0218695285946593
2.6587042462996466 1.5608132064260793 0.77696024824142795 1.568666582125716 2.5787862690366019 1.1415798877510239
2.8948057063370412 0.86846468649841624 2.2430197152317324 2.4963476921275731 1.0992012321173723 2.3591340529413571
2.7899770087518698 1.3255716420120429 1.1538141054210667 1.2777704602424915 1.7661036963604109 2.7157638214123683
1.3343865036513707 2.8925655082743367 2.4379513463025466 1.9235829154791708 2.2058650893003207 2.9112944751818173
0.82029742163948161 1.7226257669345542 1.3084771555866133 2.8230249091137836 1.7823251396870072 1.3486696666816165
0.76099282371148058 2.7029600880319071 0.815314303028425 1.8123049532174562 2.5554559879251926 2.1731426556512128
2.5804711730851921 1.9631140451118165 2.3578146119382613 1.9511596580363748 1.6754202215818967 2.4646569393612263
1.3048314669687948 0.94430536791504904 0.7913492032222148 0.73261853445725422 2.2567895837778735 1.170619708366484
2.7791989291167227 0.88247481556560414 1.7630481049401792 2.5039388302895893 2.2776317944416644 0.55686575518157377
2.3942850908089532 2.8835435013475696 1.0787457845182806 2.5791804628334276 1.9243186096597462 1.0786607118844933
2.9455010702658107 2.7902057996679512 2.4943626977794979 0.50556103789987361 2.1651038796480253 1.6143268946844338
1.1644172453012918 2.6304134833202388 0.92321664379960322 0.80872978930656125 2.0057308845275417 2.0834308746723398
2.4502174937084398 1.2281445398192454 2.1523439822025492 2.3329752494601355 2.9122731015586458 2.9825391244309944
2.3873110201646579 1.2243974128249886 1.6016792146863461 1.1529026171074224 1.4481449898793184 0.89118925582001007
2.2530630848707718 0.89140635535615365 2.4488683547436647 1.5339461830660344 1.6148460700272167 2.8981729191971097
2.2546187644025419 0.61831720554898673 2.5749391485958606 1.9801701175641031 2.4883464507794262 1.794393326895162
1.8828836534964541 2.4275946287341377 2.0086816041805085 0.84391657248310281 2.4612527652991365 1.3143506297778682
1.0149407829683652 1.9096302703467383 1.253460335789857 2.5282588607078047 2.4510139098477213 2.9046492681356799
0.73214733441513202 2.3001076761827361 1.3104942823759576 2.7230260252969156 0.5959096912582289 1.4150341102281356
1.511291224548307 2.2726711593221429 0.92152828369420381 2.385470915702399 0.71855477612412555 1.8567654813226881
2.6695083342589521 1.9940779982015857 2.1374768423896922 2.3432055872145297 1.2687611285982969 1.5395933703139209
1.9439913793376884 1.4178016269743814 1.2827408976097332 2.9553040548738476 0.50470986420460529 1.1938721992399755
0.88554515524921928 1.5459032279878882 2.6959552778438787 2.0763408107839458 2.8394039337967421 0.72880206761745014
2.9632217770537737 2.588613093160578 2.7142128636808351 1.6299667557358726 0.7551508193502916 2.3104672721616035
0.74978879445780755 2.9778565079142783 0.86869857532763151 1.6983341793346771 1.636059139404217 0.84786864286519614
0.8736793352034018 1.5987025594797204 1.3235175815856306 1.8469524969760169 1.937235312288685 2.3286531703327453
2.0418277610398032 1.6592869081275894 1.8984181091415084 2.188737303305798 1.1463221178022824 2.3346102584880501
2.1896694091774007 2.1288824005503226 1.1673668713180134 1.2656718861232719 2.1700126722007331 0.63745839896470047
1.3263987498274681 1.4575138374506478 0.81641823166049521 2.0794440791742543 2.9646973684547149 2.8081714805518478
0.66856858002129016 1.8341935837494201 1.3512020842797716 2.9532858285206021 2.1159615469608908 2.507806047753387
0.57316728410273732 1.9093581181694219 1.0838193869197126 1.4744493236344782 1.7072324824142271 2.166946027632187
1.4775083195442402 2.5688624396906437 1.4027479076624556 1.1176404915778158 1.7207279087497902 2.7083171885128028
2.9291461738160618 0.79174300195236369 0.9093304296020106 0.68918914472366799 0.86955950149428041 2.7208670357527924
2.288240722708323 2.4656117989509134 2.4089993623520782 1.3171133845439436 1.5028636768031542 1.3683162348860041
1.8044151754309516 0.70284012411792696 1.8084582321052665 1.6048971348039203 1.935970784850271 2.8032087101443239
2.8453030737179485 1.5239530682732332 0.73723825490769657 2.931656065841044 0.90852703244912725 2.7786592033781701
0.79556925444176119 1.6204209556184697 1.2298154452895478 1.1594415751377671 1.7856470378674654 1.810900178609598
2.4563452319370285 1.8312377726423905 2.9062813810374464 2.1805019634663934 1.8662854200166201 2.5975977549313001
2.8752066357861685 0.99477548788781689 2.8223642822178765 2.7408839455334864 1.9885021054929815 1.8393687654481232
1.6616834534535159 2.3215442620714306 1.9887609369874673 1.9190548248721528 2.7463141215849527 2.7377341590335389
2.9912810329292583 1.5479017128961061 2.2776036592254831 0.71630405415143272 2.9825123252274501 1.7644584849179972
1.3920976976585382 2.2399908743824755 1.5680956445191865 1.9092313769850848 1.8030248161297591 2.3507727091622428
1.6189186414548824 0.62886403902771626 2.8014825309913349 2.678245719502943 1.4789281537297436 2.1557530932923821
2.1905345235797697 2.1251892966892161 2.3522999912025782 0.8134650063512614 1.1888182057318215 2.0475377940185924
2.5931388625452301 2.2580316240322356 0.94824245714411326 1.1008016072087257 2.1510791872921291 2.5853277528951693
1.898624845340616 1.5962567735412441 0.91387952433936726 0.75292953251553452 1.2710212093727744 2.2808870427959547
0.92288776586530163 1.5758005401193866 2.9088994407720494 2.5444003537571951 2.7384302294719656 1.971119968305707
2.4344471603216036 1.7622789639342651 1.4921177289500438 2.418600299299233 1.8915801498748328 1.3151574959837447
2.0752904594906267 2.9069094237356241 0.68737797849777249 1.4539117799093071 2.0099041284111507 2.7807684248245828
1.4998341962287549 0.98439916687098772 0.93301971180121934 1.6695524377727229 1.358543747939928 0.62639178499205261
1.1261983876521469 2.902456374219307 1.5349502393881873 1.5495414565860135 1.0638711402847818 1.4690718497008113
1.8952535516350135 0.9637968272407178 1.9724863069923404 2.6053471102536121 1.6100238427867164 0.99902927737050873
1.3616832730332398 2.8988507892848205 1.9968970310502074 2.5822515009211493 2.6998533218258656 1.9001128150700557
2.1765767687378119 1.5138229396608271 1.3711780079065481 1.6927113294987599 1.478538242030168 1.8981169988334563
2.9681322393541327 2.5002609567752967 2.7429452923116013 1.1539023553064593 1.3081854081695949 2.910463560070804
1.4631182530239522 1.8989494850220874 0.59724957949170943 2.7343066982028108 2.4530929128968522 2.4677545697507739
0.80953949948504422 0.85936369776308097 1.5325061011671066 2.6976763814818345 0.67903699045454169 0.66824683811472374
2.3792275584033118 2.46190257917024 1.7788769596588032 1.7096701438856989 0.9251714561166251 0.96168673056609899
0.86913384531483961 1.1415245208118245 2.6529875383039112 1.965318258337055 2.0325493031708786 2.9675656111862057
1.3121904685418755 1.7335759852557975 2.5423131796144531 2.0758969388434036 1.2096214197284365 0.97518383925884611
1.4038599403193348 1.3008298938051306 0.80285631903867327 1.3000317372535055 1.114841815458949 2.5770505767726508
0.90910891431731877 1.7766481276306099 2.4119888037034674 1.2509046410672262 0.9674904904898638 2.0454250763562833
1.5159112128609378 1.7259759934733381 0.72920467894204544 2.984751489522635 1.0425086356561306 2.4204022126452518
2.9658447264415031 1.2802398105348489 2.9924866379648569 1.3594619821876348 1.6950727058678292 1.6951277746754543
1.3544166654970842 1.1817503235022635 0.92915528278535642 2.5291013641280005 1.177498664392042 1.4940663370470606
1.4745139966122953 2.1327585746757789 0.89216250902251837 2.5905049975441932 0.85766029028347746 2.1219159181918439
2.6892472804728382 1.2124245999041561 1.2022549897660137 2.5112871746852625 2.1821399260434253 0.89773787328423293
0.95874757056516502 2.8194944116562026 2.651100345298953 1.839148939252196 2.4678243619870424 1.4954389182684271
0.5264735511945049 1.2133734445344686 1.0666972026853441 2.4934270137973056 0.88835492156310936 1.5053148279862743
2.9457230720667877 1.1945580948664363 2.0977933869478322 2.2121975707875423 2.7914835508778357 2.906162010137451
2.8353577474246592 1.9516008222114596 2.9204987988864684 0.66841968705403887 0.57359406734779395 2.3209666545614005
2.0309748842039652 1.4828494967371988 2.1958075603790252 2.5839407136472761 2.9818931654043155 2.1921016309204888
2.2838997606223064 2.1325483830067995 1.6340818225630642 1.648918230623198 1.0473784454280761 2.0842149056727544
1.3846715435944443 0.54378046843067696 2.8271971404489888 1.9574083201928423 2.0720910192280573 2.3711018425639598
1.1779380663186823 1.4667307845996 2.980708241753292 1.1251324988636406 1.4455998158890335 2.7846713643496415
1.1473180965395975 0.85591200663000255 0.93325936250878971 0.9566522193334186 1.0582857240812635 0.53230914821659137
0.59660463781462103 2.1893375286229624 2.318936647702313 2.3141959242050412 1.7420151165839577 1.7018785945984538
2.5541067085152442 2.1237785743307525 2.4120715518990421 2.741733004851008 1.9137565567356558 2.9026688960508369
1.8941666335715142 2.6171028722087541 2.0867902539115777 2.8917986439486052 2.0497011521758397 0.99665511729102552
2.0459673989580494 1.1026167859956575 2.6023440917054477 2.9941441496153316 2.5550811916021847 1.7257906780587238
1.5943360738812302 2.6548630177889314 0.8073692011419229 2.2355192823853218 1.0414319295223959 0.79791316428001924
2.7223508764732314 0.8167119338717459 1.2857243385285253 1.6581701910261508 1.1158824268574943 2.5785012425468232
2.9739194618464277 0.5934612671203896 2.7419852032363825 1.5633687631928028 2.0975681002557209 1.6696018445976843
1.5702957545573097 1.5987550697545403 2.4054603566552584 1.0476232328213972 2.9056448548996312 2.5024622610483149
0.88651297053251321 0.54149103912282603 1.329133136694389 1.0555346931828513 0.7940504821692822 2.3629774441288953
0.71976649596471631 1.317674394986069 1.2185557779261977 2.4446298501256707 2.8253856621143774 1.7512716818824912
1.476496988379933 1.3119226913356026 1.7972908889171286 1.2712249261234292 2.2790645084635761 0.6182847689808203
2.7007276768531234 2.547998345635957 1.1375161455113822 0.5282636074907836 2.3315741079687538 1.0039523658747094
1.5966252463180695 1.3414275294836617 1.8559474979099848 2.7513022879814404 1.4186168124285392 2.3736067783674413
1.9432426938907192 0.77616254473739255 2.2627070787152812 2.521603273586742 1.6391382943436754 1.5124635013768439
2.4075078609067102 2.2355537534696945 1.1249523563379187 2.7036081432542689 2.7505346540018767 2.4544935426906163
1.1513377375621165 2.872534215960584 2.3494827789511326 0.57448395785541995 2.6187495956499354 1.7665602950661334
0.52284253194680119 0.90712855003625037 1.0866948350618404 2.1570361060616774 0.79978887929807296 1.0675555438561453
0.75204179429131168 1.7920619845244772 0.96128641249746272 1.0885780909461298 2.7249349122885098 2.5293843093836452
1.1222263912603843 2.8334401173527968 1.3753695513792157 0.87733524917012962 2.1897145203003214 2.0226686333764365
1.8097567692086898 2.923759314429847 1.321383255413584 2.010729071586888 1.0377268461556997 2.269328731074717
2.1921567576065391 1.3873995380440221 0.50385689019369395 1.3537973242858035 0.94575241268853316 2.0578459892490129
1.1256043522051822 0.92005868572258687 1.5828585431913536 1.8854080661366355 0.66023001645041501 2.8514295728152028
1.0115469518370988 1.4585070600189378 1.2497902977627047 2.8977947033227429 2.6600963846010464 0.91735616167677181
2.7115724166211153 1.9748125625747646 1.3162514608127931 2.8982281885869834 2.3630075727522346 1.0100313581699567
2.963839460279114 2.1113456815050613 2.1525022613351474 1.6766711165981958 1.486747311769927 0.51793508514387221
2.4011906276691044 2.0106845502246733 2.3040206978540292 1.4725981758682578 2.4167714216551497 0.86857744674320236
2.9982214496974957 2.4444805606678774 1.4288222070437 2.1124407901033151 0.87033382736154175 2.0066052217493877
2.7982427874899103 2.3895568606805235 2.3936327630006176 2.4158319110836834 0.88981004675903952 1.2048164244341062
2.2994342252648092 0.79564209504108929 1.2827882852709727 0.59825859855779606 0.98258054996258437 2.2059262347700099
2.5722915680811909 2.9667239693046734 2.7082553875869162 2.3924601037630797 2.6398276743123037 2.6758530485487619
2.1000704001620818 1.7750294615704316 2.2217240872873965 2.3212045130636421 0.67599222739303055 2.604856869092913
1.7100602664307867 1.8778893672404247 1.5668460914895994 0.84265110856276948 2.6681632978758345 2.1061750025696608
1.1165227676671852 1.3923268227421346 1.7053258058700642 0.99213878746458384 1.9868173675387419 1.650783424478186
2.4388316937581709 2.4861975300855583 2.3201747894798164 1.7131581669378066 1.8831385268659169 1.2415578013962876
1.3071704939444908 0.74319296658833589 2.7465699463468756 1.3875347672011469 1.5027304121217926 1.6733062646171335
2.8376114216529054 2.2015011665502771 2.5548488251860499 0.95034373430569929 0.97084805605746016 0.80525308327010925
2.972919863388944 2.1101709531318633 1.6400890565959656 1.8003812490772102 2.2043741976607887 2.5529758384256369
2.0921950788732602 2.4161317187463593 0.55932418846135434 0.91843913087869333 2.9310629486353137 2.6632072239101028
1.5762906604198381 1.4939683617229305 0.87539095517775012 0.78505223953921655 1.6003116709487846 0.78343666986657245
2.5025190727608506 1.9994157924024019 1.4180402151624556 2.7050756297865166 1.0155585592782705 0.8123055260280444
0.98745002404374049 2.732519372535807 0.86350965672979774 0.69237165256162647 2.1269297774015015 2.1849088286991125
1.1579107740532102 1.5875490260000484 1.5442772741364452 2.5369894098121817 2.1364832764162465 2.8116440696087173
2.9503448061275357 0.91426746213461962 1.4250679277221887 2.0347624453791591 2.8200624168193098 0.94387123588952826
0.97880323320587892 0.50453036725324019 2.2451717428780178 2.4441738288673718 0.5384167240139297 0.5406851968729347
2.3765064581596103 1.8368695565755742 1.1597716630270034 1.941052650071716 1.3685519872986316 2.377149966661162
2.731113111708618 0.50339970706501735 2.345565749543284 2.4123532188160075 1.1781304428309765 2.2394064770241453
1.4540167388705734 1.239366407827412 1.9443042358778613 2.3976308446405246 2.7724270704937641 2.73716382502103
0.83031722050418433 2.2580768389059327 1.9143605198830689 2.4087159520994792 2.5639133779458887 0.77207835652707957
2.2455565433042812 1.0410350352513569 1.4897814029148913 0.66777531797197853 2.8659042746802919 1.97175367609477
2.1423619818977429 1.5666286062083352 1.3370867191336249 1.0758372580536861 1.1110972793191118 1.4999063841294109
2.5756899329465903 0.83663665879453597 2.8157273378691898 0.55864245798818413 2.9710276707997587 2.5340873025002746
2.5208669155859336 2.4606193921009956 2.337918100861657 2.7992801430763747 0.86265812640926598 2.3236366251015044
0.63115884551441725 1.3949979762877596 2.3200584601419938 1.9333716211998082 1.7619311012998509 0.63667575708633473
2.3144544931951918 1.0134409575989765 1.774981699602755 2.9402609079366351 1.706158022142829 2.1942446232282955
1.4414294126536935 2.0976170161024661 0.77360583560378093 0.75849228398679736 0.86102626974482188 2.2648721237076641
0.9961295661461953 0.98805610051357085 2.0940733553522755 1.3261957872220738 2.0470765826555155 0.90216545311033269
0.8002308583889588 1.7770440486194263 1.1126876285071394 0.92191440603606778 0.60599712304738018 2.8660741303494959
1.9316739511052705 2.1903172305329921 2.7713678683845338 2.8980574533822057 2.1841216557647041 2.9647925594365683
1.7591914123802512 1.5145388131291577 0.92073930884000521 1.5249956337217272 1.9934835965947182 1.3494569032229009
2.8613068613870563 0.76981983136605436 2.7929843063991613 1.920440041528503 1.3879000043898633 1.0716960935058903
0.79532060336033117 0.78188076074651236 0.59864026191821051 1.1404465810048565 2.6764835626628947 0.79314953211668304
0.56762643240371213 1.7510236824254011 1.3356648431150315 1.4165403392525318 0.59872712878620993 1.6004227762495846
1.4657382256380402 2.9714056644634441 2.8999594951934404 1.5099608715252488 2.808829904697558 1.9560151757855206
0.9210048306332157 2.9389877363231651 1.4889817007642012 1.7322225496176142 2.2615721664148749 1.07665947608345
1.7078817249760574 1.1019031401270503 1.1203101824135588 1.3839125076869581 2.784712999064721 2.1326870410880794
1.4787742390999541 1.3499852221183302 1.5308516442139635 0.86629073349557761 2.6936537460453147 1.4275860564127902
1.7180222675913002 0.75225686123060087 2.7717019997381112 1.7848348097585893 2.9886438366307249 0.77225454579968367
1.1574245883648564 2.0375644230589116 1.5134747664697406 2.5098130946848212 1.9846737796159404 2.6670301198658617
2.491263178149147 0.55895284986388083 2.8493012862047573 0.86773360264377275 1.3689841598855788 1.8484107345172451
2.7101298330021892 1.2538600548725225 0.57438785078279087 0.7765129213423414 2.4902970586590247 1.003839879849848
2.1743032885939293 2.2095571108148229 2.8922274080321153 2.9993220558550302 1.0920146348078761 2.6111168402186578
1.4857006121363854 1.0507146225711044 1.3489070665034921 1.0117776382594774 2.9970825162399466 0.53209773307991415
2.6322218840147871 2.2631055290675537 1.9092728743206626 1.0580786286181159 1.3010561094332265 2.8726718514084473
2.5494256479784383 0.80669631872003555 1.5999476582247916 2.8699699387286333 0.58192841819867624 1.8276326978926147
2.3212977964272334 1.1618976006356279 1.525094018784338 2.8263720794763691 2.0353067426261058 2.6252281826115658
2.2433929715918177 1.0683964950205114 0.88393183827083921 2.0310670452228914 1.3039290061091258 0.67405380761091493
0.64229587909172448 2.5224776940601581 2.3091081554475732 2.6257832929043117 0.5334009077202666 1.9992770817963594
0.87409545158929913 2.7130824775452091 2.0561230348380404 0.59666401841925187 2.6717838447365039 1.1220291729608565
2.8753854935102621 1.329544119934813 2.4490321377594237 1.7663519800171896 1.687010950937305 1.2545590358741838
2.9854356325643301 2.6971972391011909 2.9923230904864644 0.72384183656476409 2.0195747612127635 1.7443514010146686
1.2328444132512733 2.0454463427070202 2.8984788333893743 2.3608895995809656 2.116402447279611 1.4025225360846574
1.9502153030092433 0.51242128162906386 1.1422991458776135 2.1018687340627933 2.122473613826517 0.81574322018272094
1.3710518526502526 2.92308650222797 1.0436116505341426 0.90020755746350201 1.7621332984939424 1.4146226921171199
1.8033701788319632 0.66687372986003335 2.197970184710119 1.51159030121587 0.73171719866460883 1.8070162366158304
1.9754898068663729 1.2857614512306645 1.0898125225395812 2.714949616377476 2.0929845297038026 1.2726331798920874
2.4562333545195312 1.5146420968225276 1.6920254983414111 0.86381012770688004 1.2586057783354416 1.4121667024876472
2.5566828593061373 1.0573281695422148 1.8010218222496714 1.1110157348033518 2.3597171975451845 0.87237163562777564
1.7260174267908455 1.1474731468628003 2.2771340257722223 2.7029579284331575 2.9514633646637036 2.222558005882779
0.51303936359180491 2.3476998645101892 2.32652717201502 2.5413907901516288 2.3447939373001256 0.87672436684663801
2.8311483003126061 1.14934943130343 2.5223898612680218 0.82312647577380482 0.70541715423836515 1.2082954636188439
0.74948996303057136 1.2949273530376997 0.89440539891524296 2.6790923425469515 2.4453475155938817 2.6801636795435391
1.9619508754064794 1.0890543801902226 0.60238650135384963 0.73440512103311273 1.1776180571581816 1.1915847787715856
1.2223015734530949 2.5849802936118564 2.3087026110468019 1.9307592823073954 1.5679818880849643 1.1010942877766343
1.9878719548022952 1.1599975532581794 2.5228410798527658 2.7941267539363612 1.8545094970669691 0.60158302485925397
2.2126700248168847 1.2895310969721598 2.8180289090117325 0.69419003417731506 2.2708824530576583 2.3833595565821235
0.60858877724625349 2.5855710407070269 1.0769931227573843 2.4586933296305791 2.5689193410528564 1.8861707775958161
2.0029107557673393 2.8321651288460759 0.89326863215064201 1.7934256533826483 1.4284717634670805 0.55044648395578477
0.75516813020254525 1.3593822222508662 2.6397936261858557 2.6271813728925775 1.2897596355966006 2.3048985088867449
1.9656976126046501 2.5768935570585758 2.4253752197827652 1.2945961539220823 2.6781177174803252 2.2104455876832008
0.80759777290509493 0.71629302986122645 0.65449400563062965 2.4983686022356686 1.7499478805975022 0.74029338885328322
2.1134393785329078 2.1448300338787836 2.697950823040828 2.0596777221387441 2.9986896774119143 1.880390805756273
1.6449196119089033 2.5339566111547454 1.1603086053305014 1.1180179003719966 2.3087425754844308 2.5969463940035573
2.2025639834213662 1.0430031586386439 1.8954939098919588 0.71754124687950571 2.6477856780047317 2.922086252516344
0.54635588789177691 1.4754791901549225 2.6589149590575025 2.6220169618072573 1.4157270314121226 1.1025885774161943
1.9400614164793328 1.465374900956175 0.53753660716847484 1.7883751023689243 1.4280134247238636 1.4336335867098042
0.93342624573606359 1.995764162547528 1.1507402373051874 2.986596098175986 2.0894265929563081 2.4702703259382917
2.5142513983474055 0.9966334322899788 2.6794156965806688 2.5246590612032369 1.9886901660903922 2.6382280440649817
1.5223550065169105 1.1166784229377136 1.2832264081422893 2.4694335289785743 2.0176039983621581 1.7912137330771112
2.6140469914169651 0.75210812592087328 0.56566686447787795 1.9623918075756317 2.2331805978186288 2.6252257611542076
1.6708928870973023 2.1410035110811902 1.4069945987194661 0.85149495009511755 2.5763972208573169 2.8460528493503068
0.83786169592419224 2.0454689486633058 2.1157022029302137 2.2296725282262955 1.6046483591849845 1.321122777775944
1.4625073593855868 1.200601762913583 1.9436729959030523 0.82090724698314954 1.7095944415204225 1.8976757064907117
2.7122923693522289 1.839297987297607 1.3224644390546121 2.0245088413836241 0.63894106377844739 1.2668633402238916
1.8079249355834692 2.0463987759747262 1.0222412643108014 2.4971545023097113 1.2384580686947981 2.9633157516535333
2.876296444895817 1.4184369213010888 0.5774479818034346 2.0100429182498702 2.6639918877958007 1.7974298685828154
2.6950698782868732 1.5991990850065876 1.8457680343517129 1.5064158688926537 0.70624136040838792 1.0140496114601245
2.6738413410770456 1.7280175424074966 2.2646407400901079 2.2051276831650304 0.94114424625433801 0.60256992880801841
0.87255615610738091 0.55843030668302607 1.0789329521816569 1.9101498041770719 1.4681942394777403 1.0455558626886525
2.4734575867077231 1.1910465249677222 2.7665499779321912 0.87678963158813006 1.0209249171637298 1.0096865111371272
0.96369789883782875 0.8428676179249226 2.9449656745273938 0.81017277700921531 2.814661801211169 1.2605108142078274
0.7734986188540045 1.3945314498985391 1.7133748488552085 2.1275788597864089 2.9381793008789145 1.8305607672936617
2.0215579473913254 2.2171829055913519 0.9708498670246033 1.5893361067774587 2.4147667684252272 0.95574476372040096
0.92066274913169144 2.1612694542070612 1.9036625597542476 1.048080503318342 1.3426148158244586 0.9756765584699898
0.92443661566446056 2.0345124253755364 0.65821570561004528 1.2989120494961122 2.5948606462752246 2.5294685434556383
1.035111940179984 1.1643245354605622 1.1844980558100819 1.5169704488338174 1.0152588452494027 1.4516200968045432
1.03306002790444 1.9254693063768351 1.5024989595347897 1.2790134631430776 0.75715738119327725 0.69146808835174889
2.3903975796559074 1.1266516912481559 0.81175384116066518 1.3871418179535833 1.94094377430133 2.9385697313158712
1.0947616012305932 2.9537525439459298 1.4946572590379885 0.74927881335510049 2.8583146145131826 0.69206949309416266
0.67864242331790647 0.9059820678606274 2.8967804356437075 0.70796516096817519 0.96104490916298757 1.4272278971108872
2.7855197564299181 2.8405102484919027 2.4241114266788744 1.4788573920584938 2.3606860790864297 2.7752829332164435
2.1457895357459993 2.5250204465746937 1.3339609170315543 0.61397370166242204 1.6228680000661775 2.6516428564956032
0.94872198874763514 0.823147749758394 1.6213617501502 1.2581476275245256 0.51292622361242113 2.4935620743999038
2.3050934670388719 2.9178998509444978 0.55516032902627499 0.80268123636428257 1.5625134887482079 2.3329875894711511
1.1684813960901872 0.78787793221513014 0.80537198497959994 1.4523045806092465 1.3799335632876777 2.7877402132359661
1.6254037484375121 1.6428483494218167 2.8632607053054029 1.8445911579401288 0.65635160368925927 0.57526374990109908
1.5866346160045932 1.0874377526159313 2.1112607008342144 1.8745471526658304 1.2020989331880325 0.58167284001462294
1.2514990327102793 2.2444615915931578 1.9037308435329328 0.82471952036023954 0.66734077508693324 2.0851537345271791
2.9683708415681034 2.7557793175984688 2.4358586819168537 0.58402640412523898 2.3272196577287594 1.1778317866839931
2.7641852656447075 1.3312990107265927 1.4363076444648 2.2479505364430583 0.66343221964837784 1.5359503119056945
0.9047763744115096 2.1002562985815638 1.1542786517609946 1.4791764368966602 2.6536131913697307 1.8372178288593286
2.5459617990098251 2.4140377183305031 1.1181606128319217 2.3635548044318706 2.8263410485190792 2.4167026324247978
2.3135944657941443 0.92056116956508849 1.7844179870143324 0.69360543788857409 1.7649824179993594 0.72516194925321587
2.618826904458504 1.6615243925773708 1.5185045822511003 2.3483142264565586 1.9229168419080176 1.1813543222851539
2.1145019569881889 1.7526688551208887 1.4541000113555005 2.5381461909552154 2.1071824130050327 1.6936506891521081
2.9712857742222658 2.0366451601994413 2.0549958372078314 1.6342623937602911 1.4498019441378429 1.5896094554238134
1.1866823436682434 2.7307124936985909 0.74145771249505987 2.8755235353300836 2.2438874706763734 0.98130948835965603
0.80506253164509389 1.3126210634360391 1.510258761875785 2.8499969270987897 1.848351151554354 1.809478163752348
2.8904621174035965 2.2103476044854515 2.410539220200179 1.1226870934862418 1.8834173992223275 0.85224076492379663
1.0082184658373454 2.093527162093876 0.96785633209681521 1.8425807122857834 1.435922886058842 0.99854046472099456
0.51894331182573783 1.2834210609424339 1.5930035769784037 1.4578423259755533 2.0038959866991846 2.9603845397893922
2.6276941862470196 1.5015575114121944 2.3086560462873313 1.0254095079799606 2.6986601362739675 0.92687783289925563
1.2881011423895736 2.5220855671783817 2.9373745460208678 0.50386323503429264 2.8717502729655267 0.68030043670066753
2.3812853432839027 1.4183584691460223 1.079155174223533 1.9192541560298368 2.3157893693558416 1.39284144810053
1.1070331255550938 0.83761240493935474 2.4236764078744293 2.5268189927300981 1.6149396283362056 1.7580198304257109
1.9837852099883007 0.70695705755483129 1.2272690478051063 2.0060501682591187 1.3769004145638704 0.79068258123638557
0.53606738045757618 1.7258852682867838 1.6338175530819294 1.1179034009510649 0.60074068619103815 2.2554949769140809
2.3100078306316636 0.59272461714709745 1.0824984979660532 0.86778177020767 1.5336615255330237 1.9921139232219918
2.0906289345508169 2.4041993338887906 1.8612403937214106 2.1587972210661039 1.7589054312382659 2.5474292309064852
1.8303182090785215 1.9716601544834198 1.3374445045418151 2.7853671560486823 2.8536547755646424 2.1611881895030622
2.155537353663449 1.5247877909850442 1.0763954021583699 1.3171384383467162 1.7032075348985274 2.8439325078947975
1.0077998436526525 1.2206260948803984 2.8428619148481191 1.6458968099238436 2.4426412445407188 2.2933025423331443
1.401880531514101 0.7767452292049486 0.68197706102156963 2.5205407497560639 2.8023407258071602 1.198817297656831
2.274271781960068 1.7692989063502185 2.1973462728263051 1.515449769246628 2.388046328864355 2.9828120648419505
1.7531325205607688 2.5114350276320887 1.1150595040567777 1.8529093125374096 2.8120622104503994 1.1770768461801093
0.75635013608518165 1.2454476194616888 1.3463530452437462 2.4181739737452839 0.96227594159512853 1.1675273401353254
2.4591820404311675 1.5065287314977287 2.9916297796805784 0.57664931325702917 0.82930171498814442 1.0324198393575839
2.5468056652833808 1.8847809102772519 2.6508758907867835 1.3251737621917057 2.5628428836401143 0.61118225250677938
1.8088145718048656 2.7888478785498387 1.1682644004278964 0.85631665526491085 1.2961380278483829 2.93388813138621
2.9093844513117797 2.1630888738831606 2.9384450272991618 1.2122879645642153 2.2625372988981347 1.8735548614380906
1.0580745672894449 0.86506161782262403 2.0967588028683961 1.6530804475044887 1.5935780736369847 1.3927528562195364
1.0268052620125296 2.850250137353159 1.9923065457699758 0.81528586834011052 1.7109910177900587 1.2679486498848238
1.4718124146682026 2.5081139671297015 2.9303189366864326 1.7892426935611874 0.93061318820288741 2.3936045665593046
0.55650829932487778 2.0859417038909029 1.606943217279287 1.3329686749537766 0.62233158644306796 1.1966945838910159
0.69618139296225046 2.4507142621770637 1.2925636704094647 2.7319060322328235 2.3611347677679042 2.437964876388123
1.5954650143783442 1.5905171406417578 1.3494022065501314 1.2521888101834122 1.2334471893323458 1.3251754901684705
1.2151489668989108 1.0775222656297616 1.1984512466246091 1.5016860939222441 1.0210794135075321 0.93611171743294896
1.5889317183969631 1.4114122056903824 1.3363606453535468 1.1325231154002764 1.1402177781496701 1.1512273454403392
0.91221784011856233 1.3737209203853995 1.0729946073396166 1.5065233884883749 1.5766457354672605 1.2936498781137582
1.1065704969587487 1.3792639105848385 1.0174776090407431 1.4422149971539069 1.4284270941858728 1.5035529571652289
0.94207875639208916 1.2416679993505897 1.5172282034029236 1.2321113970969158 1.2422330686457776 1.1603390574013361
1.5155255886276811 1.4242842094634744 1.2763919152366654 1.0618128417488046 1.3214302190911793 1.1113499778300933
1.0065183277072332 0.97520532531112403 1.5221896001594226 1.2754401405494376 1.2182900982619786 1.5074723637942786
1.5122230563142351 1.3802202047515859 0.92670035488485136 1.3974800768517039 1.586786048210026 1.1368555402698661
0.9886721907963526 1.5337914525290195 1.1418930533672009 1.2662321415011908 0.9623126504305558 1.4454362510999283
1.1771995956984995 1.1884547679008444 1.1208404169167527 1.5408109647276955 1.4769244580302021 1.1210216107722317
1.1435609099229509 1.4109091825441062 1.4898873245088469 0.99720669999483491 0.90034391904593292 1.3025013601482294
1.4939213882033529 1.5950997010716181 1.1279114916689201 1.1915879603069643 1.2557533513937573 1.5349601812387705
1.3077072886099086 1.0670236667401845 1.0488909553920684 1.0606927490407074 1.3407652859532397 1.3963301226924187
1.4114671014313376 1.2973109812179084 1.0705268984945342 1.5728177845704461 1.0853503528471722 1.1158360688250262
1.4378915344319316 0.95525146212307432 1.246639865983993 1.2601894826179483 1.5722437906783653 0.96488736097300221
1.3023908026845101 1.5834010081257557 1.1423167481390699 1.396873366817353 1.5860958968940562 1.4196445233249015
1.0274267261557515 1.0718751756222082 1.3015747112993796 0.91086931823342643 1.5245515743899651 1.1997503229582591
1.4929799612124777 0.96370184620790922 1.4627840898349991 1.2366041055793737 1.0319779657480743 1.3821872676616775
1.255667896308224 1.3673524612070298 1.1507237963916968 1.1945345100021061 1.4073787081112439 1.309208027520675
1.1086828531091824 1.3646117751651168 1.3434988559811563 1.0064901372213209 1.3069914631018409 0.90144547783139861
1.5505008915059981 1.4484147240376917 1.3223106205925474 1.5503662612464653 1.0164752803641066 1.4278052024870955
1.1304618717493895 1.2585393601306161 1.5239297350340915 1.0443035169538073 1.1014537985436241 1.1507434164562271
1.3629401770780005 1.239512434451111 1.3707731520781432 1.1712929225917312 1.5928138923870292 0.97227047436151426
1.2495312438671924 0.94499437342750237 1.2409097871622512 1.3385005865307225 1.098311027867906 1.0835615377209078
0.94974744879545803 1.4243516900202993 1.3399223854226281 1.1434105659910543 0.9549574982734611 1.5383170956624379
1.2367687178832103 1.4873508171148475 1.4308791899077578 1.4637676856487967 1.0871653159640424 1.3806195145927851
1.4495325912175101 1.2388393509171856 1.3359973862152814 1.3009010595454247 1.1327426270047494 1.3881758119919854
0.96080444424720768 1.3547427715825744 1.1576167165461611 1.1861162662850133 1.2764533422472 1.0167736902511393
0.94542268706573518 1.1794412344637872 1.286428494144551 1.3298258760029005 1.5007659872802181 0.95926174390986563
1.0456519907591268 1.068789593344911 1.5397657058289371 1.0896929147467689 1.2830071685592934 1.2403741498069227
1.1688584895297789 1.2945442612672249 1.4863078732748742 1.0986192780310009 1.0763536674932546 1.4494385985441198
1.1100148188480423 1.2210600546894717 1.1204280234787485 1.1783698159159497 1.4934619599669805 1.4106043482307897
1.1466314717140587 1.0119165661369967 1.5619455880658237 0.99706420068173096 1.365791948160944 1.4763787368359882
1.137740754181777 1.3182028894108211 1.5639582273851631 1.4427606959675208 1.1404319130944558 1.5766361180343988
1.1302563684297047 0.951669580139057 1.2687840017416974 1.4171584478402917 1.038022436925661 0.90830924898670407
1.5321056032854776 1.4635149441150603 1.4258334787388969 1.4602130818238579 1.0866923234928554 1.4303514288906982
1.0443699883334558 0.97246056361823596 1.0051714540597367 1.3580328571033327 1.5323284800205645 1.5287530166827832
1.2013456913054086 0.97790309628018268 1.212589990612448 1.1112351396061435 1.0244477503648655 1.51512441317466
0.94594725543499214 1.0926026051720781 0.97029928606061688 0.92367642484070667 0.92547720389018784 1.5553641853185027
1.2226428048758868 1.097102912761613 1.4796908250140961 1.4982428066925206 0.95168904247266495 0.99155060241824255
1.4544671944227798 1.40493079280071 1.5339103555695539 1.4574680686721107 1.3840884388994183 1.047677717110866
0.9922171771436018 1.0993144983190957 0.94358180789820623 1.1143978371391741 1.0463611999501965 1.5507497785807003
1.028059161120999 1.5073659867216991 1.5125806647249456 1.4515652131119141 1.4589868285197245 1.2753908391282494
1.4096604035419573 1.0134234809379812 0.9457135163253545 1.1974015812671088 1.5377135066528758 1.2469320956527743
1.199130016121418 1.3704747288484314 1.4415003187519455 1.1149035120415132 1.1513297033180221 1.0969106340297601
1.4992776661007219 1.2401187045006197 0.9152001176781811 1.3798454117697396 1.1693688484421172 1.0583077063072237
1.5200437015098314 1.0728594966772471 1.5882478331090639 1.3697383868782096 1.5154788080780486 1.4478198779208886
0.92518351617933536 1.5821338645321321 1.2330418891931783 0.96333118024551834 1.0638837610515854 1.0684343507653087
1.1630052982498098 1.4422751301336239 1.545746895891507 1.1852074411370863 1.1308782739499463 1.0658733584063143
1.4073899125169933 1.0953372210519994 1.4085430222038187 1.3750896889123221 1.2896274004210757 1.163549004990295
1.0878732070318518 1.2290136361904263 1.1808151086688201 1.2690092820120062 1.5098706341347083 1.2472258869211388
0.93587962502063804 1.1950710182980093 1.2660671925747016 1.5388071033277688 1.3558473561037607 1.2522769747204836
1.245228991403025 0.97518343988975353 0.97074173578467937 1.4997456109770431 1.2102446623956706 1.0803137413665789
1.418494798943809 1.1833916267060847 1.0848959876433273 1.3700755695878384 1.0543272456490738 1.3849572442077798
1.0458167347152423 1.3164785532009404 1.3985566349127174 1.1985958534372112 1.2638342804882099 1.5621753014011717
1.1927760075373193 1.2973977282641524 1.5504420248433288 0.96234618700094876 1.1228712838372825 1.0079258941557481
1.3721054741817149 1.0445628642123301 1.2895553022608564 1.3981032404438989 1.4878558480410522 1.2919756669807676
1.3141040246308651 1.084973861689841 1.1507774526670733 1.0644519470717704 1.1938289072020873 1.2549689476089325
1.1117219595838082 1.2134121356434231 0.91486941869517535 0.98654195929533273 1.2985426824298276 1.1714167314211079
1.241788231107726 1.3489440449488357 1.261626302821943 1.2061420420838478 0.91354387403588977 1.4695292545043364
1.2831178023559022 1.007902327865877 1.0723562819044401 1.5581499396086356 1.4018424116742929 1.4311805121060133
1.2332470917385434 1.1250420966803858 1.3257181832941374 0.98659481951966355 1.5363734066294761 1.4435731748565965
1.1983743252800259 1.3008006980369184 1.1135074002809058 1.597478764196314 1.1943261207627678 1.313047716117663
1.2464454526461384 1.1320151649378016 1.3145590021224813 0.94969221931881576 1.4378716787776753 0.96619950663604792
1.2058053752234152 1.5814543204191351 1.3067181655803972 1.5138666221908976 1.0115166792910295 0.93029610903951165
1.4749660181739404 1.5678804274760572 1.3557901792604599 1.4123668380598748 1.4125569799998949 1.4034853253529382
1.2676046720029956 1.141889119597892 1.1921275630862842 1.4603469678726697 1.4117242288033833 0.9014870017221559
1.1517302786408434 1.1769660517142269 1.1521117247253587 0.99470170517918377 1.0907196408175062 1.3089155623849811
1.0527805802175427 1.0041553214499908 0.97813030370815912 1.5042250413520879 1.3272657758460495 1.2008860291180232
1.1719811310762771 1.4033545302923889 1.04169421491017 1.2224221926469065 1.2202654765004235 1.0895571737287055
1.0636433042407332 1.4163653458274821 1.4671671451632631 1.4810619426071052 0.997455461049503 1.2071821319161344
0.94442707576198837 0.96468899200135372 1.0530242029977803 1.3151909029965789 0.91259798088692923 1.5509311643619998
0.95738257437877539 1.5604453628151518 1.3305052782251976 0.95452221826360129 1.4279699641988413 1.1568460378254874
1.4575651745982727 1.3470676378431024 1.2795230807327256 1.3020467928923651 1.5542310433440947 1.3494442414851
1.2791259915535103 1.5840501687558664 1.5934332175325578 1.0394751931006574 1.300524752504695 1.5977176612643404
1.4160989097109735 1.0042475296782065 1.3195867984557099 1.4296030776156254 1.4679101325483837 0.9258171885028097
0.91956148177059904 1.0585553218994568 1.1616285224738698 1.1443912193327666 1.4242350590280557 1.1792911685738399
1.2978571805816617 1.4443600224998152 1.3400350410657329 1.5124694863141903 1.2496801829711803 1.2632786170476886
1.5432527612719915 1.0641949449041306 1.0746495302993786 1.0715011810572741 1.147109500175745 1.1354626331215549
1.5859260982798635 0.91765633090262133 1.1619871734186755 1.0944740697179951 1.3706879181895044 1.3375476393434582
0.92723392279642158 1.5789364949680698 1.0505764385629877 1.1707937913794475 1.3188585106427997 1.1518435371900031
1.176936724628401 1.5487881305137479 1.29496392432718 1.460946756278467 1.2054646355054088 1.424929204545641
1.2076981409831933 1.3944790350695833 1.4321495745019368 1.4322611558023408 1.171026546287123 1.3009974083789408
1.1490019354734278 1.5248453556426464 1.5960107985255463 1.1016493764924615 1.0105193168098074 1.0328922750754677
1.271896538286486 1.2017566567934532 1.0283779060094662 1.2501424492320179 0.92434439933763934 1.2151735242399568
1.4609242927778565 1.5461812585210941 1.3641484456412392 1.5300715285024233 0.95354722181286922 0.92173515928086869
1.1612612936306346 1.3560194037620517 1.1639086234929532 1.5082275412468724 1.1180936705562763 1.2954783167227313
1.4459056929118628 1.0161669982425228 1.2191259013221658 1.424870227251938 1.576576829158876 1.4475243572609013
1.4799492272061014 1.2850057337809284 1.5660691436185936 1.4324531179258109 0.94277248499048083 1.301190978288667
1.1888083510614977 1.0967611229729999 1.1428850394620558 1.3315719874252347 1.4369207701829714 0.91754175527051551
1.0791481764225621 1.0687954931153119 1.1231422420350241 1.4408603408780292 0.91095792788827756 1.0092374635492138
1.3419475551106506 1.0406253219493391 1.5831504736259072 1.0519049769083624 1.5288979550759325 1.0411021730325427
1.0365374345604383 1.2199715104126088 1.0994707923812326 1.5033526784543985 1.3738818808065503 1.0129925774237269
1.2894179471428628 1.3270711325891398 1.3626794371286926 1.0406173903879137 1.2684373881718218 1.0186894371959216
1.4209853085311324 1.2373475127458793 1.0145040390557984 0.95855894993807744 1.4025658744091152 1.5547866910704076
0.99495979072380436 1.347738804860231 1.5548424053898535 1.3989306081852326 1.016824049256696 1.4840815487241552
1.3180657083307157 1.205574078163469 1.5344125736043768 1.0919771863029486 1.5567531318438159 1.2826305500577959
1.5641083031670502 1.3012947098004646 1.3858043232698207 0.97864351827750373 1.2779060748163193 1.2171577634051851
1.3390354073000412 1.0350975475861148 1.53086720265539 1.3365639757704459 1.190028998481919 1.126338893711148
1.0765253589576274 1.5925761243605914 1.5338448057838245 1.5036252004135231 1.179103076335466 1.4991714978841559
1.2296587156768175 1.4826001879114141 1.4938132884433921 1.5472493410078663 1.0666515248655708 0.95760153776779322
1.3972752992224295 1.0585719531074524 1.5442957225142986 1.4119317576638191 1.0663365119413817 1.4533600260071253
1.2487307354031556 1.2919168807676971 1.3157474056101972 1.5775924225560423 1.3172645607884621 1.4400215943392913
1.2549707402714374 1.2407978592773132 1.0161179492917409 1.3776583397418711 1.2842528660422343 1.4816344857089265
1.3818355935556759 1.2941082182195647 1.5600125032986196 1.4118867946796607 1.5349642519317723 1.3367349201946159
1.041802442563025 1.1072700916869134 1.3667979062543376 1.5479883107728192 1.3964768680453443 1.3090699088513902
1.3384002202311094 1.1120517882651415 0.9919994804128206 0.94497514170969676 1.4139008813981409 1.2741728675452633
1.401837099770932 1.5060645736813036 0.98650764948407554 1.1184524601205088 1.0148659803681561 1.4866389803288309
1.2991992262956455 1.0744441769475899 1.2190289814024986 1.3946896742444803 0.94032229572359793 1.2524821537216804
1.4644669953617493 1.5197862708288157 1.3130649193573301 1.2663356426724084 1.0571229439757754 0.91285426016041427
1.1050083568072939 0.97231614794978072 1.5010845449689123 0.91720449397729231 1.4767955220908346 1.1635914792395226
1.2201703894142908 1.0302475848330381 1.3179629997287821 0.99034302944351782 1.1924674310118475 1.4104152790213944
0.92838820770658259 1.2508181391117239 0.90349394109195647 1.0694603341746198 1.2128816735632297 0.95784973985467448
1.4652420647805555 1.3326892766747129 1.4920527284320904 1.3919863955069387 1.0982792618606076 1.5903385973900164
1.069271544838329 1.0082561587296615 1.0587364033227968 1.1108977903477046 1.5026875090706642 1.4480965144793438
1.1986840086349413 1.3101908776473896 1.2118303423220378 1.3068849463946486 1.2507170673801682 1.3240673983332953
1.3261390339627361 1.1022262488880745 1.1496306771913656 1.0579954588142093 1.1674511490694359 1.3920291654961396
1.4623701338592641 1.3342192997317579 1.0690231452487466 0.97674526645850679 1.4848562354521819 1.2478829947622128
1.4231588431521296 1.3721219908423057 1.1151163540304578 1.339196099247574 0.93489028658772333 0.99907618726060754
0.93100659359830984 1.1725608161063461 1.0418336292544317 1.5177006495052261 1.0080654413080357 1.0425425847290208
1.010742103888155 1.2428786066421007 1.3852443084351533 1.3297785966103977 1.2237023886262588 1.4811210167191846
0.99555550474168719 1.3871572743348279 1.3632868853462512 0.98246535761549425 0.99720669833627007 0.93112030828281334
0.95531360954025901 1.5690586121804755 1.2154021706863667 1.0589469148076807 0.97272539536409652 1.1216161265939728
1.0587596124045471 1.1728853923870248 1.0297095228748925 1.0607585428161384 0.93236561707689447 1.2545868463648768
1.2230517971514092 1.2680272586217229 1.5087138449980892 1.3798064259447829 0.94738162623571032 0.92212999488597225
1.1796821664831914 1.1916774094292839 1.5632071237006913 1.1948505832372347 1.5063731499255746 1.5221334714945693
1.4818348384355358 1.2581130627647035 1.2510934641064009 1.464702079300837 1.5791606719100046 1.1262825806902708
1.2294363203247811 1.3342213094572195 1.1930176119198093 1.0300315548833447 0.99198634887204884 1.1972155176748942
1.2646175770919934 1.5235384935291754 1.059854453998168 1.3357142808178799 1.0136772371625937 1.3648002048769472
1.4913516159799316 1.4306319373298428 1.2743793236699816 1.4756623777537623 1.4642092193297858 1.3008308422983652
1.4206335802092644 1.1998006035753936 1.522116967404918 1.3465682515215882 1.315174360616667 1.3829455349998967
1.1150959116657115 1.3423346514115373 1.1188367469459028 1.5134822379814579 0.98082897212949527 1.2057923108807924
1.2923448903448764 1.3864543238703961 1.0723019151471149 0.90394944583574688 1.4924052378094599 0.90082246670687072
1.0849212434510491 1.3732857567514853 0.94773451448712398 0.95300841678026771 1.3342896857584565 1.2699545557349805
0.95310272310827893 0.96409204697876483 1.0676161688764247 0.9305213604722663 1.1763844593409547 1.3495713825254683
1.5318451739938115 1.1524036673835296 1.4948068771093563 0.94282569148150175 1.4918735963931176 0.92196053371079478
1.4376859815057299 1.3565280353126206 1.0408866683919145 1.0433826841639315 1.5853876171690462 1.2523631406975504
1.4252740466727829 0.9973715977073091 1.2875301332901534 1.2759241666692782 0.99201377953879899 1.2298921629927111
1.3702143986000961 1.1125964591441539 1.5463391017784867 1.4512286674652635 1.460419999341469 1.0005752658366061
1.3162040773886012 1.2947842453785305 1.365815585716962 1.5936738747613353 1.1711671730555095 1.0948612820464014
1.1049891870578077 0.90268584113501049 1.2945842366320066 0.90733447232540398 1.2891759126832998 1.0534071753237257
1.5600093369357926 1.4921697279028094 1.5085754939770688 0.923852697974891 1.3134575448154506 1.2798713285599912
1.2426865088105117 1.4181863621271578 1.1908598825179495 1.530129261116177 1.1691417769198036 1.0854923097493678
0.99388503717702814 1.2728354323189339 1.0123561394875762 1.5532220655015823 1.2979918017255092 1.29007575097862
1.4396506037524195 1.3363529317711729 0.94732119654189084 1.291279726374289 1.4162887973202105 0.97465167822753918
1.4396601385816203 1.0935319848667957 1.5703848065909574 0.9942200291897707 0.9256201196847551 1.0743006934154649
1.3110416014852277 0.99140867271297606 1.1002823849412897 1.2329448848402647 1.4721656656605604 1.4773814321097396
1.5755692230266773 1.3879086321068648 1.2621765455066181 1.1742669821931082 1.1616214564075127 0.97416622222334959
1.4926062509838776 1.0528462468766513 1.3243279700712867 1.1469963849007763 1.4287573563114735 1.2428749983280762
1.5037346070751034 1.4446752724251248 1.2989777095576069 1.4298215143192596 1.1544428960832023 1.1234589769186918
1.0556575023801735 1.1238454087227228 1.5620508888628835 1.2139553369648475 0.9395097847444146 1.1398420515611467
1.5905884083629378 1.2265999402149206 1.3200041214547042 1.0542332828793131 1.0576516619220044 1.4537381874978381
0.91560471738661131 1.3464879420937073 1.5783285616623495 1.279422078385922 1.079962625092983 1.365354360635431
0.94398154903856635 0.94873158864290807 1.2628045224603657 1.0588452266726878 1.3179217945338422 0.91459143691535516
1.0257105081764972 0.94453444065274828 1.4232940766592264 1.4562204145661035 1.3848190944251546 1.4279729458499273
1.4997824473059405 0.95364000226954038 1.5617201031596517 0.94698145161123515 1.2968211148692739 1.4065939249150521
1.2946606915327734 1.2505613805007809 0.94203090916223386 0.97638304461931225 1.2945829313683057 1.4452407991708318
1.5223771881682122 1.4845722341865417 1.5001070248691022 1.0820652914382278 0.9578392183358464 1.1556101415427955
1.2432107774706254 1.0506114962558923 1.0684526913143475 1.1570739125418916 1.5356169232435652 1.3039551006915668
1.0646973272760001 1.5245778538525094 1.1378756904741196 1.1965317354551208 1.4193465877154334 1.5054116795844483
1.0368034333677207 0.98817058241257838 1.4137156939397997 0.95885626779922939 1.2023027206784132 1.2091050750849435
1.2361350258095025 1.4818532630065586 1.3575302147979784 1.0100595833226087 1.533517588398601 1.3763177269337408
1.3335667087339602 1.560050302636482 1.197285432901898 1.0640858157277213 1.3774521408115632 1.0994423129109523
1.1976861574139195 1.5711249381067318 0.99428886203022948 1.5613583314274253 1.0737577858262561 1.2415234323301907
0.96231572188980563 1.3859959114626004 1.20854583370129 1.2807606308555559 1.152405943015741 1.0330553203947332
1.2105545971715568 1.4696224911239053 1.4225980664969824 1.4587391366931182 1.4308483323734948 0.98978321126428459
1.2929470449484439 0.91418533671381463 1.45112008592326 1.0557773776748425 1.5360661875813213 1.4262426803707711
0.99866244113652869 1.4760937620194077 1.2477695436977974 1.5851936249779155 1.574260760530048 1.3021369770931046
1.2479095211310347 1.3568622940934971 1.2940763316443411 1.3076774025107956 1.4344327934939622 1.371017828957118
1.5719028813527025 1.344002122272145 0.92299939749151005 1.451141417306379 1.1956468883861331 1.507704040844114
1.2760498529517048 1.1892243227383084 1.4743120645854861 1.1794681365988966 1.0086669069933303 1.5196603759908816
1.065911726866533 1.5990629920235475 0.99580668715833154 0.92235964495098632 1.4940232563142908 1.4989799604513454
1.0934847101729144 1.4564076416567768 0.96999174372750152 1.2076529903747284 1.4740461171245558 1.0142197029737989
0.97499931989409472 1.515777287778644 1.4968984351937364 1.1382067755733996 0.97779509670577835 1.1097559676568252
1.3317589290558638 1.1307906874989135 1.345474407921238 1.5449132585062602 1.1913987421118908 1.5459594245886485
1.4456096644670338 1.3157540174509759 1.0902084943390762 1.4052939110942935 1.4918847029461622 1.003830868376548
1.3679739431111217 1.2096768923542072 1.4357605390502108 0.95052027297486896 1.407316909207371 1.467265836218917
1.092264612296622 0.97283097977782618 1.1495981550838323 1.5191359691174393 1.3982238866445651 1.5388192244215424
1.0259623254717984 1.1779479396746471 1.5624890824671978 0.98413705518916661 1.1308722246127132 1.4096834580636759
1.1029314890966762 1.4929177822790147 1.5561446533208652 0.94972138208387169 1.0523969728379645 1.2729308386990179
1.4180791024281163 1.121200702414066 1.1299128737722071 1.0305494654693828 1.4972440427034317 1.5312610680664123
1.0029450989952531 1.2233944114113737 1.0385764146886278 1.1070982332847741 1.1580973634384946 1.3414740322036962
0.96697674099022324 1.5495030050708509 1.4433869264988091 0.93072092437845877 0.91109549535534184 1.3677143865409385
1.3077850544951775 1.243059706271775 1.3551116527475504 1.41904645508236 1.4055626185431329 1.5562487947228552
1.1858558614715919 1.1871129305080015 1.0478181013346577 0.91222070688501067 1.5217614506994503 1.1173650121120222
1.1820475231324397 1.3981533566897486 1.0930838501611573 1.1134621706977545 1.3076343083444182 1.3905485714464292
1.3972457124620044 1.1881435416327906 1.3009652568429693 0.9224703126140813 1.4727076461577469 1.1042958377513656
0.92767701738902575 1.1323211297831188 1.0066170595399779 1.0513380940281412 1.5469584861993364 1.3912414761911625
1.2021442300164136 1.3457807449321033 1.3094353234379055 1.0901098922116153 1.2563426327336675 1.1050148998509199
0.9169775458023387 1.5694309948970964 1.268413999646457 1.0431362955856964 1.2783779568730478 1.3645224888505876
1.0703778754955815 1.1995773801663934 0.95481988897070558 1.0955331822779013 1.2291351690248062 1.5361049144363925
1.591509804961406 1.1297168066624168 1.1124583206555347 0.91770726593494412 0.90030809199235895 1.321053377272505
1.5162101438392526 1.2462905663084851 1.3454477249051484 1.2115848939316956 1.0167609539678224 1.5921135425030613
1.5830764354777505 1.1597028229495576 1.0846923502037555 1.355593994946096 1.1110143143418985 1.4756344439300095
1.080376146656493 1.0762717430406177 1.0573883243727915 0.98042565123301251 1.2639049581484703 1.5116794359559229
1.1349441124095181 0.93225240743982984 0.96156114239134316 1.2895786888347875 1.0633305783638569 1.0024259483435372
0.99186249543784943 1.0597334531015294 0.97476210115000017 1.5776691496720714 0.93922020917766524 1.5345795539740761
1.4254540042263999 1.0319511709396474 1.3214615262549736 1.1371886011881105 1.1737515341833906 1.1546201476403131
1.4286198695664292 1.017720353763595 1.4132225266168259 1.0423153118556256 1.2534563087521529 1.5810761986329465
1.2560999959553409 0.93677287336291382 1.1201880655530057 1.2987534080346357 1.0142488467893198 1.3750083566884923
1.4174199736991677 1.464535544075193 1.4137842504866196 0.93926318010632692 1.1645098502779523 1.3448751362018532
1.4715075978585508 1.0560560229291682 1.5933306840558386 1.359933373150862 1.5865240732519108 1.2505467452460541
1.516131408587869 1.3631396264046978 1.2537870150577439 1.3621303925647785 1.0842125728503682 1.2160271132894702
1.5169548675197462 1.0284204957568073 1.2859256049445873 0.97424410819495488 1.1573715871217336 1.5435935460694468
1.5717405596314831 1.3513935481930821 1.0165709902750848 1.2490691095223885 0.919613961074214 1.5078757875874829
1.3108875025334885 1.4736300834421474 1.1300519216335925 1.4487891667789963 0.93347911302203301 0.92229065290983925
1.3586139536435189 1.322465978186592 1.4970235834463921 1.3562981515435104 1.0725613699623173 1.5378840330830701
1.4700497340639407 1.1778477488805374 1.5202041154671728 1.4702741679039817 0.94116032375088365 1.0374565059112992
1.3372344157154232 1.1358653643665266 1.2704630872101741 1.1573716858950507 1.4252114714537525 1.4826258666778362
1.3609206824720816 1.1842438372074653 1.5712286375299103 0.99269179953761832 1.0083656570536768 0.95727856956795532
1.4803366396212052 1.0003403784966562 1.4532049892010357 1.4004835611650248 1.384986244272902 1.1652736561063688
1.1298981698129877 1.4336371510516774 1.0621740427637425 1.1980869227013957 1.1042344885631969 1.1360044924949277
1.4986405922331609 1.2284242755036225 1.2564247934535784 1.4116186394720809 0.93824351220097446 1.0883788236062952
1.4859167467270527 1.2022178561340762 1.0379312811304484 0.94223862733616193 1.2255397193813828 0.97316397658190723
1.3850749873617791 1.2169717310046402 1.3096062674527866 1.5166509629604139 0.99004561344649422 1.4152162571079168
1.2262430226159733 0.94436895786333619 1.4065977251881332 1.1363701021280832 1.4457210189265401 1.5655432772949025
0.9149482678540577 0.92348276642231952 1.3070074433817096 1.3298022811626764 1.2380053653449228 1.4847864467295269
1.3846326927044497 1.3536438644132338 1.1943036036464569 1.4330946839724241 1.4029839299437286 1.0003809525538814
1.0372263221342322 1.3433903167798225 1.4393555804538827 1.5210148882297707 1.0757293171197264 1.3911335961491045
1.1962326719207323 1.1237838790821337 1.1500157003260894 1.4566903342778026 1.2170264768153078 1.426633863589986
0.91120028519393603 1.3643993572641451 1.534880204641518 1.598901539123059 1.4167482386764543 1.5641220078446518
1.2964418630287975 1.3390225274076857 1.53985140142087 1.4328772509855972 1.5671177836948071 1.3247980343346542
1.5923498648032091 0.92756824858850773 1.2938574313478939 1.1494239294586939 0.93751607240688728 1.0491954867508166
1.3325031656888464 0.92218275133307415 1.2448059524174473 1.1184170471106381 1.3307588586753525 1.0747994084264205
1.03770547171428 1.0721757617283747 1.5345242670151995 1.025791308121371 1.2286809798780336 1.0110074155373832
1.3821092135483632 1.5518094790897057 1.0172462754064358 1.1335997119188013 1.0736215055606384 1.2782736671730341
0.94647758775414403 1.4558683880860386 1.4645712359504413 1.3457198367259389 1.2758231570129266 1.0293536544907993
1.16176255079107 1.317169442600099 1.3192279274967822 1.1086466330567224 1.2821313297302583 1.2434330606727908
1.5983225910635595 1.4179869587664713 1.1133294636858502 1.0213037854924236 1.0587788437477346 1.4766107822019112
1.5543405916633828 1.0472043418741266 1.2377849447483305 0.99482006611795282 1.3407838664690346 1.0514777297578668
1.1962134352523923 1.1418268376905261 1.4299277013836535 0.99393572021428267 1.2585371157490917 1.3813082471881017
1.1693624166818142 1.1387257462598894 0.91405546984606445 0.97500680690660635 1.0165536879094221 1.0125560317586346
1.3081737661748398 1.3219395891958658 1.2089593208577396 1.1816374895807185 1.5757268945310985 1.3937276434081276
1.5164119968839489 1.2918869688020056 1.190894008942297 1.460688441771067 1.3263714210255846 0.91808297912464987
1.5833531803494747 1.2188310827643365 1.3252984667357119 1.2268498010821025 1.2747644902267781 1.1628844077110261
1.1418737887037436 1.4654072891168153 1.4098020950640415 1.4455141577481876 1.0925216538286917 1.4163113567928636
1.4310475851573332 1.5932779744670866 1.4423270999753255 1.187650607988777 1.256132171660062 1.1268937947243851
0.91842567054700053 1.0197516969977074 1.3389495564147698 1.2725035023952351 1.1363447981454344 1.326403273123232
1.2258237534635668 1.1637993286078154 1.244870727952482 1.0715193889903822 1.225207316529394 1.2746149172353352
0.99553567185762659 1.0976168367957209 1.5169094986904266 1.3140436134433808 1.141030732246715 0.91854615668383033
1.0926066313549789 0.97713387348413638 1.5621713880500043 1.2577163564069194 0.93302871765916329 1.3011589087849762
1.2954300544137289 1.1819213033883318 1.322234081979631 1.5027650654838349 1.0227846813606951 0.99009807775811121
1.3405265675304852 1.2874740016363153 1.4507902575452358 1.4089543129708078 1.5106070962807348 1.5323949191691171
1.3898064113969402 1.1595054606280191 1.1135666175185648 0.97771054291366377 0.99752635896743136 1.5238424501596572
0.90763892350404007 1.4337097324437216 1.3074716423647488 1.0748433614227375 0.94353935508082409 1.2234631353482355
1.4413691958152919 1.1073332894942942 0.92743250112077591 1.1849574782021581 1.4471041153474573 1.2802389872281281
1.535193454066307 1.1911340582283334 1.225025402534778 1.5947312926680346 1.3933213234378841 1.0903658618108967
1.5645421185939048 1.0816833862191004 0.90702467879207171 1.292004396508188 1.103499356848292 1.2349533236346912
1.0802089027815567 1.3567587976887983 1.2487069320897053 1.1409513188472522 1.3030536713405416 1.3474101551336795
