# regenerated from mpmath zetazero(n), dps=25, n=1..32000 (rigorous reference values)
# supersedes zeros_rust_100k.txt for gamma<=~20500; that file is UNTRUSTED above gamma≈20100
1 14.13472514173469379046
2 21.02203963877155499263
3 25.01085758014568876321
4 30.42487612585951321031
5 32.93506158773918969066
6 37.58617815882567125722
7 40.9187190121474951874
8 43.3270732809149995195
9 48.00515088116715972794
10 49.77383247767230218192
11 52.97032147771446064415
12 56.44624769706339480437
13 59.34704400260235307965
14 60.83177852460980984426
15 65.11254404808160666088
16 67.07981052949417371448
17 69.54640171117397925293
18 72.06715767448190758252
19 75.70469069908393316833
20 77.14484006887480537268
21 79.33737502024936792276
22 82.91038085408603018316
23 84.73549298051705010574
24 87.42527461312522940653
25 88.80911120763446542368
26 92.49189927055848429626
27 94.6513440405198869666
28 95.87063422824530975874
29 98.83119421819369223332
30 101.3178510057313912288
31 103.7255380404783394164
32 105.4466230523260944937
33 107.1686111842764075151
34 111.0295355431696745247
35 111.8746591769926370856
36 114.3202209154527127659
37 116.2266803208575543822
38 118.790782865976217323
39 121.3701250024206459189
40 122.9468292935525882008
41 124.2568185543457671847
42 127.5166838795964951243
43 129.5787041999560509858
44 131.0876885309326567236
45 133.4977372029975864501
46 134.7565097533738713313
47 138.1160420545334432002
48 139.7362089521213889505
49 141.1237074040211237619
50 143.1118458076206327394
51 146.0009824867655185474
52 147.4227653425596020495
53 150.0535204207848803514
54 150.9252576122414667619
55 153.0246938111988961983
56 156.1129092942378675698
57 157.5975918175940598875
58 158.8499881714204987242
59 161.1889641375960275194
60 163.0307096871819872433
61 165.53706918790041883
62 167.184439978174513441
63 169.0945154155688214895
64 169.9119764794116989667
65 173.4115365195915529598
66 174.7541915233657258134
67 176.4414342977104188889
68 178.3774077760999772858
69 179.9164840202569961393
70 182.2070784843664619154
71 184.874467848387508801
72 185.5987836777074714665
73 187.2289225835018519916
74 189.4161586560169370849
75 192.0266563607137865473
76 193.0797266038457040474
77 195.2653966795292353215
78 196.8764818409583169486
79 198.0153096762519124249
80 201.264751943703788733
81 202.4935945141405342777
82 204.1896718031045543307
83 205.3946972021632860252
84 207.9062588878062098615
85 209.5765097168562598528
86 211.6908625953653075639
87 213.3479193597126661906
88 214.5470447834914232229
89 216.1695385082637002659
90 219.0675963490213789857
91 220.7149188393140033691
92 221.4307055546933387321
93 224.0070002546043352117
94 224.9833246695822875038
95 227.4214442796792913105
96 229.3374133055253481078
97 231.2501887004991647738
98 231.9872352531802486038
99 233.6934041789083006407
100 236.5242296658162058025
101 237.7698204809252040032
102 239.5554775733276287403
103 241.0491577962165864128
104 242.8232719342226000168
105 244.0708984970781582368
106 247.1369900748974994676
107 248.1019900601484592568
108 249.5736896447072091923
109 251.014947795016001143
110 253.0699867479994771946
111 255.3062564549140227531
112 256.3807136944344777894
113 258.610439491531368209
114 259.8744069896780003507
115 260.8050845045968701859
116 263.5738939048701322331
117 265.5578518388763202925
118 266.6149737815010724957
119 267.9219150828240594404
120 269.9704490239976025947
121 271.4940556416449990182
122 273.4596091884032870457
123 275.5874926493438412487
124 276.4520495031329386799
125 278.2507435298419544927
126 279.2292509277451892284
127 282.465114765052096233
128 283.2111857332338674205
129 284.8359639809047241332
130 286.6674453630028842928
131 287.9119205014221871553
132 289.5798549292188341527
133 291.8462913290673958355
134 293.5584341393562853568
135 294.9653696192655421751
136 295.5732548789582923885
137 297.9792770619434152099
138 299.84032605372131296
139 301.6493254621941836235
140 302.6967495896069170518
141 304.8643713408572977001
142 305.7289126020368092892
143 307.2194961281700547894
144 310.1094631467018988048
145 311.1651415303560032709
146 312.4278011806008919805
147 313.985285731158922979
148 315.4756160894757338686
149 317.7348059423701803956
150 318.8531042563165979067
151 321.1601343091135782919
152 322.1445586724829322988
153 323.4669695575120505062
154 324.862866051739613265
155 327.4439012619054573435
156 329.0330716804809340336
157 329.9532397282338663439
158 331.4744675826634243757
159 333.645378524869850585
160 334.2113548332443832324
161 336.8418504283906847947
162 338.3399928508066118863
163 339.8582167253635401923
164 341.0422611110465604826
165 342.0548775103635854514
166 344.6617029402523370442
167 346.3478705660099473959
168 347.2726775844204844758
169 349.3162608706961441232
170 350.4084193491920991877
171 351.8786490253592804367
172 353.4889004887188067836
173 356.017574977264947318
174 357.1513022520396248096
175 357.9526851016322737551
176 359.7437549531144487993
177 361.2893616958046503903
178 363.3313305789738347473
179 364.7360241140889937163
180 366.2127102883313168611
181 367.9935754817403033262
182 368.9684380957343898916
183 370.0509192121060003397
184 373.0619283721128384491
185 373.8648739109085697448
186 375.8259127667393341079
187 376.3240922306680521172
188 378.4366802499654797241
189 379.872975346532346651
190 381.4844686171865249197
191 383.4435294495364877043
192 384.9561168148636871038
193 385.8613008459742291806
194 387.2228902223879809759
195 388.8461283542322546008
196 391.4560835636380457706
197 392.245083339519096749
198 393.4277438444340259367
199 395.5828700109937209709
200 396.381854222592186932
201 397.918736209614243387
202 399.9851198761948995059
203 401.8392286005332165399
204 402.8619177638861141763
205 404.2364418002080047402
206 405.1343874599099272575
207 407.5814603868961820763
208 408.9472455023511125196
209 410.5138691933666386468
210 411.9722678042787506646
211 413.2627360701850468863
212 415.0188097551551156463
213 415.4552149962945988571
214 418.387705789534779226
215 419.8613648181523236879
216 420.643827625041786268
217 422.0767100588267596298
218 423.7165796274818186106
219 425.0698824944613476144
220 427.2088250840745805281
221 428.1279140766166821103
222 430.3287454309386366699
223 431.3013069307035920195
224 432.1386417345885683063
225 433.8892184809272253029
226 436.1610064326469840718
227 437.581698167668581154
228 438.6217386562721962909
229 439.9184422143706564102
230 441.6831992011890238742
231 442.9045463026094494697
232 444.3193362775591559203
233 446.8606226964295225289
234 447.4417041944932900655
235 449.148545685023304753
236 450.12694578031352403
237 451.4033084453887954621
238 453.9867378066779160384
239 454.9746837686167888753
240 456.3284266892460512245
241 457.9038930641029715747
242 459.513415281106011754
243 460.0879444221758412553
244 462.0653672748825309638
245 464.0572869105482845762
246 465.671539211371094553
247 466.5702869308262551674
248 467.4390462102616388566
249 469.5360045591120321918
250 470.7736554781016476901
251 472.7991746619088166583
252 473.8352323451396870738
253 475.6003393693757856054
254 476.7690152374845208528
255 478.0752637666709691999
256 478.9421815346348265383
257 481.8303393762865613667
258 482.8347827909823973066
259 483.8514272124825375602
260 485.53914812935600693
261 486.5287182616512443524
262 488.3805670900174485271
263 489.6617615779561315128
264 491.3988215936630065692
265 493.3144415817853009364
266 493.9579978053694649096
267 495.3588288221312774968
268 496.4296962157591034839
269 498.5807824296865420167
270 500.3090849416904955393
271 501.6044469651454776633
272 502.2762703271182331754
273 504.4997733134277371838
274 505.4152317422444420296
275 506.4641527095235312215
276 508.8007003364678208095
277 510.2642279436728344208
278 511.5622897003745954605
279 512.6231445314074186671
280 513.6689855554736834362
281 515.4350571672993772497
282 517.5896685724674253414
283 518.2342231475501435739
284 520.1063104117232559032
285 521.5251934494920409677
286 522.4566961777302104301
287 523.960530892015840487
288 525.0773856872796221806
289 527.9036416012723452296
290 528.4062138522926589416
291 529.8062263187069007982
292 530.8669178839610896444
293 532.6881830282937305051
294 533.7796307537687325655
295 535.664314075873224617
296 537.0697590831223275884
297 538.4285261762479628435
298 540.2131663762281333836
299 540.6313902472951173601
300 541.8474371212012815471
301 544.3238901010052629031
302 545.6368332489348182549
303 547.0109120581222924637
304 547.9316133644893383105
305 549.49756756266137846
306 550.9700100394838890457
307 552.0495722005648927926
308 553.7649721191588146171
309 555.7920205616825084166
310 556.899476406855351262
311 557.5646591720585284085
312 559.3162370286821637609
313 560.2408074972956682418
314 562.5592076160458511081
315 564.1608791107861178139
316 564.5060559381498351222
317 566.6987876828079562415
318 567.7317579011769374503
319 568.9239551796293684968
320 570.0511147824635920385
321 572.4199841324527640453
322 573.6146105267581299872
323 575.0938860144948856075
324 575.8072471409287807094
325 577.0390034720982112166
326 579.0988346720366074313
327 580.1369593623846286727
328 581.9465762659016255515
329 583.236088219167278262
330 584.5617059034655283669
331 585.9845632049883005742
332 586.7427718912501556448
333 588.1396632662479564176
334 590.660397516765275631
335 591.7258580650480566492
336 592.5713583002255698208
337 593.9747146822310292438
338 595.728153697388949177
339 596.3627683283936840896
340 598.4930773461647544011
341 599.5456403643648539975
342 601.6021367359326360517
343 602.5791678863873542988
344 603.6256189035791606722
345 604.6162184937532329146
346 606.3834604221090410887
347 608.4132173111873251751
348 609.3895751547200805273
349 610.8391629377394069267
350 611.7742096208872046352
351 613.5997786756371194052
352 614.6462378722326215256
353 615.5385633694070278535
354 618.1128313664423733825
355 619.184482597953634249
356 620.2728936722275219191
357 621.7092945279486229573
358 622.3750027397790092179
359 624.2699000181778808348
360 626.0192834276543821983
361 627.268396850783020752
362 628.3258623594603619359
363 630.4738874382920458706
364 630.8057809271975326419
365 632.2251411671159519522
366 633.5468582522517774842
367 635.5238003106054538105
368 637.3971931598373071737
369 637.9255139808225810934
370 638.9279382668567701938
371 640.6947946688256676232
372 641.9454996657052945454
373 643.2788837813978893611
374 644.9905782297480025124
375 646.3481915955015920339
376 647.7617530042888837938
377 648.7864008887824407711
378 650.1975193452564590833
379 650.6686838913959825306
380 653.6495716053946919021
381 654.3019205863193422755
382 655.709463022355636316
383 656.9640845994606174229
384 658.1756144186053997449
385 659.6638459729641078312
386 660.7167325952792700522
387 662.2965864311004106444
388 664.2446046522730134499
389 665.3427630955990405428
390 666.5151477041729605488
391 667.1484948945554299411
392 668.9758488202351314062
393 670.3235852058625840344
394 672.4581835841697341814
395 673.0435782861476457701
396 674.3558978101231678962
397 676.1396743636267482032
398 677.2301806687639732479
399 677.8004447462213349189
400 679.7421978825282177195
401 681.8949915331518891095
402 682.6027350197505454875
403 684.0135498138695052362
404 684.9726298620984525457
405 686.1632235877279496035
406 687.9615431847036484828
407 689.3689413622723684233
408 690.4747350323503976939
409 692.4516844155208488498
410 693.1769700606018248456
411 694.5339086998731400156
412 695.7263359209267301678
413 696.6260699003456149709
414 699.1320954760135067108
415 700.296739132143494568
416 701.3017429546461556852
417 702.2273431457605001194
418 704.0338392955253093227
419 705.1258139546192276669
420 706.1846547995179190258
421 708.2690708851098999953
422 709.229588570284300709
423 711.1302741796854315655
424 711.9002899143753120389
425 712.7493834701012902546
426 714.0827718206693930769
427 716.1123964540521101482
428 717.4825697031001907144
429 718.7427865454858939884
430 719.6971009883656651327
431 721.3511622185364171284
432 722.2775049756742373404
433 723.8458210451284155117
434 724.5626138903790795922
435 727.0564032300493816176
436 728.4054815889340600347
437 728.7587497956142685661
438 730.4164821227564347099
439 731.4173549185985250807
440 732.8180527144998492086
441 734.7896432523779942523
442 735.7654592085783210769
443 737.0529289122653080423
444 738.5804211713738225217
445 739.9095236740419440297
446 740.573807447295010515
447 741.7573355729416732759
448 743.8950131424736593816
449 745.3449895506118743256
450 746.4993058994323295096
451 747.6745636242695283596
452 748.2427544650845478685
453 750.6559503621242998668
454 750.9663810666508372685
455 752.8876215672023747495
456 754.3223704717126726851
457 755.8393089760378298728
458 756.7682484399509307201
459 758.1017292464125834115
460 758.9002382248923747674
461 760.2823669835120645319
462 762.7000332496910547281
463 763.593066172837222997
464 764.3075227241802217363
465 766.0875400998362053944
466 767.2184721555395140825
467 768.2814618065092308235
468 769.693407252624424325
469 771.0708393136783163212
470 772.9616175657570243378
471 774.1177446279405074021
472 775.04784709658050805
473 775.9997119631714424777
474 777.2997485295925648165
475 779.1570769491890040639
476 780.3489250041816705381
477 782.1376643908120947543
478 782.5979439460735398662
479 784.2888226124655014631
480 785.7390897007150518406
481 786.4611474505062774599
482 787.4684638159100383815
483 790.0590923641195642949
484 790.8316204679210350191
485 792.4277076086045268664
486 792.8886525626225880422
487 794.4837918698931644813
488 795.6065961561624126279
489 797.2634700380355849162
490 798.7075701662962113097
491 799.6543362108976327728
492 801.6042464629820559667
493 802.5419848784181496624
494 803.2430962042701941902
495 804.7622391126617639516
496 805.8616356670948028368
497 808.1518149359937473924
498 809.1977833633007103877
499 810.0818048864070998915
500 811.1843588465062603379
501 812.7711083891093427198
502 814.045913607510993502
503 814.870539625872567784
504 816.7277377143947163165
505 818.3806688663616765116
506 819.2046421708238626058
507 820.7218984438692874664
508 821.7134541333794018099
509 822.1977574934042771436
510 824.5262938716297481638
511 826.039287376574383548
512 826.9058109540807719797
513 828.3401743004899003705
514 829.437010968309333623
515 830.8958840533174007301
516 831.7997776590705830743
517 833.0036409091541995383
518 834.6519151478255758073
519 836.6935761875918671689
520 837.3473350595315147675
521 838.2490219927321458365
522 839.4653948102824755503
523 841.0363898290134237244
524 842.0413542065263713334
525 844.1661966073507688213
526 844.8059939757637268813
527 846.1947699276939977637
528 847.9717176395120066363
529 848.4892811809435238249
530 849.8622743486978262643
531 850.6454484660040923782
532 853.1631125833891553258
533 854.09551171986905862
534 855.2867102444049363482
535 856.484117490791662854
536 857.310740602603826033
537 858.9040264664756944128
538 860.4106708960146707516
539 861.171098212715337606
540 863.1897197719089342361
541 864.3408239300695408557
542 865.5946643265159653951
543 866.423739904042641463
544 867.6931226117850062388
545 868.6704942291315966678
546 870.8469023257540162058
547 872.1887508216132077559
548 873.0989789712819814983
549 873.9083892353375304396
550 875.9852851087803223744
551 876.6008258330274423972
552 877.654698341033475144
553 879.3809519697909824565
554 880.834648847939390283
555 882.3866966271964612524
556 883.4303318387016456846
557 884.1987431145947269604
558 885.2723044796171270512
559 886.852801962916298372
560 888.4755666738171947737
561 889.7352942940907370974
562 890.8131321125280636862
563 892.3864332601558693417
564 893.1191175672942583362
565 894.8862923208687161422
566 895.3979196747829650554
567 896.6322515562027200335
568 899.2215226683834193901
569 899.8588846079374834443
570 900.8497398605213961178
571 902.2432075867522884616
572 903.0996744426304549467
573 904.7029027222813207743
574 905.8299407582222094048
575 907.6567294689675253116
576 908.3335436450609252807
577 910.1863340571798425654
578 911.2349514859555040926
579 912.3310456000355872488
580 912.823999246743395378
581 914.7300969583756133384
582 916.3550008086427658914
583 917.8253775704267830265
584 918.8365352435290295712
585 919.4483444396823047818
586 921.1563955071548533674
587 922.5006293066367702662
588 923.2857198024222426739
589 924.7734839334766644162
590 926.5515527846030289416
591 927.8508589857535941479
592 928.6636593289348922888
593 929.8740928506477547771
594 931.0092113366280729543
595 931.8527407455200799217
596 934.3853068372584647544
597 934.9954248638464596176
598 936.2286493792829272137
599 937.5329257119703812729
600 939.0243008992183821842
601 939.6609406145281659856
602 941.1569996420423726078
603 942.0523416433754978744
604 944.188035809572744512
605 945.3335625030459461415
606 946.7658422047278511567
607 947.0791830962548779651
608 948.3466462550449671666
609 950.1516126846438408647
610 951.0332487338235099745
611 952.7279886198506260847
612 954.1297192695514153368
613 954.8293089382166371195
614 956.6754793432897960231
615 957.5100525964237224677
616 958.41459339013618097
617 959.459168807068112561
618 961.6695724741927533427
619 963.1820866713114469971
620 963.5670401916122706719
621 965.0555796237511162249
622 966.1107548184102040187
623 967.3711537662628543152
624 968.6363019060873264081
625 970.1256105569411754792
626 971.0714914863857279403
627 973.1853612943011942216
628 973.8730789926535971942
629 974.7746350658374298753
630 976.1785024205896093442
631 976.9172021170506220214
632 978.766671535112974454
633 980.5780006397744180613
634 981.2886153017589694594
635 982.3964851687789784014
636 983.5750760064313287555
637 985.1869286557734357695
638 986.1305151101845266494
639 986.7560084076560356218
640 988.9926223706574066074
641 990.223917804027972363
642 991.3742941477615054319
643 992.7286963367326594436
644 993.2145809574429537075
645 994.4045905710944919
646 996.2053361642982864835
647 997.511934751939229211
648 998.8275471369296331305
649 999.7915715574129404632
650 1001.349482637782737122
651 1002.404305488391711308
652 1003.267808179453248258
653 1004.675044121172894226
654 1005.543420304378364197
655 1008.006704307063646198
656 1008.795709900742282346
657 1009.806590746964629457
658 1010.569757011061075899
659 1012.410042515761596843
660 1013.058638098408985073
661 1014.689632622370404688
662 1016.06017894264737813
663 1017.26640236435540667
664 1018.605572518620154951
665 1019.912439743944038362
666 1020.917475017263678316
667 1021.544344499904651907
668 1022.885270911716347826
669 1025.265724197727696367
670 1025.707944371462889238
671 1027.467693515587770273
672 1028.128964255497517878
673 1029.227297443961366731
674 1030.897368790596523561
675 1031.833180297407762541
676 1032.812883035158851461
677 1034.612915529520810066
678 1036.195917358054740254
679 1037.024707646281749751
680 1038.087752240618836437
681 1039.077401436896688727
682 1040.264037937695760831
683 1041.621528014542274155
684 1043.62395434962149387
685 1044.514975829078768115
686 1045.107042352977911391
687 1047.089817484294784221
688 1047.987147489600471131
689 1048.953785194685961633
690 1049.996284256593219756
691 1051.576571843205195796
692 1053.245785158385757626
693 1054.781039478281349907
694 1055.002146475685736209
695 1056.688847363828229858
696 1057.100043659617783603
697 1059.133769106897146229
698 1060.139518561607819097
699 1061.501304465068420063
700 1062.915381507880563602
701 1064.071551071718540425
702 1065.121855106293055479
703 1066.463223469242981944
704 1067.418860120964558059
705 1067.990000079042625468
706 1070.535041996829262809
707 1071.618623215089537905
708 1072.543998011121555349
709 1073.570353165093725438
710 1074.747771044310998579
711 1076.266625594177409865
712 1076.924056065754446888
713 1078.647198480956364694
714 1079.809965429259069214
715 1081.171002343467803785
716 1082.952749723069668661
717 1083.295466514085606768
718 1084.183264310430216143
719 1085.647831208639340712
720 1086.911998989825093116
721 1088.755724674808801472
722 1089.795337924074774958
723 1090.863191026248860785
724 1091.728472966936828999
725 1093.440873272368634681
726 1094.284457523754159836
727 1095.43308475866147869
728 1096.401917794742528502
729 1098.841015466649861787
730 1099.360667178571795595
731 1100.574460622462563219
732 1101.839111168756013405
733 1102.551779899917722747
734 1103.732297174546935848
735 1105.617188830762071517
736 1106.774371675832775101
737 1107.774531955010136933
738 1109.158918856766451888
739 1110.444142993613205803
740 1111.443504764899896587
741 1112.432995408076444581
742 1113.397595114801993514
743 1115.065359461566605677
744 1116.787253881214524191
745 1117.965919669199670945
746 1118.684134861018390904
747 1119.473247426178982902
748 1121.155937675810569905
749 1122.458621356880512254
750 1123.101117387809200167
751 1125.31472939784647008
752 1125.763442429252559466
753 1127.658023527215719231
754 1128.430224613892711372
755 1129.728996777065562175
756 1130.391597896231670832
757 1131.495085561917043222
758 1133.708625669456235851
759 1134.885654591533196431
760 1135.562213975477545957
761 1136.929293480969529785
762 1138.151589779805540729
763 1138.992341820493635894
764 1140.721848171903359753
765 1141.26102296413675833
766 1142.858659607856481118
767 1144.782299518625341877
768 1145.485327517117106808
769 1146.576814924866953406
770 1147.501776523319316091
771 1148.615277208834019004
772 1149.982601028107097665
773 1151.562814723673218149
774 1152.943128530589795952
775 1153.890303716271268027
776 1154.697519535382382913
777 1156.621567833872543411
778 1157.432314575610906333
779 1158.001609027294966145
780 1159.480657019022297309
781 1161.396644634378091498
782 1162.487528602005427804
783 1163.701031682778615588
784 1164.737586351227609935
785 1165.271227706457693606
786 1166.943613409528712677
787 1168.086271610138794298
788 1169.698356884884906186
789 1170.463638578283666041
790 1172.120681865695599846
791 1173.305687764048358727
792 1174.232766856456302652
793 1175.215452395950775247
794 1176.632875809788458633
795 1177.106304421656146949
796 1179.701223501933898033
797 1180.653543787084385331
798 1181.267318151680018959
799 1182.58227034692039044
800 1183.71277529597431535
801 1185.155842847465792283
802 1185.875358695356620013
803 1187.345161493267309956
804 1188.856444298229306789
805 1189.963636497918443344
806 1191.482605926413470865
807 1192.218611478101545078
808 1193.324021427455080275
809 1193.857427135436991966
810 1196.034671748671062232
811 1197.071786658821966804
812 1198.686569104630566476
813 1199.356513707893968132
814 1200.53269203121991431
815 1201.810334856606049786
816 1203.137350861425479453
817 1203.855247594097002027
818 1204.985492171466410716
819 1206.870499793853068292
820 1208.471459949531031463
821 1208.989484167939025677
822 1209.898030087545955753
823 1211.41611589279812306
824 1212.113153066319792624
825 1213.598372680368218485
826 1215.38997506504563427
827 1216.183722033467416724
828 1217.17448249773891904
829 1219.050028177406163509
830 1219.61447131085848431
831 1220.816347690978131431
832 1221.692242483143733212
833 1222.952484095108358243
834 1225.018330024168539197
835 1225.855020760795715397
836 1227.231827641490931924
837 1227.917141614400044406
838 1228.793154362981171769
839 1230.58460315424927572
840 1231.562273877645398165
841 1232.529587040597895551
842 1234.277816653431788049
843 1235.502548526520997319
844 1236.399017465778995865
845 1237.977298513581145513
846 1238.457232795661807116
847 1239.490807146795754278
848 1240.813471785216266892
849 1243.078076398021118882
850 1243.53814652611425998
851 1244.851433966983858565
852 1245.655866188147822479
853 1247.372561969855643916
854 1248.063061053208198685
855 1249.159887953002983341
856 1250.672397275678117155
857 1251.65983200427122118
858 1253.673577852107102018
859 1254.431328421773449369
860 1255.408230645290734638
861 1256.181214198460866068
862 1257.541219412644114427
863 1258.779233488595053191
864 1260.344548316185519868
865 1261.611717161479839904
866 1262.556614000356224343
867 1263.67673284386179333
868 1264.957223006999789288
869 1266.179037760562062243
870 1267.20034561184548922
871 1267.570571779440223459
872 1270.118921886492603925
873 1271.1342996316099914
874 1272.083959599332897423
875 1273.261144633455752814
876 1274.196220889480358828
877 1275.092030315840457782
878 1276.842171555569794686
879 1277.763091986346820921
880 1279.332843316708251394
881 1280.155794409022930467
882 1281.828726959699933929
883 1283.000491386699676608
884 1283.3350321388792806
885 1284.85479515462165784
886 1285.695023331138592775
887 1287.410026617075316132
888 1289.165351532773061481
889 1290.10477151980733789
890 1290.417708073042503663
891 1291.9458709680831984
892 1293.493981557417445062
893 1294.118474377848352386
894 1295.365363505358250255
895 1296.801110992347291502
896 1298.256527067889529432
897 1299.405171250743978398
898 1300.490018982447638393
899 1301.495516680575058356
900 1302.346742379246917921
901 1303.273200228794143469
902 1305.401672188004384663
903 1306.508393312968836972
904 1307.267242107802427098
905 1308.988196517643387242
906 1309.421532493255966674
907 1311.056570511111896664
908 1311.966940608049354869
909 1313.031599369019664552
910 1314.052565651726166193
911 1316.21211260285404978
912 1317.072986034829955001
913 1318.171279132165052549
914 1318.947880596566338336
915 1319.931082877536473052
916 1321.628138551912418057
917 1322.258067123391157945
918 1324.224978718844330913
919 1325.237624358982335353
920 1325.981969630446281223
921 1327.63528110845744964
922 1329.04351799651860124
923 1329.205018785483634848
924 1330.429937120459263183
925 1331.827591385285217524
926 1333.673522610284933271
927 1334.74732905168977653
928 1335.694974526002066589
929 1336.690184653385871054
930 1337.688791809669949603
931 1338.923164598670349829
932 1340.42640045730017579
933 1341.166272252926387072
934 1342.608507883776861328
935 1344.156044003595790998
936 1345.477106261398714427
937 1345.731413255418407759
938 1347.519471750899911107
939 1348.017238018736410092
940 1349.085194014047657981
941 1351.29620637409671801
942 1352.210465159175538379
943 1353.483338358264576554
944 1353.886781971696227684
945 1355.680595320636491887
946 1356.60565570980795392
947 1357.771742828579464072
948 1358.460160399159026437
949 1360.393144762191152312
950 1361.393074713639681699
951 1363.022328603280756839
952 1363.879190797134472438
953 1364.576584896753972641
954 1365.493733551295247265
955 1367.10409097000823088
956 1368.330193307985894895
957 1369.686949077342916601
958 1370.973522767783644046
959 1371.686553552827391129
960 1373.202914562373382103
961 1374.154798658640645627
962 1375.302392344748902155
963 1376.161779993619352039
964 1377.177633642104626322
965 1379.683283028612926386
966 1380.148578441692403064
967 1381.073977149205634871
968 1382.345662978473679888
969 1383.297591007946474903
970 1384.444415847760082973
971 1385.663777011192686439
972 1387.326647663489530606
973 1387.921454127112797023
974 1389.565831798393937195
975 1390.705490286427665122
976 1391.853200443269755385
977 1392.644027788548648256
978 1393.433401740793665026
979 1394.884184675680354479
980 1396.54416312368250177
981 1397.834623321387224279
982 1398.837675201385865234
983 1399.839472941206481467
984 1400.426946297394298261
985 1402.564347250065993817
986 1402.97374764091920805
987 1404.006292170522757129
988 1405.666975059246875092
989 1407.085142776436486841
990 1408.136307496189550755
991 1409.32068107983895725
992 1410.024810725802225833
993 1411.25705681570662386
994 1411.965653461773004284
995 1413.843148788568852999
996 1415.585784795495351209
997 1415.781581303282910083
998 1417.102822933822614756
999 1418.696963852452165675
1000 1419.422480945995686466
1001 1420.416526323751136034
1002 1421.850567187048653911
1003 1422.461310987507366496
1004 1424.463045669579022247
1005 1425.873469244996591079
1006 1426.64597968212003938
1007 1427.365671109426682029
1008 1428.592305875978768706
1009 1429.650477276191545765
1010 1431.218313672751658422
1011 1432.049740893313600727
1012 1433.821940737065160513
1013 1434.584942168260123966
1014 1435.692907383419277384
1015 1437.226721623801248684
1016 1438.006284841722401518
1017 1438.949552746882798976
1018 1439.622793078163983974
1019 1441.960987504861836181
1020 1442.911059580896858868
1021 1444.041930706366562243
1022 1445.072278459201045744
1023 1445.830084779710020783
1024 1447.226227099975794392
1025 1448.323853515725453518
1026 1449.488771280731257903
1027 1450.77356185829733009
1028 1451.835297999393383264
1029 1453.737596757102226255
1030 1454.226011260226279618
1031 1455.312091239819668355
1032 1456.167797608387255558
1033 1457.53900166841123044
1034 1458.393777368687248897
1035 1460.688270535419103886
1036 1461.24544334515995593
1037 1462.266123265787259538
1038 1463.286891190427541263
1039 1464.696903297876409962
1040 1465.889557614085268159
1041 1466.505621107887723369
1042 1467.703989586071013402
1043 1469.347649878269645799
1044 1470.9665891271649672
1045 1471.388764527106594516
1046 1473.020132324185711144
1047 1473.745649185746533474
1048 1474.203221565698878786
1049 1476.092127038240920703
1050 1477.435191147500117405
1051 1478.441395973412948585
1052 1479.759918706490077675
1053 1480.76687901798225768
1054 1481.964684209802309576
1055 1483.03295995807148065
1056 1484.143580881755407775
1057 1484.817883231203726577
1058 1486.171349027557139928
1059 1488.116337976228270527
1060 1489.252466946430123072
1061 1489.970892204678885759
1062 1490.670693814603265611
1063 1492.180090544016411449
1064 1493.330835421270217761
1065 1494.155368613688803743
1066 1495.76883297894173164
1067 1497.065505571710063708
1068 1497.747360933121155703
1069 1499.640824746619819727
1070 1500.351951516603164877
1071 1501.119324922131586755
1072 1502.346063292399062925
1073 1503.090933126680493369
1074 1505.261529654671910927
1075 1506.152986138113179315
1076 1507.40750516383032228
1077 1508.253031029542275305
1078 1509.28041936322324329
1079 1510.391797446473538038
1080 1511.923005459002111188
1081 1512.589764705458127803
1082 1513.589765539918677587
1083 1515.708343586873929897
1084 1516.435989718758455005
1085 1517.719806254130186785
1086 1518.41479148725369107
1087 1519.741009493906820863
1088 1520.27362222035615427
1089 1521.901909065460911395
1090 1523.486047149258880137
1091 1524.72489216062218699
1092 1525.227837233791800071
1093 1526.552311910387456833
1094 1528.04093042929757216
1095 1529.034456728701310628
1096 1529.369975365194524166
1097 1531.020742970222322576
1098 1532.222326939392069529
1099 1533.886977913201592097
1100 1535.042277471206664585
1101 1535.769502395248204328
1102 1536.620701824029871898
1103 1537.651062167944922465
1104 1539.302854855583229428
1105 1540.030270139506368974
1106 1541.742248762789003494
1107 1542.496522922766279605
1108 1544.118670054520289895
1109 1544.83460822751948011
1110 1546.091197786313297886
1111 1547.297581121406901368
1112 1547.806563801857567812
1113 1548.871348178725372884
1114 1551.273845326404526568
1115 1552.006872837670069397
1116 1552.73610532980385513
1117 1554.156519109657777789
1118 1554.921285164991869749
1119 1556.162987497552752346
1120 1557.394507017690490988
1121 1558.339152852351962786
1122 1559.781154390710235255
1123 1560.87647577780945214
1124 1562.410153180194439681
1125 1563.385400958495537268
1126 1564.177940460431674821
1127 1564.91578826226013593
1128 1566.266415601551516737
1129 1567.623450717218105457
1130 1569.022477804374074529
1131 1570.50927786692083775
1132 1571.045381485538185057
1133 1571.845352088045338365
1134 1573.806563330271403835
1135 1574.230915429863777755
1136 1575.638154952016551704
1137 1576.161352363424377561
1138 1578.118826945782786075
1139 1579.514055067740677248
1140 1580.372081625471549375
1141 1581.363551773001820393
1142 1582.329486944147176257
1143 1583.394693435421748433
1144 1584.234848066376210518
1145 1586.293210750337776066
1146 1587.004342107041149829
1147 1588.163404028904790148
1148 1589.357945949557727776
1149 1590.835904321394104771
1150 1591.293884373572356231
1151 1592.637167039234918473
1152 1593.584808188861926335
1153 1594.442689655690523962
1154 1596.484492409654675247
1155 1597.715895944423128646
1156 1598.420798549670449746
1157 1599.619348950462806911
1158 1600.048044903407311118
1159 1601.911946228582195319
1160 1602.815404793726602518
1161 1603.655202996124079668
1162 1605.521646646623348704
1163 1606.293418126574223499
1164 1607.556905211982879541
1165 1608.836295305010015548
1166 1610.00326419003794431
1167 1610.253823162574488808
1168 1611.437141269554780419
1169 1613.078855451027423514
1170 1614.71062785216149174
1171 1615.57460871897200876
1172 1616.398394841583644177
1173 1617.734684840985208561
1174 1618.537517831977547528
1175 1619.952501261128849053
1176 1620.774310821388562419
1177 1622.098751698022960735
1178 1622.977767699475580047
1179 1625.02185665796278985
1180 1625.987020163621172242
1181 1626.39991931163555192
1182 1627.755441276315744955
1183 1628.715316856763230192
1184 1629.658668954947761463
1185 1631.194814551515752983
1186 1632.798183570708816966
1187 1633.512516889737263158
1188 1634.516822662067080706
1189 1635.718366326213799526
1190 1637.089190173370945876
1191 1637.994643586012752332
1192 1638.599658304213882696
1193 1639.821235729830195521
1194 1641.899819008504577039
1195 1642.489779822378073057
1196 1644.152065959737679197
1197 1644.713745774667882876
1198 1645.573760362766078582
1199 1646.624866593178890766
1200 1648.270598222531697808
1201 1649.118535409240123292
1202 1650.41698898304838115
1203 1651.732693341395981037
1204 1652.671065899601207082
1205 1654.205896759371166943
1206 1654.726652393321786382
1207 1655.822775676771767318
1208 1657.114236399763082354
1209 1657.567101179321441113
1210 1660.019980337998945424
1211 1660.860056833300810301
1212 1661.836892884096688305
1213 1662.377202549280083467
1214 1664.057265418110030617
1215 1664.968004486365083807
1216 1665.877640414486212331
1217 1667.241125051711277139
1218 1668.368229327401862652
1219 1669.66972845239920915
1220 1671.047182433303181979
1221 1671.984259333726273942
1222 1672.963370830781056598
1223 1673.687445333905250511
1224 1674.648462097009754796
1225 1676.362486323950475217
1226 1677.691227141526503619
1227 1678.630368091063650393
1228 1680.07794671680949444
1229 1680.504770112847052081
1230 1681.812320174266013361
1231 1683.27328926066677047
1232 1684.171656837064291579
1233 1684.558863252537241861
1234 1686.421121947838197593
1235 1688.080142693176588437
1236 1688.933868509784624057
1237 1689.703154256179788866
1238 1691.051559916893075945
1239 1691.515192892035152299
1240 1693.053020930197146867
1241 1694.017564652607856867
1242 1695.832554474187265513
1243 1696.654997439785656349
1244 1697.342514286564009349
1245 1699.229547187643018793
1246 1699.966817266863858564
1247 1700.820303245006238733
1248 1701.825550997047417234
1249 1702.923249764490519399
1250 1704.291412426679760281
1251 1706.256032431560377055
1252 1706.61566503502601247
1253 1707.912312493324514939
1254 1708.512116178403088251
1255 1709.780842298580484923
1256 1711.137603258592841273
1257 1712.155397654322368843
1258 1713.055341727513109629
1259 1714.717145255494530381
1260 1715.825283039820567836
1261 1716.769983717394902744
1262 1717.974485066158528153
1263 1718.954152498583751996
1264 1719.72446932183103511
1265 1720.49807094758653181
1266 1722.844661739915648826
1267 1723.532822631259873601
1268 1724.733958737658224912
1269 1725.638628019973830653
1270 1726.605700739885404463
1271 1728.166506760965425041
1272 1728.644486480371988397
1273 1730.023872544779144423
1274 1731.014193761857181783
1275 1732.430169859256836542
1276 1733.840825021430013404
1277 1735.17546602110109834
1278 1735.624715342870632328
1279 1736.305662733237988887
1280 1737.893884786928548284
1281 1738.783237588816054261
1282 1740.169115680140548587
1283 1741.779167808727257289
1284 1742.467680720782010199
1285 1743.426436858721626522
1286 1744.721511937699789777
1287 1746.097498595632694981
1288 1746.595456627128205572
1289 1747.781695527752417748
1290 1748.563987381080216828
1291 1750.822818489839100497
1292 1751.617794946251114837
1293 1752.511511140665935993
1294 1753.661355243139538152
1295 1754.763369874252878074
1296 1755.169694068142685183
1297 1757.046518460723108433
1298 1757.984077032818179991
1299 1759.240085646681894957
1300 1760.215166242762324185
1301 1761.85489993872807038
1302 1762.497688870660621631
1303 1763.719121496287047264
1304 1764.591476849091958355
1305 1765.400493991783835728
1306 1766.676243599477873545
1307 1768.295971136341381199
1308 1769.940952051635838334
1309 1770.243677312197348193
1310 1771.212944983546526726
1311 1772.328000363591359308
1312 1773.894915510703461812
1313 1774.660430990023590108
1314 1775.341987573747291027
1315 1777.255860224057987063
1316 1778.041734762249298117
1317 1779.552270809178961607
1318 1780.665228492998657233
1319 1781.355637722819562972
1320 1782.439067320020181452
1321 1783.084829519946484711
1322 1784.607946396612664869
1323 1786.342201179342528821
1324 1787.04927308681626639
1325 1788.215123479632823248
1326 1789.242179963684720141
1327 1790.449562369783540466
1328 1791.254409818795450149
1329 1792.616102735198182736
1330 1793.525390652409514822
1331 1794.178482007255591199
1332 1796.465140537430813751
1333 1797.376335671136769856
1334 1798.147067458075746927
1335 1799.2316472097374004
1336 1800.024724019739154568
1337 1801.309636945287992131
1338 1802.301283491450569859
1339 1803.796843813365957725
1340 1804.904160974812015448
1341 1806.289667019497781635
1342 1806.578391750963925581
1343 1808.714431865474890357
1344 1809.119273788287333096
1345 1810.108892987985804547
1346 1810.873719158854715653
1347 1812.420077002105519027
1348 1814.024140347615513424
1349 1814.973082363495849026
1350 1816.338611219674637288
1351 1816.758023365350853184
1352 1817.710608563342472648
1353 1819.260334099488250564
1354 1820.187882186811219184
1355 1821.30570836520390906
1356 1822.427671440302586929
1357 1823.766265895773287956
1358 1825.213676893013383354
1359 1825.915683614928409365
1360 1826.795455271492655558
1361 1828.211270499973141934
1362 1828.621091758031140728
1363 1829.832529709939702046
1364 1831.936379901815210814
1365 1832.984940243731554248
1366 1833.273239032730321521
1367 1834.721559748608499026
1368 1835.883754437692548567
1369 1836.827672515957489641
1370 1838.086943305644553436
1371 1838.640288707650741071
1372 1840.195563473357363107
1373 1841.478582570643394257
1374 1842.875955278667221446
1375 1843.771057743069120457
1376 1844.759043650095888927
1377 1845.417534146424529185
1378 1846.353253420516416602
1379 1848.330980622383731433
1380 1848.722760910890866404
1381 1850.60118404765146366
1382 1851.400361994589779204
1383 1852.342204733386277236
1384 1853.519342920989503778
1385 1854.85563211598672777
1386 1855.592934937055467318
1387 1856.389179153523854468
1388 1857.49807481488018603
1389 1859.495271568794459978
1390 1860.541388109336813481
1391 1861.379671547232853463
1392 1862.121464928944214882
1393 1863.425464845096486007
1394 1864.353981335746251376
1395 1865.367433794057890106
1396 1866.83654701860819134
1397 1868.085190998609224366
1398 1868.70674568440811752
1399 1870.421471768310790152
1400 1871.416043098407145326
1401 1872.441566428192717589
1402 1872.86566763796768001
1403 1874.508361412660135338
1404 1874.913774010039541469
1405 1877.095064167339774612
1406 1878.022251482753471099
1407 1879.153303090461328572
1408 1880.082325418994379763
1409 1880.611766479656867414
1410 1882.321974797384684058
1411 1883.408724269518366031
1412 1884.005778349667142357
1413 1885.198075130258122876
1414 1887.053894806890124232
1415 1887.808841416832129527
1416 1888.938182636579455
1417 1890.348128614244545597
1418 1890.612128587933260931
1419 1891.678510539728787851
1420 1892.867701335791115341
1421 1894.558537572429687187
1422 1895.697155653584563297
1423 1896.585494347168901175
1424 1897.513692859711974094
1425 1898.82937281867948211
1426 1900.006144829143996611
1427 1900.571884272414833832
1428 1901.891305750600065081
1429 1902.805059206680062983
1430 1904.089325323351742089
1431 1906.102756198181956502
1432 1906.597678003766215394
1433 1907.332780123909926346
1434 1908.43306304505175223
1435 1909.465930025982380254
1436 1910.733659615891596478
1437 1911.704690943172158628
1438 1913.182489775883076814
1439 1914.352300051674052677
1440 1915.054629333347218571
1441 1916.60637183951935379
1442 1917.344704041566345523
1443 1918.786498909856788987
1444 1919.207778397805238264
1445 1919.937457371217203897
1446 1922.101625621993703442
1447 1923.280837936417442058
1448 1924.05583110144084952
1449 1925.231987975406529412
1450 1926.211583079894078458
1451 1926.820092794871576745
1452 1928.417518549519447859
1453 1929.487560180576489987
1454 1930.258387180387325797
1455 1931.760069436524614011
1456 1932.875754549946917779
1457 1934.416436369151903416
1458 1934.90794343436569751
1459 1935.924848803745694845
1460 1936.873093814278902387
1461 1937.96863349801995772
1462 1939.050029150544125717
1463 1940.977326705859935993
1464 1941.822862215780232951
1465 1942.633568692246150915
1466 1943.367947449252749107
1467 1945.153796306367959584
1468 1945.922716949483327186
1469 1946.609945361877410311
1470 1947.91704773770360408
1471 1949.030030073606550737
1472 1950.743201552863158598
1473 1951.536695873054910398
1474 1952.850129211865753276
1475 1953.448556325135770053
1476 1954.41858817521411679
1477 1955.315809283718388686
1478 1956.848164578215508555
1479 1958.314403555120358565
1480 1958.851883463194813846
1481 1960.418845269381796765
1482 1961.359277880014379508
1483 1962.233571848579798073
1484 1963.621184573202069079
1485 1964.35739093809559721
1486 1965.37782950510385703
1487 1966.117658574074526474
1488 1968.471602019420441853
1489 1969.047617546527828615
1490 1970.305009517033761407
1491 1970.855547579945944309
1492 1971.97031280481138664
1493 1973.182663405938679692
1494 1974.347201910120085259
1495 1975.080610302266993556
1496 1977.173943698039879018
1497 1977.271446199746510742
1498 1978.801448167731529632
1499 1980.371772287051336927
1500 1980.910043091024233255
1501 1981.74876889726348374
1502 1982.663279195276514024
1503 1983.923804622260659671
1504 1985.416540174526740222
1505 1986.757107716415197971
1506 1987.873473360724317379
1507 1988.251876807355766021
1508 1989.702002708021618926
1509 1990.478352526426991647
1510 1992.001706393527902715
1511 1992.784987875157572782
1512 1993.577493138259984639
1513 1995.168739611888537748
1514 1996.796176966188206905
1515 1997.390914059611449312
1516 1998.279006925984822422
1517 1999.545764176267588904
1518 2000.434515302432246777
1519 2000.929620689184555144
1520 2002.896408374361740688
1521 2004.139669233270134959
1522 2005.077848124098759131
1523 2005.900934885785710899
1524 2007.125180170301125895
1525 2008.418240330262271679
1526 2009.176634122949589834
1527 2010.153324767559326408
1528 2011.020705073650057571
1529 2012.538935477421745332
1530 2013.872097713990826265
1531 2015.18672860870628291
1532 2016.029638032375393523
1533 2016.800075655845732538
1534 2017.386767251961558011
1535 2019.264600216064099761
1536 2019.884367139755293054
1537 2021.196042768892788024
1538 2022.54561768468826603
1539 2023.572911777100747848
1540 2024.488262157951250297
1541 2025.87890620248156099
1542 2026.738258912152097654
1543 2027.573317055997542412
1544 2028.582459354039951632
1545 2029.385479550966647379
1546 2031.750550690618736964
1547 2032.420780856286430225
1548 2033.01789274566981581
1549 2034.554828788956165087
1550 2035.077440096304077976
1551 2036.527526483370326717
1552 2037.217111094340891563
1553 2038.841738250867750156
1554 2039.44321874010445185
1555 2040.839119673138223888
1556 2042.344586250604208898
1557 2043.217116563323964479
1558 2044.121593291667495425
1559 2045.037320859814820925
1560 2045.802760431561935428
1561 2047.098336345607132275
1562 2048.454094066161112393
1563 2049.847525605716069264
1564 2050.906055384684548381
1565 2051.718388196256319162
1566 2052.407790192401017867
1567 2054.059916898485734258
1568 2055.180267326166661283
1569 2055.572602899048872179
1570 2056.62086668989377929
1571 2058.450651118906136128
1572 2059.448021743771458967
1573 2060.868247208107968376
1574 2061.367059202031889721
1575 2062.572650919978394092
1576 2063.283559498380763149
1577 2064.304867699634148083
1578 2065.832672281911464708
1579 2066.985229377985287351
1580 2068.345638527370094716
1581 2068.669941082812694162
1582 2070.504717593445975155
1583 2071.37708316975859645
1584 2071.9904548147607871
1585 2073.397603715768406627
1586 2074.171064902152487264
1587 2075.028065544832156633
1588 2077.117570136877207022
1589 2078.155484639214284076
1590 2078.939288114876902369
1591 2079.567628461893227357
1592 2080.910343457561287922
1593 2081.799686563577146136
1594 2083.300276858827975711
1595 2083.779992550167397584
1596 2085.389813692285986676
1597 2086.580318534381421522
1598 2087.473340987858016348
1599 2088.712281198732581189
1600 2090.036206757016941574
1601 2090.447550027415866938
1602 2091.221580661131263637
1603 2092.473218110071891742
1604 2094.335917468631955155
1605 2095.138256660294823669
1606 2096.346529979252588529
1607 2097.371606357192894539
1608 2097.951922199887039635
1609 2099.311651265061347464
1610 2100.593745236861240664
1611 2101.135489459108414918
1612 2102.535100215297700958
1613 2103.390454808714039349
1614 2105.372206591799897773
1615 2105.994704339286241677
1616 2107.17236243244334147
1617 2107.617911407514327794
1618 2108.938384889015335598
1619 2109.963143181267582022
1620 2110.822371848131822017
1621 2112.907087523190777714
1622 2113.483966448430801285
1623 2114.396137325889992386
1624 2115.506602794684114454
1625 2116.900056068394727574
1626 2117.722399441362978079
1627 2118.618646217029262713
1628 2119.456428468939276684
1629 2120.691562591843950543
1630 2122.465151174928362416
1631 2123.344042303462499325
1632 2124.3703687375688782
1633 2125.512400029151939222
1634 2125.958784840373305395
1635 2126.975711192557988963
1636 2128.752290554262836645
1637 2129.406080228328442998
1638 2130.555102283235916685
1639 2132.080620992942643171
1640 2132.798516467884154645
1641 2134.154933985037924172
1642 2134.950772504315672129
1643 2136.086897524703213712
1644 2136.967470548471870359
1645 2137.509940525910913576
1646 2139.380759985201107577
1647 2140.949362639097040588
1648 2141.710035960389950355
1649 2142.355043196035385268
1650 2143.374444180537885595
1651 2144.895337431360428693
1652 2145.50575373418082404
1653 2146.625894475511517827
1654 2147.785367345630833855
1655 2149.151849382889221886
1656 2149.910639858102119005
1657 2151.776885116465025948
1658 2152.390226596919655112
1659 2153.011964165386528639
1660 2154.263623952320336029
1661 2154.935345848225473123
1662 2156.394727255681689229
1663 2157.856489565353127032
1664 2158.878072291083204488
1665 2159.902286017170492481
1666 2160.853062328184191261
1667 2161.692172189209531651
1668 2163.107122285732380343
1669 2164.049720356357350274
1670 2165.011437174314295775
1671 2165.503949023375744211
1672 2167.693444254746848034
1673 2168.890615851853982383
1674 2169.263829283364955072
1675 2170.787074973015736612
1676 2171.396361926494691626
1677 2172.250962827516326407
1678 2173.528296969316612154
1679 2174.745020803476645527
1680 2176.204119466215638373
1681 2176.939451698977405984
1682 2178.004209154761124387
1683 2179.232185029747187484
1684 2180.495318259278780744
1685 2181.252367010681768361
1686 2181.725783029819561813
1687 2183.330584017279937627
1688 2184.103190760680534925
1689 2185.965528320683109004
1690 2187.085690959372521089
1691 2187.798455877827899041
1692 2188.558763203088543232
1693 2189.497072902605391629
1694 2191.09336304574927565
1695 2191.778017400507988689
1696 2192.826770539861208747
1697 2194.231530050449700562
1698 2195.231687681255784974
1699 2196.715977666758543541
1700 2197.258747040205904491
1701 2198.687512684367522334
1702 2199.30296532096958361
1703 2200.351020913263048427
1704 2200.915953025551824505
1705 2203.277453730646011342
1706 2203.906364583773548147
1707 2204.997801754830107949
1708 2205.855761245543920529
1709 2207.172161914952220289
1710 2207.802741336736954731
1711 2209.153744400263258074
1712 2210.208014989250364449
1713 2210.850941099296166739
1714 2212.34356840003640435
1715 2213.700256248436090459
1716 2214.949925632092495773
1717 2215.820565690645555033
1718 2216.296375887645193429
1719 2217.469375116225193433
1720 2218.521006913395296269
1721 2219.79981569836106179
1722 2220.852158848914182608
1723 2222.636604588097467857
1724 2223.055057918810407973
1725 2223.777772507214529979
1726 2225.564645117169426005
1727 2226.332734405575587133
1728 2227.246229376595376532
1729 2227.97057388225630938
1730 2229.127958910123303939
1731 2230.898690856217248629
1732 2231.977154074073314006
1733 2232.924853868966181778
1734 2233.720222250312906191
1735 2234.814934531326900014
1736 2235.546662135600063189
1737 2236.773643845099835781
1738 2238.154799519297615397
1739 2239.167743960236659464
1740 2240.021209470471096399
1741 2241.536186523766402052
1742 2242.621180159379481081
1743 2243.373668418961998536
1744 2244.370701700430338609
1745 2245.565286531271342235
1746 2246.016558178285626968
1747 2247.364431251229392022
1748 2249.550198573537092658
1749 2249.770766552723961276
1750 2251.046641941553166316
1751 2251.845318338693399358
1752 2252.678432673838856581
1753 2254.562246994389553108
1754 2254.759079001303995297
1755 2255.824565571536941238
1756 2257.346384683132800661
1757 2258.501847291145838169
1758 2259.517842057384273983
1759 2260.890259416800265121
1760 2261.660064449481099011
1761 2262.674430648209799539
1762 2262.87830538116111223
1763 2264.676399705770246638
1764 2265.768446115469447789
1765 2267.384501067544035832
1766 2267.879175337166069874
1767 2269.226998261609550659
1768 2269.919103216838346848
1769 2271.326282468066381371
1770 2272.04901570123765846
1771 2273.347534053164474275
1772 2273.956289145943056056
1773 2275.06866477597133351
1774 2277.079317756623523063
1775 2278.012628393305380981
1776 2278.525942155784191747
1777 2279.507305841119493755
1778 2280.87071985258620926
1779 2281.35648361454629359
1780 2282.690375137647892349
1781 2284.056011459351377862
1782 2285.222242364866503875
1783 2286.149814140564054169
1784 2287.046158671010604166
1785 2288.57884944576462637
1786 2289.336284710134150107
1787 2290.24145821085573125
1788 2291.097663612112011933
1789 2291.92890125249055718
1790 2293.896145106086756681
1791 2294.68791841171431144
1792 2296.115091188330346115
1793 2296.998522472515126634
1794 2297.372647579809593949
1795 2298.612363365660205667
1796 2299.961577620089686755
1797 2301.234125798830902958
1798 2301.454840351728464479
1799 2303.295481982573223045
1800 2304.305138670374533597
1801 2305.508356788681968575
1802 2306.517733070003535106
1803 2307.355553370478083134
1804 2308.210284634764679013
1805 2309.370358239529117023
1806 2309.931122384183622925
1807 2312.047996449610743573
1808 2313.190914170747899328
1809 2313.689359967223960408
1810 2314.621182113594161877
1811 2316.049454719988829155
1812 2316.962494504840772512
1813 2317.851531864277040303
1814 2318.82603533643014836
1815 2320.088523204027257646
1816 2320.949531628659605165
1817 2322.812632606693334257
1818 2323.534274240766059715
1819 2324.512455232258388955
1820 2325.557096491765453918
1821 2325.903015927513107748
1822 2327.376855819699561061
1823 2328.634875101168609268
1824 2329.705723406449555691
1825 2331.013110289572893027
1826 2331.942707806402767834
1827 2332.987765432775017684
1828 2333.720863373782282748
1829 2335.531712574450956362
1830 2335.867153805649781364
1831 2336.62103678623872134
1832 2337.761730158820696863
1833 2339.615683895982620197
1834 2340.826726706644481425
1835 2341.324596186215486662
1836 2342.654041658469263809
1837 2343.259158955008860153
1838 2344.311216236151757825
1839 2345.570483634473816646
1840 2346.464119529787811114
1841 2347.934254641723674406
1842 2348.843423633455680125
1843 2349.730054257837876706
1844 2351.455046927851231855
1845 2352.19570150253646459
1846 2352.750870075454590985
1847 2353.912135852353059298
1848 2354.951081235008184082
1849 2355.810813978290615356
1850 2357.608315920247485789
1851 2358.904705198415579
1852 2359.434859076439866835
1853 2360.314285089526338652
1854 2361.342541641932631563
1855 2362.718317922921381033
1856 2363.495617654118633868
1857 2364.751176089117010111
1858 2365.191515064131916565
1859 2367.249219842959468478
1860 2367.957701823155859105
1861 2369.220577767399032026
1862 2370.093390284232169389
1863 2371.10074792972167349
1864 2371.938137794610108151
1865 2372.44034726005584374
1866 2374.444230717816650289
1867 2375.5439670373722489
1868 2376.355463515560189748
1869 2377.755407914012799016
1870 2378.212961679662157316
1871 2379.726502949965822242
1872 2380.545657218736259307
1873 2381.500123710437529731
1874 2382.530830566366402182
1875 2383.35601391598086947
1876 2384.965071641182469726
1877 2386.43093710950389029
1878 2387.299084122336514758
1879 2387.813568556078037287
1880 2388.748207635493176416
1881 2389.955988113666157005
1882 2391.260549872403399479
1883 2391.754982336622772778
1884 2393.630593291699855332
1885 2394.485367856046494016
1886 2395.270169994647092172
1887 2396.603878762616071582
1888 2397.791643761773763503
1889 2398.558311382532671158
1890 2399.433832905785270122
1891 2400.152356522131457195
1892 2401.482998375771780651
1893 2403.418798445345203892
1894 2403.975315148967507494
1895 2404.921593489769997569
1896 2406.253988718289485261
1897 2406.732851182109508444
1898 2407.715910422269907279
1899 2409.441502352419540345
1900 2409.881602682879588254
1901 2411.126193380777421369
1902 2412.222935837284041671
1903 2413.976123194983408606
1904 2414.379879801270495871
1905 2415.576893465994105812
1906 2416.5340546277039393
1907 2417.278087421772193109
1908 2418.22944326735738746
1909 2419.507917163071245463
1910 2421.142943993328178887
1911 2422.152084925109508781
1912 2422.996230123486907861
1913 2423.504146888716139414
1914 2425.124760212556724475
1915 2426.193437541668300474
1916 2426.907064293753645128
1917 2427.640896948592982256
1918 2429.185595990256922491
1919 2430.265812635944403069
1920 2431.611135096253930384
1921 2432.727569299254756631
1922 2433.705896804703808934
1923 2433.916873237684183016
1924 2435.348894364694559702
1925 2436.191600375091036395
1926 2437.794076107826049842
1927 2438.671790794044180201
1928 2439.927127218672276059
1929 2440.826160290635254748
1930 2441.929836549998409528
1931 2443.033560058185132332
1932 2443.775436396199729327
1933 2445.154381015220419422
1934 2445.744952101154900371
1935 2446.398523306110247606
1936 2448.988312286035105355
1937 2449.231032009292533393
1938 2450.503650580108119103
1939 2451.181708310084449221
1940 2452.283365741213890626
1941 2453.257485812084044868
1942 2454.300561841789923493
1943 2455.482288383525923953
1944 2456.514551841288553331
1945 2457.907999090218544684
1946 2458.546799837128013408
1947 2460.013579465506191498
1948 2461.202295374506200046
1949 2461.731628648041392697
1950 2462.464294913853763629
1951 2463.569667295016347844
1952 2464.92781636122340856
1953 2466.183097013192723406
1954 2467.640860783779024698
1955 2468.186816301115243238
1956 2469.33626389249748923
1957 2469.781485031524024309
1958 2471.539297741996716949
1959 2472.336417589482271067
1960 2473.107124734645042195
1961 2474.237849734393679511
1962 2475.53935386100276677
1963 2477.021755096104594157
1964 2478.014854024809405242
1965 2478.39759758312502044
1966 2479.977351980870754122
1967 2480.433606985092072928
1968 2481.356767280358944597
1969 2482.683411518715999232
1970 2484.503238274744643366
1971 2485.087590537419866511
1972 2485.785620712392752241
1973 2487.333836442726022067
1974 2488.11383175419305438
1975 2489.261157451637116743
1976 2490.051090515746789809
1977 2491.105516421820704818
1978 2491.907473934292842645
1979 2493.489295449123217228
1980 2494.866177828255220973
1981 2495.846840419501642755
1982 2496.485336702823268246
1983 2497.64846524660193455
1984 2497.969973966752262397
1985 2499.862042821255065686
1986 2500.564386412317449341
1987 2501.577744672433539464
1988 2503.185227212086801643
1989 2504.008933658583641176
1990 2504.772152511212027926
1991 2506.305351937307695662
1992 2507.151885647675589172
1993 2507.871039579743361975
1994 2508.766046103826622409
1995 2509.652997441379421694
1996 2511.660189787186683655
1997 2512.538220985202544809
1998 2513.579517021464854595
1999 2514.259859059773677907
2000 2515.286482924712880038
2001 2516.571049142887485994
2002 2517.146931880415356863
2003 2518.552852040690821002
2004 2519.634252640271893334
2005 2520.402323518036163974
2006 2521.885175646151005363
2007 2523.263480155872146143
2008 2523.96705581919052948
2009 2524.642045795694521479
2010 2525.687993324800683257
2011 2526.868810058592998244
2012 2527.418791160628952562
2013 2529.378043463275119619
2014 2530.273672274268411278
2015 2531.543961220064837411
2016 2531.969384081561968547
2017 2533.067317099047443933
2018 2534.408614098394202583
2019 2535.505886073966032072
2020 2536.091884920838980799
2021 2536.867485222561254438
2022 2538.559826936261153399
2023 2539.998407118591166469
2024 2540.531661936742228602
2025 2541.998729153671039537
2026 2542.687650514868867082
2027 2543.343955088606650134
2028 2544.290953656615606111
2029 2545.878017730333159662
2030 2546.761141283358773561
2031 2548.181615394108557459
2032 2548.895987575046567008
2033 2549.99648449152252039
2034 2551.411141992885037897
2035 2551.88044595959906088
2036 2553.275677995524692639
2037 2553.723069201209180249
2038 2555.050875291359249169
2039 2555.832350747303403084
2040 2558.009105942871789164
2041 2558.752211368471367338
2042 2559.23429659733397247
2043 2560.263289514388720621
2044 2561.405635747573315479
2045 2562.426113338143232051
2046 2563.501718903992988724
2047 2564.332107854333490398
2048 2565.975270478283844204
2049 2566.55755789708502249
2050 2567.958599725328829408
2051 2569.043090173352779936
2052 2569.94811159690457986
2053 2570.958525661919221861
2054 2571.540774147768717504
2055 2572.368208186207413775
2056 2574.207163950022860407
2057 2575.404511996903622548
2058 2576.141011184026154511
2059 2577.519835532602344693
2060 2578.070129925005555047
2061 2578.971298335895942475
2062 2580.34611156520070659
2063 2581.398140581892706632
2064 2582.138733931301889983
2065 2583.003294535099838204
2066 2584.758402441678541604
2067 2585.772739404011499257
2068 2586.925178957182227989
2069 2587.591000924191165002
2070 2588.368210423880449433
2071 2589.579264554434006855
2072 2590.371692925951522367
2073 2591.549378447984791503
2074 2593.275876806604425384
2075 2594.023618334686682569
2076 2594.905011552479901447
2077 2595.68753013885960393
2078 2597.54614148845956493
2079 2597.979353418423115901
2080 2598.598768319633465984
2081 2600.121355061881931093
2082 2600.641952319219978878
2083 2602.412300558055130095
2084 2603.628781118453252976
2085 2604.57356482371866418
2086 2605.368075915559231351
2087 2606.243664547518941377
2088 2607.003639114239009674
2089 2608.364899649035512772
2090 2609.552086740677385063
2091 2610.444520938915516023
2092 2611.543670381422939579
2093 2612.956807036694044383
2094 2613.731929438305032824
2095 2614.737136165400840808
2096 2615.847707268249514184
2097 2616.902118243953797344
2098 2617.33504693490111427
2099 2618.292915478022285942
2100 2620.279393694424618792
2101 2621.429055213229240863
2102 2622.048696798421354766
2103 2622.99450797630203127
2104 2624.050603854559431086
2105 2624.909501777169639509
2106 2626.460502229944339882
2107 2626.710471395806398952
2108 2628.098026523871191257
2109 2629.604139510848587789
2110 2629.994800764219984819
2111 2632.043116637112728952
2112 2632.443658949145354917
2113 2633.676399939781127792
2114 2633.96654343412126289
2115 2635.217331617179852718
2116 2636.432585995081861697
2117 2637.510683358462605418
2118 2639.062573045389558915
2119 2640.054245884027257588
2120 2640.462942828951323466
2121 2641.801744784108548797
2122 2642.755759063043897444
2123 2643.9709009583452262
2124 2644.887867143491581856
2125 2645.395567278572929225
2126 2646.689940172724319474
2127 2648.577429283763884871
2128 2649.325653551798772117
2129 2650.058544458382326109
2130 2651.227331332121326204
2131 2652.160775241539956054
2132 2652.770642826959688585
2133 2653.897069745640438272
2134 2655.615772325961841384
2135 2656.238998498017256462
2136 2657.537760758300554229
2137 2658.341557629756967528
2138 2659.658316020859616587
2139 2660.610245802953114572
2140 2661.582573758213880691
2141 2662.183573435627615495
2142 2663.393945622339627644
2143 2664.23548908324405939
2144 2666.030101479453968649
2145 2666.982849070546235932
2146 2668.291859037208910134
2147 2668.663651401292818538
2148 2669.25374488818001451
2149 2670.998998582165212288
2150 2671.918382668910966566
2151 2672.603779588146692067
2152 2673.874618711104655776
2153 2675.271759129636525749
2154 2676.066490230100449605
2155 2677.246193893199507581
2156 2678.538156521631728665
2157 2679.025281596284473372
2158 2680.03902154823846099
2159 2680.84311713292361572
2160 2681.841051456082719193
2161 2683.882275551469900195
2162 2684.529156904497649412
2163 2685.377113426632244066
2164 2686.496160151160446749
2165 2687.489939808026632666
2166 2688.385081595554101259
2167 2689.423275981138127722
2168 2690.633186856025274613
2169 2691.318382839997113769
2170 2692.368718958509914195
2171 2694.102820613441968379
2172 2695.208957968971278539
2173 2695.750049240104830878
2174 2696.695372581611462225
2175 2697.85755821675930473
2176 2698.290961321395782495
2177 2699.942027500086358855
2178 2700.731207011070332511
2179 2702.433544847737332717
2180 2703.143657511188948437
2181 2703.981714244772448908
2182 2704.955737551334258641
2183 2706.528247326756669128
2184 2707.090764646388879971
2185 2708.117069229272968488
2186 2708.476524960683297979
2187 2710.368359823606167294
2188 2711.458227864114997837
2189 2712.786687334756395278
2190 2713.525289303347907309
2191 2714.36790668851861885
2192 2715.339871631409058099
2193 2716.025049049534497997
2194 2717.665774871052640547
2195 2718.308652474352483038
2196 2719.770998978129882009
2197 2720.493474900152773744
2198 2721.798775616647991582
2199 2723.086082744475843492
2200 2723.768928849822694372
2201 2724.523924437069703433
2202 2725.882989203482000824
2203 2726.479701033963230793
2204 2727.274459431901557803
2205 2729.395041668594912118
2206 2730.492891807172182729
2207 2730.797702080186746568
2208 2732.004049913595246799
2209 2732.830123557482104624
2210 2734.200782967822427627
2211 2734.938856084208801316
2212 2736.000479107039897569
2213 2736.922048440000585822
2214 2738.26644416376503229
2215 2739.513547296201548952
2216 2740.311109421231381416
2217 2741.878852420557722857
2218 2742.254107878248024691
2219 2742.993068159927390246
2220 2743.953469810087824499
2221 2745.321831898192903945
2222 2746.714798952398406871
2223 2747.514097998184117739
2224 2748.916191066436435815
2225 2749.643649788653236288
2226 2750.314083410359824536
2227 2751.823671458527382104
2228 2752.715502493883261036
2229 2753.487796417396150789
2230 2754.458663082718398076
2231 2755.416876191485966856
2232 2757.301868214300791892
2233 2758.278103328339002246
2234 2758.858670968685004358
2235 2759.898613919658389158
2236 2760.657151540111706149
2237 2762.082880142575299999
2238 2762.444580467694463149
2239 2764.041846252089083052
2240 2765.407691146482925771
2241 2766.157035589919061984
2242 2766.887269747368007124
2243 2768.664523888139108087
2244 2769.144698796099990228
2245 2770.279093643343192132
2246 2771.017392142684773197
2247 2771.896293661727721094
2248 2773.029713424294844601
2249 2774.670010731832631334
2250 2775.725707342410327913
2251 2776.619160307926356189
2252 2777.512125202576134575
2253 2778.289695299772775651
2254 2779.127539134050768659
2255 2780.771118379071538601
2256 2781.656070227571440778
2257 2781.989239654647903962
2258 2783.943665286859110918
2259 2784.705283876121840164
2260 2786.04333573862275772
2261 2786.702566351368773988
2262 2787.932021258523774839
2263 2788.796278014511074339
2264 2789.197561121050912556
2265 2790.49308079103522604
2266 2792.113378557022842226
2267 2793.301469240871724337
2268 2794.238093335275467697
2269 2794.65382466532819842
2270 2796.034761603657805199
2271 2797.174539351897759422
2272 2797.972901229628421461
2273 2798.798140177045477205
2274 2800.067444818401492783
2275 2800.937603116234931013
2276 2802.224801536331663011
2277 2803.864955138344506909
2278 2804.418935676251152209
2279 2805.205300363064447173
2280 2806.002732416640888838
2281 2807.132318371189380279
2282 2808.15350119799763361
2283 2809.29165224519283747
2284 2810.724634082518464087
2285 2811.460992226052809725
2286 2812.86199758802214861
2287 2813.201488028300935979
2288 2814.656757980595164773
2289 2815.838653992747667445
2290 2816.33795481532515673
2291 2817.45890731741932617
2292 2817.949462160966947215
2293 2820.488842021916584974
2294 2820.660841053781159955
2295 2821.891930074870971273
2296 2822.923026217023214858
2297 2823.866992056607983968
2298 2824.281884122039627948
2299 2825.872656689750757997
2300 2826.71217037492274603
2301 2828.029973946250995071
2302 2828.851526590522587987
2303 2830.087545290016122224
2304 2831.1284254371872585
2305 2832.416550857943840752
2306 2833.138035851670906207
2307 2833.658717233308178245
2308 2834.98024846251404713
2309 2835.775847744530604762
2310 2837.014472081293122753
2311 2838.81288152927165103
2312 2839.485753395012631467
2313 2840.285754910691532813
2314 2840.920672973103976131
2315 2842.332641081100701383
2316 2843.469837884564750983
2317 2844.198986963261227135
2318 2845.025433610480155637
2319 2846.390776212726890003
2320 2847.535935529730751967
2321 2848.770308555407354208
2322 2849.797086647209651712
2323 2850.471888197435347028
2324 2851.678938036254349094
2325 2852.303726568369768935
2326 2852.926214764694869254
2327 2854.832394231931316229
2328 2855.853721192900111358
2329 2856.816133543913321205
2330 2857.736139807822056767
2331 2858.857860356251478371
2332 2859.838748954184361582
2333 2860.577436497612265941
2334 2862.120208234396405383
2335 2862.506966277762679318
2336 2863.363589552191153972
2337 2864.911426758851445613
2338 2866.493209755929753472
2339 2867.149356094087868216
2340 2868.224163663090438521
2341 2868.657629194218364434
2342 2869.843456574863653169
2343 2870.909506375380920702
2344 2872.023511113548192304
2345 2872.858555183438196862
2346 2874.56915407284586469
2347 2875.282119166366557732
2348 2875.889914340386435726
2349 2877.546649153796206289
2350 2878.527002624179926694
2351 2879.119907546978922106
2352 2879.868973936907339029
2353 2880.978994738386006889
2354 2882.153646390636910795
2355 2884.013657552839766672
2356 2884.346757790142943405
2357 2885.773055402722130329
2358 2886.308874639772579859
2359 2887.224885507060785204
2360 2888.394382456172131482
2361 2889.404168047578017266
2362 2890.642626361553295547
2363 2891.280078215455106494
2364 2892.462624016639248094
2365 2894.174448736821223259
2366 2894.746550356225012201
2367 2895.641103861971377406
2368 2896.825405168247547358
2369 2897.428300566969727456
2370 2898.541353179907942087
2371 2899.177779836548361096
2372 2901.263850361997178505
2373 2902.065102481250127796
2374 2902.855785528508264196
2375 2903.957879043037018592
2376 2904.598196021987724124
2377 2906.17641759662853929
2378 2906.923339342985194484
2379 2907.605736911210832135
2380 2908.658045519742780669
2381 2910.028233435046379666
2382 2911.142903664580015671
2383 2912.345904726055916473
2384 2913.522785866686084032
2385 2914.044611072102739648
2386 2914.80270222386360972
2387 2915.685975327455177689
2388 2917.274173441487555352
2389 2917.982416701912520164
2390 2919.321772326527278135
2391 2920.615555992141325267
2392 2921.083198937259828576
2393 2922.396084557395077442
2394 2923.390932357376606245
2395 2924.333434993952654049
2396 2925.261509119313312552
2397 2926.295436226225759123
2398 2926.624014686465896988
2399 2928.761073846998261472
2400 2930.004366371979197589
2401 2930.711168697389571506
2402 2931.069101109814732085
2403 2932.806414415832769005
2404 2933.174857162008290084
2405 2934.290717835787845932
2406 2935.552463705747991326
2407 2936.550374848601820241
2408 2937.708958981568237874
2409 2938.581220350578455151
2410 2939.847529162593991236
2411 2941.261601534687117369
2412 2941.425217756342247031
2413 2942.724885865147488695
2414 2943.353684960178375485
2415 2944.321648794483433337
2416 2945.944499285887025994
2417 2946.922394896188350751
2418 2948.374261864690537505
2419 2948.867577209394886742
2420 2949.790143025785909072
2421 2950.521108352418385063
2422 2952.283829638947545679
2423 2952.827176583511901031
2424 2953.58903099375880812
2425 2954.711275290933562728
2426 2956.258730424157120003
2427 2957.236259246842562202
2428 2958.290776254197002721
2429 2959.221014234687151865
2430 2960.033617812008374302
2431 2960.814839266220228731
2432 2961.825970575348591466
2433 2962.819636335281423816
2434 2964.633921494808562758
2435 2965.398341584290916853
2436 2966.065269745648101403
2437 2967.27019042649619841
2438 2968.405348995407544713
2439 2969.401136655698809674
2440 2970.049930110913633646
2441 2971.122238124934487754
2442 2972.308884109068754753
2443 2972.811686391357692493
2444 2975.018020412780896123
2445 2975.619957166153440291
2446 2976.526232137094252541
2447 2977.553574913470252556
2448 2977.981978512600202759
2449 2979.319042212011449011
2450 2980.487381006559362305
2451 2981.343947481810291632
2452 2982.523719895924638062
2453 2983.825333266519404156
2454 2984.639177804446568973
2455 2985.547666235421072151
2456 2986.805393383297834852
2457 2987.856151502432137455
2458 2988.634699666938808341
2459 2988.855046367445202541
2460 2990.423270573698602405
2461 2992.163668675063220175
2462 2992.868866378301013829
2463 2993.974353092848010376
2464 2994.865507046753948242
2465 2995.540266915501954267
2466 2996.736506016221763597
2467 2997.647203114442794778
2468 2998.959301098028931731
2469 2999.494492994594582969
2470 3001.023331162879569093
2471 3001.707332456021018184
2472 3003.477042852710594847
2473 3004.290975917310578015
2474 3004.662308408249143093
2475 3005.772929284508010638
2476 3006.990738364633401843
2477 3007.468699216470850556
2478 3008.882120872393042159
2479 3010.514962129244277443
2480 3011.3443801805122309
2481 3012.074694785866823961
2482 3012.788450548678345344
2483 3014.459082206681916192
2484 3014.911666502729305189
2485 3016.34839416997796187
2486 3016.700060812629197002
2487 3017.783440191593068822
2488 3019.461775780365950075
2489 3020.487633896939095245
2490 3021.420400692511292958
2491 3022.447483793125912478
2492 3023.338509067940910825
2493 3023.930996073902266232
2494 3024.793963871217760711
2495 3026.510826907845434071
2496 3027.29952280734147223
2497 3028.401522528630682095
2498 3029.499388369681240646
2499 3030.59452965098207044
2500 3031.289217468061284918
2501 3032.756029360224502942
2502 3033.218123972953621517
2503 3034.360907192326893516
2504 3035.074103947537975814
2505 3036.133113238208023316
2506 3037.980383590468515742
2507 3039.033651044210199537
2508 3039.521601571572104094
2509 3040.500427564659896173
2510 3041.256803549500078238
2511 3042.653049854131717951
2512 3043.670541621770201214
2513 3044.055127981914396199
2514 3046.050030224876108193
2515 3046.454504219288440378
2516 3047.708817640889868782
2517 3048.922632490404911869
2518 3050.019676757212170145
2519 3050.801233315720913694
2520 3051.342383341480500386
2521 3052.476848524261227364
2522 3053.348265936952123185
2523 3054.986520866536587891
2524 3056.24292330973060116
2525 3056.765138112965000588
2526 3058.013703009701794146
2527 3058.901494693164311768
2528 3059.437861758112786045
2529 3061.062700117590756049
2530 3061.837584445267609551
2531 3062.726873164640149675
2532 3063.435086485018649025
2533 3065.286555585297205549
2534 3066.320250404096287594
2535 3067.071320241176116647
2536 3068.013501341795335307
2537 3068.98426618552620089
2538 3069.782904779767485328
2539 3070.542621549808185444
2540 3072.000993377915675917
2541 3073.185237779942948673
2542 3074.523494285210268113
2543 3075.033872877410706843
2544 3075.833479242464054914
2545 3077.427473306812314211
2546 3078.286226917969259012
2547 3078.897379147135008229
2548 3079.871394642813721631
2549 3080.856382341972547498
2550 3082.163163759071705939
2551 3083.361357990431673945
2552 3084.838451504293315594
2553 3085.3772689936342131
2554 3085.965522259310621677
2555 3087.018815358645356167
2556 3088.083437042039377791
2557 3089.222308944517806296
2558 3090.282194902934828373
2559 3091.154469698493384814
2560 3092.687667040026927097
2561 3093.18544571752394754
2562 3094.833068430116325158
2563 3095.132031239453814405
2564 3096.515485512936433287
2565 3097.34260653099147639
2566 3098.038354972964634166
2567 3098.758089848813226278
2568 3101.079373086579266202
2569 3101.657370790144796557
2570 3102.436089122718192538
2571 3103.589916059588484008
2572 3104.362546341633841029
2573 3105.39140236985770278
2574 3106.3963526460554756
2575 3107.484255857023251197
2576 3108.3035962662063306
2577 3109.533099790356772032
2578 3110.557200380325680212
2579 3111.920727714090283125
2580 3112.840737859373152902
2581 3113.755213669486739333
2582 3114.47341620357196233
2583 3115.002672413544942605
2584 3116.720450815901517869
2585 3117.269723386899507206
2586 3118.955013666124334567
2587 3119.957556604338744136
2588 3120.986214975677487579
2589 3121.337219762925804002
2590 3122.610128875347619264
2591 3124.150225164329871717
2592 3124.525922645768604265
2593 3125.374441472110214656
2594 3126.450116434820057247
2595 3127.693012373442887604
2596 3129.468612609748064153
2597 3129.796205505420792432
2598 3130.877663729773828277
2599 3131.861090216301755056
2600 3132.698331366237529557
2601 3133.39888382298054909
2602 3134.635445901257679548
2603 3136.015560752041682108
2604 3137.175172666931396204
2605 3137.613495212022960485
2606 3139.049508498465517195
2607 3140.138494141052536645
2608 3141.001174828240382252
2609 3141.748032542883879408
2610 3142.979456728038722337
2611 3143.567499183578249705
2612 3144.490488145513050689
2613 3146.283528375944452146
2614 3147.344606625530372575
2615 3148.379041870468193506
2616 3148.861228783806526542
2617 3149.771738698990674432
2618 3150.82465272236349983
2619 3152.151059465736636027
2620 3152.994559995643581199
2621 3153.596976529534068961
2622 3155.312108217669944971
2623 3156.300357949570972092
2624 3156.905761454446546379
2625 3158.578287707936079911
2626 3159.265204659911244661
2627 3159.804097579086976713
2628 3161.061912577755098002
2629 3161.402435207892094348
2630 3163.311959557827161058
2631 3164.350531320929594838
2632 3165.540597893829483148
2633 3166.139586713599158183
2634 3167.121094757281260107
2635 3168.197515713895221077
2636 3169.17976460785654647
2637 3170.014131565626253552
2638 3171.343958069062042806
2639 3171.83777434606780522
2640 3173.011633917278397093
2641 3174.815385976386209966
2642 3175.528722743695324337
2643 3176.480343516462564476
2644 3176.915636009212935539
2645 3178.371705005000814342
2646 3178.902595536046510146
2647 3180.011213372893851883
2648 3181.328501713206250828
2649 3182.839446920271252892
2650 3183.205673345926898206
2651 3184.45149996033232315
2652 3185.214344580111471047
2653 3186.545869429537191385
2654 3187.646162708372385642
2655 3188.055482329445955801
2656 3188.8774607149556296
2657 3190.168661962152913634
2658 3191.706256362774499918
2659 3192.681791617886826657
2660 3193.557208472454684075
2661 3194.786707378558122383
2662 3195.326699929210305035
2663 3195.793895633893094623
2664 3197.54716565659402925
2665 3198.430125767817789744
2666 3199.248977114246401055
2667 3200.663270230745592276
2668 3201.42486636119731255
2669 3202.778286500735847541
2670 3203.630891152625213608
2671 3204.557410187842267701
2672 3205.497580563342251884
2673 3206.228893303829962014
2674 3207.270062357430561031
2675 3208.086133891918222199
2676 3210.352420539766727083
2677 3210.670388299201819086
2678 3211.618832522934956565
2679 3212.319227342931599791
2680 3213.606498798172233732
2681 3214.66756248809430924
2682 3215.325298903735371241
2683 3216.491524692370902474
2684 3217.430804778290282172
2685 3218.65998374402590019
2686 3219.639171305585305037
2687 3221.198341682969595145
2688 3221.609476301097409404
2689 3222.813840822902448192
2690 3223.372566375255521105
2691 3224.213706519638820465
2692 3225.366715964933818897
2693 3227.044102374515354444
2694 3227.525149515495061181
2695 3229.01631162995350973
2696 3229.981066960499388877
2697 3230.336636732169461221
2698 3231.741347918256233973
2699 3232.73871312480837813
2700 3233.913360603034175726
2701 3234.30659124491992481
2702 3235.154617182366475813
2703 3237.087579531708591929
2704 3237.998236326712589205
2705 3239.09043456268981245
2706 3239.767314075239598016
2707 3240.605747277956862199
2708 3241.595312938038556595
2709 3242.568307582365359198
2710 3243.501652711279887199
2711 3244.884157091134580116
2712 3246.04015781623979772
2713 3246.841676161959525694
2714 3247.570503533836460579
2715 3249.308085747434814591
2716 3249.906446318444415967
2717 3250.61332426740503519
2718 3251.510637744017582969
2719 3252.723990907270687158
2720 3253.369017244108257992
2721 3255.142076592548407878
2722 3256.346612817957653999
2723 3256.941943204737039133
2724 3257.831340012825337978
2725 3258.706714275455053401
2726 3259.539730686039659248
2727 3261.192124420504220717
2728 3261.535312602183417692
2729 3262.718968694528270682
2730 3263.784940489126472482
2731 3265.198771600650621898
2732 3266.1537864199357954
2733 3266.803954479647297578
2734 3268.188517855567123844
2735 3268.909408588716795153
2736 3269.516785360248099213
2737 3270.310803457827130573
2738 3272.019397610781094887
2739 3273.363032965270158222
2740 3274.059953011724818136
2741 3274.863567637972572132
2742 3276.124154984922090626
2743 3276.694554681215401363
2744 3278.059478289038270403
2745 3278.986193732023865914
2746 3279.489509639634966606
2747 3280.976418713721355349
2748 3281.706690820621758868
2749 3283.239124300114450887
2750 3284.499863132438584931
2751 3285.202828751691161488
2752 3285.682259710460894108
2753 3286.718540342294644164
2754 3287.773091992666597976
2755 3288.936972845327159589
2756 3289.724306536176169076
2757 3291.385725928433722911
2758 3292.222642049285009899
2759 3292.856716097554634972
2760 3293.975869245585136093
2761 3295.266663232727327626
2762 3296.021754764672060303
2763 3296.873142162695473489
2764 3297.836842310599282398
2765 3298.357878621563441294
2766 3300.450576192250525004
2767 3301.413776304367833886
2768 3302.01709766560449051
2769 3303.317261841697262717
2770 3303.813719205759852145
2771 3305.076177240834331712
2772 3305.472088698530180209
2773 3307.221711602476425917
2774 3308.045402223318982749
2775 3308.832877512969198408
2776 3310.235706773842968521
2777 3311.155306118272885011
2778 3312.349459450510319124
2779 3313.199876672725445138
2780 3313.842662273157149997
2781 3315.015013827979910054
2782 3315.619742540924528602
2783 3316.75245341771602559
2784 3318.387470170170478675
2785 3319.412648993159293997
2786 3320.476699682049447245
2787 3320.887941461201672134
2788 3321.663572698610211016
2789 3323.490923179791719478
2790 3323.875124914086264401
2791 3324.92568414598269533
2792 3325.691627038381709126
2793 3327.338441751472176751
2794 3327.988269208170175297
2795 3329.465583948409625626
2796 3330.290400360130219844
2797 3331.299404161488370422
2798 3331.892288243776279001
2799 3332.700898576001118556
2800 3333.781382961371509303
2801 3335.045996424475843016
2802 3336.575968429255216962
2803 3337.044211896701205874
2804 3338.150407356324767412
2805 3339.25667369461733051
2806 3340.117152697458989077
2807 3340.972263637847411333
2808 3342.211554859256917301
2809 3343.05172227833912769
2810 3343.604908509592827998
2811 3344.852255868193444556
2812 3346.84843081656210135
2813 3347.397830990955097521
2814 3347.936001610755013304
2815 3349.301027926845964516
2816 3349.856252114765060398
2817 3350.803704024568128834
2818 3352.153804096605706355
2819 3352.845364542639274646
2820 3354.278231280389732734
2821 3355.483680305992166158
2822 3355.880578183322015092
2823 3357.198154118336337409
2824 3358.402699623420513391
2825 3359.359283067236631378
2826 3359.85240438129330052
2827 3360.584153298317460106
2828 3361.887588621121048413
2829 3363.233878348850935833
2830 3364.355763553862370287
2831 3365.600957468561539406
2832 3366.120883810753051484
2833 3367.055542539618594379
2834 3367.769443868219103987
2835 3369.18372855480512724
2836 3370.061651746535245904
2837 3370.997536142718299904
2838 3371.922445600540289316
2839 3373.160140925225769804
2840 3374.427471990046501169
2841 3375.379955756309035728
2842 3376.29838604419557579
2843 3376.820970848442594658
2844 3378.258956962645052041
2845 3378.78060849486904703
2846 3379.460192668086182019
2847 3381.634647447098373955
2848 3382.296714921602043373
2849 3383.348489575834645347
2850 3383.871212415101493176
2851 3385.177310827910807711
2852 3386.166295750419583666
2853 3387.149564459346429834
2854 3387.808777785404583278
2855 3389.091880156599137302
2856 3389.648879040879658962
2857 3391.481233731884245223
2858 3392.147572630774221933
2859 3393.651785893134350472
2860 3394.137666351393647832
2861 3394.991106310709165728
2862 3395.614850938400898705
2863 3396.890066311007586694
2864 3398.271677189199063867
2865 3398.841197219905910067
2866 3400.322476548554032915
2867 3401.387450697162306481
2868 3402.000441414939204719
2869 3403.008864820184442927
2870 3404.362761572869179338
2871 3405.132918695120903243
2872 3405.809942804822240945
2873 3406.679482811959380379
2874 3407.728314289522088749
2875 3409.578736852470681076
2876 3410.424565211906291603
2877 3411.223633497277598977
2878 3411.855830275976530826
2879 3413.219036005346837024
2880 3413.710819476650165121
2881 3415.006415297804673981
2882 3415.806623572889535666
2883 3417.201725527572038894
2884 3418.194842708853560074
2885 3418.744246675150327037
2886 3420.540582987327352575
2887 3421.307537318235312434
2888 3421.882420407670481969
2889 3423.128594192328293959
2890 3423.611394671273642938
2891 3424.728989863384135984
2892 3425.830917735939438316
2893 3427.43181100569978399
2894 3428.345014648755457328
2895 3429.077161459129134002
2896 3430.158809529325825517
2897 3430.611618680173590072
2898 3432.026366531868686504
2899 3433.306331160306165798
2900 3433.769710163679019757
2901 3434.432930181269055513
2902 3436.183607569709236904
2903 3437.219161606905502378
2904 3438.212616154324993945
2905 3439.112430154170636996
2906 3440.229299588557141385
2907 3440.844025770543903457
2908 3441.467977670071328835
2909 3442.683392445439200521
2910 3444.03657070173766263
2911 3445.277432468729252247
2912 3446.015386158297972476
2913 3447.158925420623274971
2914 3447.700517605005566454
2915 3449.497002715466151505
2916 3449.685001064480410114
2917 3450.723487592525115797
2918 3451.940669427532542599
2919 3452.569816771665424608
2920 3453.677893918423440326
2921 3455.488799434788307256
2922 3456.258614559289426051
2923 3457.184172894584782544
2924 3457.573598857840152204
2925 3458.665410624784369258
2926 3460.046064018949500233
2927 3460.484230469053456705
2928 3461.915971198493839079
2929 3462.896732401836350478
2930 3464.083832160314466916
2931 3464.977695252427010404
2932 3465.827155727127310977
2933 3467.204403986263500585
2934 3467.90947107821676554
2935 3468.775551366812870431
2936 3469.551913132633304156
2937 3470.214108961448584665
2938 3472.249018221316013766
2939 3473.1687633951355902
2940 3473.814882020019058071
2941 3475.21910673275056737
2942 3475.717792819430855617
2943 3476.519931770807459761
2944 3477.700190284672462246
2945 3479.049830179214139446
2946 3479.465965312698372925
2947 3480.682915950611512287
2948 3481.776396694321817095
2949 3483.05785680138332483
2950 3484.159388046233923287
2951 3484.88458535289187569
2952 3485.691497728213846605
2953 3486.534339669457376094
2954 3487.539477842766211766
2955 3488.455776622254130102
2956 3489.66512331627346985
2957 3491.550561368235949775
2958 3491.811099965335454305
2959 3492.414435580418254575
2960 3493.720613082722983626
2961 3494.816408481537232133
2962 3495.988931967582387075
2963 3496.350361363768646777
2964 3497.372960542280375834
2965 3498.576136539013893061
2966 3499.686553821129431656
2967 3501.145919590462206623
2968 3501.897095232891164487
2969 3502.775867948572880733
2970 3503.636215791510932615
2971 3504.588927774941226318
2972 3504.992627195049954816
2973 3506.860778987002883813
2974 3507.545273797332293112
2975 3508.77250086695805495
2976 3509.636408038272356329
2977 3510.845083644571125639
2978 3511.73109111282651868
2979 3512.473586842893230449
2980 3513.877573873796726162
2981 3514.366752243940512151
2982 3515.416808849641115846
2983 3515.901814498895018016
2984 3518.026445239400234023
2985 3518.868409208556027116
2986 3519.870186740230064824
2987 3520.491665965545825866
2988 3521.365040902682598884
2989 3522.382212893841589859
2990 3523.635835723508375724
2991 3524.215220737581104589
2992 3525.386566637036723925
2993 3526.670256711327234795
2994 3527.615207050999354376
2995 3528.351824582806778596
2996 3529.95574434595077118
2997 3530.83504679771181544
2998 3531.201023963526098798
2999 3532.038508847499198517
3000 3533.328243395819939702
3001 3534.062588280169972606
3002 3535.772576943416588436
3003 3536.633250705505307203
3004 3537.708013056178211577
3005 3538.500568907352958726
3006 3539.089936526597997396
3007 3540.456758807154447478
3008 3541.357522375370674696
3009 3542.340883917586681126
3010 3543.322306535336406728
3011 3543.816796286908503062
3012 3545.69921217131565205
3013 3546.864134595260489505
3014 3547.31478139648583678
3015 3548.351252963577545928
3016 3549.458356776357443813
3017 3550.065059225519704829
3018 3550.853298372029498401
3019 3552.080209750381069016
3020 3553.84068059702097098
3021 3554.165034789487061627
3022 3555.534145071897488094
3023 3556.065234535611866864
3024 3557.427102352920707685
3025 3558.349345038406358629
3026 3559.265664699892158721
3027 3560.019248823558045714
3028 3560.776183334352187103
3029 3562.162435082827542794
3030 3563.215121485676151024
3031 3564.760770714007353844
3032 3565.396422886999811356
3033 3566.284910776263374698
3034 3566.916683895457835277
3035 3567.733251749069523471
3036 3569.343132086432282351
3037 3570.008671364950081203
3038 3570.82291655461517091
3039 3572.51396562794147449
3040 3573.079804301269415462
3041 3574.10001630894295843
3042 3575.493155747453303678
3043 3575.955379643794348697
3044 3577.205283985632085688
3045 3577.981184110552278139
3046 3578.410382618929418994
3047 3579.750102614597741639
3048 3581.585338241799590749
3049 3582.394916619829274667
3050 3582.923042185507714931
3051 3583.945574774916280124
3052 3585.206278712881179287
3053 3585.68444866156881493
3054 3586.840745006095897797
3055 3587.96881366796544076
3056 3588.859444520462213314
3057 3589.745006545045819187
3058 3590.983471293056933506
3059 3592.405889080009609201
3060 3593.028558839785969099
3061 3594.227274785490695903
3062 3594.469272698104701522
3063 3595.779063753882610927
3064 3596.421772540065402957
3065 3597.802641294575121803
3066 3598.948560206193670061
3067 3600.166323796782349382
3068 3601.104013685447015925
3069 3601.791282751961631642
3070 3602.418894262688351564
3071 3604.248053633486021662
3072 3604.754984017813335219
3073 3605.494474971794832199
3074 3606.359317624099887487
3075 3607.574809645374461167
3076 3609.28333303427327973
3077 3609.700266168917677084
3078 3611.101631551564917512
3079 3611.910994676756871639
3080 3612.324192687339622631
3081 3613.549021241040446879
3082 3614.327814642186299075
3083 3615.606268124633568376
3084 3616.840689133504104244
3085 3617.802842397040907467
3086 3618.452558515970061806
3087 3619.885723507011064804
3088 3620.705570449877443238
3089 3621.886132366144136256
3090 3622.179274502217610453
3091 3623.55846847303969603
3092 3624.43750355684080625
3093 3624.88172659774155559
3094 3627.06031551906666885
3095 3627.949114790735445304
3096 3628.610375056135944811
3097 3629.407217611507167841
3098 3630.363425045440317375
3099 3631.308684288781778734
3100 3632.478178336013750108
3101 3633.440157775448833616
3102 3634.056193093004974107
3103 3635.673633427948447651
3104 3636.439638357045251173
3105 3637.540657717949292916
3106 3638.553707679430567169
3107 3639.679806517767157831
3108 3640.362976494269673797
3109 3641.01053814634940755
3110 3641.707123241174429619
3111 3643.479573648180924715
3112 3644.403358341780687501
3113 3645.632116643506368662
3114 3646.450894369831694777
3115 3647.284261680403813188
3116 3648.15845468551884993
3117 3649.166164131527840828
3118 3650.302043571159495449
3119 3651.253106163416819112
3120 3651.783523374765972069
3121 3653.088326196389338259
3122 3654.211437502704305114
3123 3655.905726441463279154
3124 3656.334529766239875427
3125 3656.892829633305812628
3126 3658.129372193821133813
3127 3658.921689551014202971
3128 3659.907500747567182276
3129 3660.735665814957187837
3130 3662.36894929740995212
3131 3663.448288854976732378
3132 3664.00200710459123174
3133 3664.878137729471867913
3134 3666.237025972965733037
3135 3667.307339233034196928
3136 3667.735638945522655376
3137 3669.030191157441767073
3138 3669.42374630895371457
3139 3670.731997269177523789
3140 3672.349351294876327432
3141 3673.159176144118690157
3142 3674.087608956143790266
3143 3675.262610129655987978
3144 3675.662484245629679924
3145 3676.368938137253659679
3146 3677.893295662794792812
3147 3678.847783056964556829
3148 3679.818311649508081214
3149 3680.583983908414981853
3150 3682.418731435667305882
3151 3682.57173054906809926
3152 3683.971024203510371871
3153 3684.859893088268220097
3154 3685.974442142427155922
3155 3686.27133718093538228
3156 3687.538413759765544287
3157 3688.177027971996118449
3158 3690.184258111030655673
3159 3691.039162252974917218
3160 3691.756939721431318257
3161 3692.647653927345996832
3162 3693.370984735038681317
3163 3694.791126717894572904
3164 3695.672790133180585511
3165 3696.121982633589127833
3166 3697.585963644991890737
3167 3698.547362766514283974
3168 3699.430292630649955283
3169 3700.838316759630356721
3170 3702.050756987914500006
3171 3702.460155933212898287
3172 3703.347476075603680339
3173 3704.209894382999447378
3174 3705.129228187902331168
3175 3706.294721355962656966
3176 3707.579055361439022674
3177 3708.658452868782083203
3178 3709.582271723353314798
3179 3710.371491776773358952
3180 3711.404818176416529613
3181 3712.170139466612637644
3182 3713.58358105086882472
3183 3714.424676839815995053
3184 3714.739333589796615305
3185 3715.846459034948509976
3186 3717.751095917050867352
3187 3718.498355474486977018
3188 3719.483495399308027781
3189 3720.182048932696292737
3190 3721.29604000033828802
3191 3722.058836768195941443
3192 3722.627320552538586028
3193 3724.388127501142136826
3194 3724.882319990301377042
3195 3726.51771826491925302
3196 3727.10529597332767311
3197 3727.938465955540360752
3198 3729.472791701951074776
3199 3730.187320676354296573
3200 3731.075159248372698022
3201 3731.65293730264275038
3202 3732.847475613411832533
3203 3733.671696807125663323
3204 3735.00764463701256908
3205 3736.462855616984139737
3206 3737.426702784950265241
3207 3737.847779331928765594
3208 3738.588055467694012039
3209 3739.831690660130602366
3210 3740.875153687163953311
3211 3741.925079348680116886
3212 3742.485013546845301411
3213 3743.859616211629529455
3214 3744.846671965053909675
3215 3746.135972512802586811
3216 3746.840953103113868383
3217 3747.997127044578351478
3218 3748.75286072295676774
3219 3749.672707911018502177
3220 3750.303158431205408861
3221 3751.164644510357872194
3222 3753.186449129888108423
3223 3753.946989066386061833
3224 3754.507321882974734646
3225 3755.922818842412856308
3226 3756.524972712017124695
3227 3757.481439849810206029
3228 3758.696426296329949512
3229 3759.359216675578110695
3230 3760.582729132616577522
3231 3761.085334951762833969
3232 3762.475079096339359999
3233 3763.999842697677547614
3234 3764.644280169985283474
3235 3765.746026064096287926
3236 3766.455967531820667664
3237 3766.872421484277807982
3238 3768.338640155954434175
3239 3769.293394313006448934
3240 3770.105497899101135001
3241 3771.728992761721378791
3242 3772.512331217439890355
3243 3773.467327740988558122
3244 3773.94158030498497316
3245 3775.752711840115427011
3246 3776.258807342244331681
3247 3777.143244333655944718
3248 3777.833370602115823136
3249 3778.839373785258593012
3250 3780.226486450645759018
3251 3781.668646123160835271
3252 3782.390575661851609147
3253 3783.126649463720346253
3254 3784.265550345229671224
3255 3784.86510509982461941
3256 3785.791018600925516609
3257 3786.935697906059179417
3258 3788.263664870251948365
3259 3788.800050331939493491
3260 3790.041776672573517356
3261 3791.020914404688758905
3262 3792.560247671588549844
3263 3792.872479501939546383
3264 3793.790990276485509246
3265 3795.021653416458419218
3266 3795.808588147873639875
3267 3796.139177933295054439
3268 3797.854055842943754012
3269 3799.298497077311899318
3270 3800.13242640340650134
3271 3800.877635578880027708
3272 3801.590617175651922173
3273 3802.640239732521012673
3274 3803.829200465714550227
3275 3804.790840393653911424
3276 3805.434646754817842957
3277 3806.297896755331746485
3278 3808.093049896331448328
3279 3808.459507836561145047
3280 3809.874248312906201413
3281 3811.184712334396695955
3282 3811.428221764781090041
3283 3812.544754398986000935
3284 3812.978308901785566378
3285 3814.327017461777310198
3286 3815.53181985807098822
3287 3816.602598127822443357
3288 3817.768707914308305283
3289 3818.505533965585731786
3290 3819.414498547847187908
3291 3820.438313369253760871
3292 3821.438059666772819288
3293 3822.371913385551814133
3294 3823.148110407561065569
3295 3824.41855312450802453
3296 3824.541037159350616549
3297 3826.947627237762543773
3298 3827.576335685668821836
3299 3828.339520519640936297
3300 3829.144810486888796984
3301 3830.161823923041355832
3302 3831.03467911984784996
3303 3831.9324871295548144
3304 3832.941548849468677729
3305 3834.353094561193438031
3306 3835.220398724040018393
3307 3836.022881981186403109
3308 3837.238847224151315504
3309 3838.084058667460074643
3310 3839.426268466037812102
3311 3839.974002766309188838
3312 3840.504678748195229727
3313 3841.682344812185417989
3314 3842.678532636432437496
3315 3844.403553213034847712
3316 3844.897010964168201915
3317 3846.487475476057548301
3318 3846.747301182658958026
3319 3847.681749670896746927
3320 3848.415301005862612206
3321 3850.170201814830045634
3322 3850.603920438379459569
3323 3851.410102460568819907
3324 3852.703102475248649119
3325 3853.860293845638106752
3326 3854.902586332991800714
3327 3855.955254473828766428
3328 3856.703867395885459855
3329 3857.610583014921081546
3330 3858.448586235992104363
3331 3859.285738177006220722
3332 3860.093008505172690319
3333 3861.852719325409005758
3334 3862.983783666956998704
3335 3863.658286019181994771
3336 3864.150190996822989941
3337 3865.565077205411726895
3338 3866.822404113286564803
3339 3866.972328124997318238
3340 3868.412859073881031955
3341 3869.144666921011526224
3342 3870.114034539457829775
3343 3871.291750189439619128
3344 3872.666546572794402382
3345 3873.810208380673396369
3346 3874.229614843760682188
3347 3875.105197584665997061
3348 3876.173740689806736789
3349 3876.657964937792977934
3350 3878.256174941054693398
3351 3879.110338709994588312
3352 3880.082213597441739482
3353 3881.540350511397796504
3354 3882.116845259779487145
3355 3882.899992550470255747
3356 3884.20979920798874403
3357 3885.109963086112355295
3358 3886.225209766245638376
3359 3886.451289790500395196
3360 3887.352013760036825957
3361 3889.155346344496094432
3362 3890.309181969027112202
3363 3891.086883002408645857
3364 3891.929936985990490856
3365 3893.001131076967069569
3366 3893.407062083334096652
3367 3894.783730288917097305
3368 3895.567931273915074234
3369 3896.642632275134284819
3370 3897.870750291093003286
3371 3898.651961794555336176
3372 3899.62374345561473994
3373 3901.007764610422026172
3374 3902.077427042258698973
3375 3902.411160510889354973
3376 3903.35154307314575734
3377 3904.37919130412093717
3378 3905.344851666203596743
3379 3906.119319111883894097
3380 3908.188165438193626058
3381 3908.606362666069931892
3382 3909.465847404125029024
3383 3910.632716856539704751
3384 3910.911438236158379121
3385 3912.64294859851234896
3386 3913.259137861760987569
3387 3914.219923269218954273
3388 3914.949001244906410445
3389 3916.176538559951340385
3390 3917.658165953608366625
3391 3918.443052987650145675
3392 3919.222740960692518656
3393 3920.540431095450587399
3394 3921.15257024005183561
3395 3921.652560348288666439
3396 3922.665203224202656175
3397 3924.193310525357618908
3398 3925.247119257293025393
3399 3926.176083583575326687
3400 3927.0805173700931743
3401 3928.14221829529446721
3402 3928.886559206820356148
3403 3930.099281280357436126
3404 3930.891086382284810202
3405 3931.745217360564949426
3406 3932.624568087019042321
3407 3933.516881842037852282
3408 3934.938347808599447019
3409 3936.443286119626161132
3410 3936.974234313655024428
3411 3937.905380853557401363
3412 3938.214616536864632491
3413 3939.775186811875467466
3414 3940.434637596688948587
3415 3941.63002964800072013
3416 3942.352722187778191037
3417 3944.030362806929116485
3418 3944.650915652395713949
3419 3945.333063668887094366
3420 3946.878983570570298787
3421 3947.703864074578611833
3422 3948.434192200487546592
3423 3949.31370582214964607
3424 3950.132375511085209323
3425 3950.859466439663037494
3426 3952.94287015691717517
3427 3953.356526591264831061
3428 3954.77862116459699667
3429 3955.176546372732661583
3430 3956.420217191614135623
3431 3957.019901776542639871
3432 3957.954717947092253546
3433 3959.470755505529516745
3434 3960.071028756977266031
3435 3960.770534614479359708
3436 3962.168461926687971608
3437 3963.470348861256275152
3438 3964.312649523208256814
3439 3965.132707098912333386
3440 3966.138714993044403934
3441 3966.753894106404171408
3442 3967.81876142117071309
3443 3968.484653607896033251
3444 3969.914600219660540069
3445 3971.318070212216399377
3446 3972.115760264560262037
3447 3973.010681503585877369
3448 3973.457014783824321924
3449 3974.893413368283160052
3450 3976.066183195673826166
3451 3976.731418901192373991
3452 3977.113908694971600065
3453 3978.686119979256594878
3454 3979.497341176278255104
3455 3980.844099782236250536
3456 3982.048502086845775327
3457 3982.764068116537151659
3458 3983.749795369122902312
3459 3984.227435181156851577
3460 3985.098725242399498989
3461 3986.516179038180407272
3462 3987.230709154775459032
3463 3988.71944926467564971
3464 3989.352175808955517197
3465 3990.481409607346073669
3466 3991.570890985175510498
3467 3992.331105099822461806
3468 3993.293163731767162155
3469 3994.395873998452264711
3470 3995.168459723067387721
3471 3995.797813413111165863
3472 3996.68904023302803163
3473 3998.809292299706732014
3474 3999.519248285303142181
3475 4000.017285178770817525
3476 4001.144258634627438509
3477 4002.112349427714343896
3478 4002.695719414773562292
3479 4004.022451394682446505
3480 4004.806731028674475864
3481 4005.876737437339064101
3482 4006.931920817723560603
3483 4008.142030891384439156
3484 4008.689596252476207075
3485 4010.361019023809560451
3486 4010.983311280304647998
3487 4011.663881541786930039
3488 4012.568916000892392479
3489 4013.233688805466681018
3490 4014.657294818277420413
3491 4015.657651051640921343
3492 4016.968938010016809798
3493 4018.02926845857559773
3494 4018.776951600020067438
3495 4019.106065040812167909
3496 4020.57077310366363936
3497 4021.628014217374502305
3498 4022.380106437604588097
3499 4023.428504974205280282
3500 4023.905151400087167642
3501 4025.58319902672542413
3502 4026.602759101599393676
3503 4027.866297571924415222
3504 4028.247172919727479773
3505 4029.195557080540315202
3506 4030.383280199061820269
3507 4030.916107786028135695
3508 4031.654311715944818681
3509 4033.374476877376963248
3510 4034.520820162190739998
3511 4035.105599029920828107
3512 4036.079389601862977615
3513 4037.126014571026009983
3514 4038.290698859279128483
3515 4038.948310434303325261
3516 4039.857819222256095012
3517 4040.940563221796225392
3518 4041.464677644774374592
3519 4042.702480396315250224
3520 4044.322287003434570729
3521 4045.055147387290924544
3522 4046.214784829124031158
3523 4046.73821081731432522
3524 4047.468044325976916231
3525 4048.380709827563177421
3526 4049.973704686576342633
3527 4050.431390624204357755
3528 4051.384379551233799657
3529 4052.997625981506260337
3530 4053.566272077934283239
3531 4054.690712870254344052
3532 4055.47785250335704034
3533 4056.996361903224402555
3534 4057.428904233524567291
3535 4057.993493539175552801
3536 4059.08542828818309525
3537 4060.048996006782810557
3538 4061.743933049635338111
3539 4062.850288692900517429
3540 4063.157725455432651575
3541 4064.358380196390134898
3542 4065.17847519289932186
3543 4066.10959265051931334
3544 4067.07410686881256403
3545 4068.08322382602438336
3546 4068.969297626075607361
3547 4070.281912569777939834
3548 4070.603677649607697782
3549 4072.705128706193108975
3550 4073.126450172392009411
3551 4074.087681133033709607
3552 4074.817064510665765361
3553 4075.741346670090514961
3554 4076.719781863792053896
3555 4077.413345484527613144
3556 4078.922771360211755045
3557 4080.108304481201567096
3558 4081.066083420945756239
3559 4081.698568431797951076
3560 4082.588348141119579175
3561 4083.630042860071034149
3562 4084.942883202912307965
3563 4085.5153705858256261
3564 4086.379221074612250776
3565 4086.967478975275949355
3566 4088.781881483158054733
3567 4089.730285637656534802
3568 4090.59126591027896524
3569 4091.910846159219193728
3570 4092.297206464624930646
3571 4093.248362229124430533
3572 4093.905911945289125719
3573 4095.137930751253504174
3574 4096.510847296560407745
3575 4097.063684460353298961
3576 4098.475186448155724799
3577 4099.244845293626992476
3578 4100.107534130519644582
3579 4101.578447921560121189
3580 4102.03736253512558076
3581 4102.825941825781477258
3582 4104.141331202192166833
3583 4104.613098579828915563
3584 4105.512852569224958932
3585 4107.327219355882225464
3586 4108.624233430278305582
3587 4108.852443160772494845
3588 4109.710931285796126201
3589 4110.634319886721141688
3590 4111.859845445077717528
3591 4112.6672060187223753
3592 4113.485989227036601045
3593 4114.687567837158964554
3594 4115.615773798477103161
3595 4116.813980891257400123
3596 4117.600710739797161462
3597 4118.974352669458241314
3598 4119.596332883649645453
3599 4120.634210584368994291
3600 4121.348656802788074646
3601 4121.79465878504165755
3602 4123.240086669544312935
3603 4124.64882938019727377
3604 4125.592128452605104293
3605 4126.378063880529021693
3606 4127.593370808397083111
3607 4128.298166699678466671
3608 4128.777675202575931135
3609 4130.466763780259752689
3610 4131.136979899321969923
3611 4131.928002432784459591
3612 4132.724451307376544965
3613 4134.050648828269375848
3614 4135.441760021328964841
3615 4136.396688873409519754
3616 4136.974853483482130959
3617 4137.962941379643079206
3618 4138.838339555502391832
3619 4139.464099155238308143
3620 4140.892830115632741338
3621 4141.373775320128172181
3622 4143.347062500451133645
3623 4143.897624856071481706
3624 4144.603298798390414941
3625 4145.564792568009009432
3626 4147.071922279525151614
3627 4147.595069547505049211
3628 4148.652520778808441897
3629 4149.069451050763133347
3630 4150.445097952485151816
3631 4151.146851509498205315
3632 4152.768725265643344252
3633 4153.83914674505212753
3634 4154.630899005978987953
3635 4155.334787261632335144
3636 4156.296304962837572625
3637 4156.913907991741328997
3638 4158.129334413811242055
3639 4159.480461698979829258
3640 4159.921665840759389187
3641 4161.096281182124803241
3642 4162.377914593377240625
3643 4163.278853050829165149
3644 4164.135351440631472028
3645 4165.139162955595756412
3646 4166.078428062398829526
3647 4166.98417340835686662
3648 4167.509875345772868354
3649 4168.303453625533487017
3650 4170.4828061105640123
3651 4170.87511438164787788
3652 4172.130758051546532436
3653 4172.876966851703883988
3654 4173.416864022804521257
3655 4174.873181874607245529
3656 4175.512052252207840572
3657 4176.643071920197626255
3658 4177.322188624039802965
3659 4178.530304183175522794
3660 4179.574699430186857068
3661 4180.503181765203083579
3662 4181.922493184464297244
3663 4182.850792879099913259
3664 4183.377504371781905552
3665 4183.84634445931915362
3666 4185.312727675292838292
3667 4185.957936687376979078
3668 4187.200718846234245245
3669 4188.419977240156833978
3670 4189.615279793395058432
3671 4190.233269290908713869
3672 4190.985912225671671008
3673 4192.109712345712517225
3674 4193.175851165785098974
3675 4194.092245882131889272
3676 4194.89901388826094143
3677 4195.541351655143766551
3678 4196.60454835580479518
3679 4198.425989112479249028
3680 4199.335192631164304862
3681 4199.633002829636421888
3682 4200.99746346657570657
3683 4201.82700223668412701
3684 4202.41669874601443096
3685 4203.280813660139269369
3686 4204.736011073341322482
3687 4205.627365267385813391
3688 4206.870191888257310639
3689 4207.354542104387760672
3690 4208.734782098327231021
3691 4209.642902759412553685
3692 4210.54979319404295299
3693 4211.527980700039128153
3694 4212.170228129721352672
3695 4212.967293233469157665
3696 4214.117686583577980811
3697 4215.179293281830773861
3698 4216.832135763850230669
3699 4217.495524251771119978
3700 4218.23078862687556345
3701 4219.086410356289667962
3702 4219.672061531219570366
3703 4221.306739710483433395
3704 4222.126671441045028901
3705 4222.507243705137996463
3706 4223.901179992220450204
3707 4225.282365846362951644
3708 4225.722307332870217758
3709 4227.210630501786314845
3710 4227.984705072136280418
3711 4228.980834106910106535
3712 4229.533411497629163706
3713 4230.65784797515536501
3714 4231.008079754503101278
3715 4232.660327378782449513
3716 4234.137260750954802006
3717 4234.672186485428209508
3718 4235.50281478464953056
3719 4236.708778081333553093
3720 4237.343105088598700866
3721 4238.581562429219524082
3722 4239.083355091352149427
3723 4240.609223276219873907
3724 4241.104024290079786471
3725 4241.783753083254786295
3726 4243.573652494019625857
3727 4244.575822632996718442
3728 4245.621059995546743796
3729 4246.010961501898300903
3730 4247.050666369494432726
3731 4247.882863620120972746
3732 4248.79822992072609773
3733 4249.842360550784185109
3734 4251.024571916935894702
3735 4252.063770376692823471
3736 4253.45215704309497471
3737 4253.641943495415197993
3738 4254.606741244740830906
3739 4256.253977915078116944
3740 4256.903916379891303849
3741 4257.398426070860373553
3742 4258.412309498923805529
3743 4259.219971503959149238
3744 4260.828780400028577526
3745 4261.801316153905304147
3746 4262.834917758818131271
3747 4263.851070090161653157
3748 4264.326484097472780809
3749 4265.197753530233854892
3750 4266.175526297828778598
3751 4267.375018115874995308
3752 4268.223032063958135628
3753 4269.311963383198256317
3754 4270.228945852237268113
3755 4271.219357724018474299
3756 4272.626546682788551864
3757 4273.266070375791575276
3758 4274.006198485267499037
3759 4275.106732633899628078
3760 4275.8636480704100393
3761 4276.733176340385498093
3762 4277.420042959429433607
3763 4279.548867188124268065
3764 4280.161625524678237395
3765 4280.973787692787184731
3766 4281.587159761130006834
3767 4282.943479138628317708
3768 4283.493728632652311984
3769 4284.84496540147074919
3770 4285.629053648214923858
3771 4286.158107286907703682
3772 4287.680518179438382678
3773 4288.504766274432492112
3774 4289.812145760645530075
3775 4290.683826357642490281
3776 4291.674919393785886227
3777 4292.726444975231376542
3778 4292.81726339051413759
3779 4293.813814959747385626
3780 4295.348211448381976547
3781 4296.247687553782203308
3782 4297.269668492699212991
3783 4298.663179089635915854
3784 4299.054947282909573301
3785 4300.089148378121238997
3786 4301.012050609301536272
3787 4302.145194882383666534
3788 4303.183384178737349694
3789 4303.534636903585180283
3790 4304.617528001025212884
3791 4305.613823712048145778
3792 4307.449077599055896908
3793 4307.998991754306450218
3794 4309.172964976841508302
3795 4309.358615069695703462
3796 4310.632176097218701787
3797 4311.662007243922197149
3798 4312.226430123790737033
3799 4313.401370258528985403
3800 4314.79928316025533621
3801 4315.573741805210985078
3802 4316.464656306923669272
3803 4317.356190740262700662
3804 4318.867542854213184133
3805 4319.406828392035801868
3806 4320.162243602362299355
3807 4321.074891627432100607
3808 4322.076165190021617271
3809 4322.664566486274587619
3810 4324.546748008150745772
3811 4325.293085728018140886
3812 4326.35011858358482839
3813 4327.394690703758969782
3814 4327.700362559461280728
3815 4328.615769054413532147
3816 4330.027835915254370617
3817 4330.890065791732079745
3818 4331.851915622106296328
3819 4332.303902286719461748
3820 4334.020581083662575845
3821 4335.0631473708845273
3822 4335.606667165305049524
3823 4337.133662605669106827
3824 4337.451842980883658531
3825 4338.719122162573600502
3826 4339.027061506978881933
3827 4340.087832540901234235
3828 4341.413050962383796876
3829 4342.901618174997644427
3830 4343.563201207074485599
3831 4344.334641491140474886
3832 4345.249657154565037229
3833 4346.242896210363647368
3834 4347.628030072289640802
3835 4347.788735321778720109
3836 4348.975430851982282591
3837 4350.013922105545571685
3838 4350.871384355095550698
3839 4351.952516632844799693
3840 4353.700189732446531948
3841 4354.220757625007382864
3842 4354.724596590270922343
3843 4355.893110782247816934
3844 4356.482766408338403412
3845 4357.58759169304228169
3846 4358.75564313242028691
3847 4359.50018559781664677
3848 4361.191076817522249292
3849 4361.486734502675719096
3850 4362.761583185764398273
3851 4363.525581318882122839
3852 4364.5469088460366853
3853 4365.671997008556408897
3854 4366.527307542686969732
3855 4367.000511849069285657
3856 4367.711048429534312844
3857 4369.537964927337176457
3858 4370.734627509905661622
3859 4371.362633022014821646
3860 4372.227906507432438538
3861 4373.433178290921766909
3862 4373.863804411418442674
3863 4374.695096160702237208
3864 4376.083223911225390966
3865 4376.982953296759940307
3866 4377.768463362284683834
3867 4379.103315875457539431
3868 4379.759864529332484283
3869 4381.091028309864572283
3870 4382.125949498676589289
3871 4382.875748523263969009
3872 4383.466427318297307401
3873 4384.419601139081317074
3874 4385.579886328903910493
3875 4386.083678707494445686
3876 4387.75626002584135466
3877 4389.029478391509339603
3878 4389.719630868887908315
3879 4390.351108275227104076
3880 4391.021213066960059009
3881 4392.574337674838886637
3882 4393.358662552606143626
3883 4394.028511126825552842
3884 4395.060893844163135236
3885 4395.95109793061623448
3886 4397.223222687317357301
3887 4398.451719633069752663
3888 4399.177467304123480437
3889 4400.270180039160398612
3890 4401.175471547632582622
3891 4401.533574080142021232
3892 4402.808234516906255164
3893 4403.239569924188559173
3894 4405.21860463998769237
3895 4405.832303993915803939
3896 4406.706876416488763459
3897 4407.973180939619009283
3898 4408.623707863404237262
3899 4409.666097134110426046
3900 4410.491141982205285855
3901 4411.71520153078193013
3902 4412.237247490713238199
3903 4413.216561165380747114
3904 4413.934044512484839559
3905 4415.85096182654995055
3906 4416.593999029481331216
3907 4417.5801169756851043
3908 4418.241556472837749396
3909 4418.971524790858100015
3910 4419.922457573363702114
3911 4421.141217996643738328
3912 4421.904701207757415642
3913 4422.790749620976987837
3914 4424.339666554156858749
3915 4425.244909574641610323
3916 4425.495648732297991529
3917 4427.164720656212138236
3918 4428.073175842685664943
3919 4428.88180243163794305
3920 4429.488009566998485873
3921 4430.247448795439337919
3922 4431.424340483088057362
3923 4432.575627454585165454
3924 4434.029253195875076186
3925 4434.779104836070688681
3926 4435.5290832925767438
3927 4436.423737983623331374
3928 4437.394173677606044651
3929 4437.97686962850669784
3930 4439.557560714414832326
3931 4440.10758550901094607
3932 4441.064996264988783478
3933 4441.984948578357786284
3934 4443.365941871083814756
3935 4444.564424110313409079
3936 4445.238338540593880077
3937 4445.772758248951021434
3938 4447.263096016793147242
3939 4447.732962461683127222
3940 4448.301901068324509768
3941 4449.635268124367618071
3942 4451.098120800309180894
3943 4452.188083705132971605
3944 4452.680702066041694395
3945 4453.73455127111563905
3946 4454.462905440249533815
3947 4455.76265797255483853
3948 4456.703250193513507286
3949 4457.245826339942973539
3950 4458.188749330669113489
3951 4459.171279016140607209
3952 4460.548529287535826299
3953 4461.404140478537193489
3954 4462.73462219491568792
3955 4463.647648067206901186
3956 4464.038523256990129282
3957 4464.812716127626601098
3958 4465.805997569222651444
3959 4467.228532883001554745
3960 4467.739817015275730229
3961 4469.170662737410317484
3962 4469.97803283173394679
3963 4471.361757252287805366
3964 4471.550195590352033532
3965 4472.95927201518227497
3966 4474.186277577406440361
3967 4474.317091778977771744
3968 4475.801110931759640258
3969 4476.246519157506198531
3970 4477.015857063332257867
3971 4479.269423276334162345
3972 4479.73066477209281952
3973 4480.53362973923556181
3974 4481.410040221138047776
3975 4482.366885688958295641
3976 4483.238277466884327439
3977 4484.123623369348991498
3978 4485.052226103624408763
3979 4486.327219162941344179
3980 4487.084191427811448103
3981 4488.070667249015175844
3982 4489.240895547541078524
3983 4490.295506994854455666
3984 4491.218481252422990786
3985 4492.00827787896925304
3986 4492.638034669212676935
3987 4493.533634735208371962
3988 4494.493755901568357037
3989 4495.810018029897351327
3990 4496.893451767265072729
3991 4498.107112046466237972
3992 4498.778394072472857396
3993 4499.585223107458145043
3994 4500.164602396069653262
3995 4501.627186643984574882
3996 4502.673855553594221842
3997 4503.329854345718332643
3998 4503.715555681810678935
3999 4505.458867093072674443
4000 4506.311496728824972433
4001 4507.745182883217585713
4002 4508.211436902683191483
4003 4509.371444648123771835
4004 4509.943668937142796631
4005 4511.040014028519826947
4006 4511.462718596944825305
4007 4512.809991107199333292
4008 4514.077139589541616475
4009 4515.191306764589303377
4010 4516.089845213538949617
4011 4516.365671040829024138
4012 4518.275389222432388863
4013 4518.58467921541852258
4014 4519.574800020459117836
4015 4520.538555008726931684
4016 4521.475485153272691698
4017 4522.144077728261478388
4018 4523.23746437872520062
4019 4524.973397160755773244
4020 4525.790882296900267871
4021 4526.348586358787751873
4022 4527.353633124018429918
4023 4527.94389354478558811
4024 4529.06923459200749826
4025 4530.025233174411323526
4026 4531.318968337886596724
4027 4531.643575987181310539
4028 4533.297976471441726616
4029 4534.135598244321343193
4030 4534.935556004702284228
4031 4535.907562516729376514
4032 4537.252568547485587416
4033 4537.806098343882329937
4034 4538.508935088108176774
4035 4539.188862923705849812
4036 4540.347726623454188129
4037 4542.12966625097863507
4038 4542.620486098007612372
4039 4543.746922273790999178
4040 4544.720271320875110382
4041 4545.263343636485154453
4042 4546.141207421271979846
4043 4547.593415368720114185
4044 4547.938636006363253019
4045 4549.281071828127811086
4046 4550.068688879314210336
4047 4550.979693585295962614
4048 4552.32192616097028952
4049 4553.536850280879258972
4050 4554.197951050969598707
4051 4554.959391486876160668
4052 4555.595473599203158947
4053 4556.891310536484503769
4054 4557.53397407057799853
4055 4558.396623828290441557
4056 4560.215941097671281959
4057 4560.999833506231566525
4058 4561.629346601569669732
4059 4562.596817089267709951
4060 4563.41604626760442646
4061 4564.815955844672177597
4062 4565.416958272248864142
4063 4566.253326081946528363
4064 4567.121450990624194848
4065 4567.941686478497419876
4066 4569.615770295187562956
4067 4570.433329174898880337
4068 4571.45789878556082846
4069 4572.249860418587060394
4070 4573.246173187393333751
4071 4573.924130511974939765
4072 4574.29762138438867928
4073 4576.189954391835435575
4074 4576.793917799958071536
4075 4577.859111429864775477
4076 4578.927025832071771058
4077 4579.956917853998653678
4078 4580.717084505585650949
4079 4581.89418721345139506
4080 4582.568249086154888199
4081 4583.673687920993870673
4082 4584.380768499226686844
4083 4584.977258165432077355
4084 4586.207762605340608766
4085 4587.674877076508276421
4086 4588.977914220216893288
4087 4589.643449489509525832
4088 4589.748811533984073109
4089 4591.204146513097044716
4090 4592.04930908790791223
4091 4593.159791572761266279
4092 4593.836891986130646384
4093 4594.787190560325223363
4094 4596.263664401222352073
4095 4596.829908459071355621
4096 4597.820812342329887693
4097 4599.373672439866231106
4098 4599.90757943768990047
4099 4600.630054113463249329
4100 4601.602961817195210774
4101 4602.256123513840425026
4102 4603.20969054508849441
4103 4604.641681401318434573
4104 4605.883451695221001197
4105 4606.462472402408225287
4106 4607.753032587037468252
4107 4608.21638094420391057
4108 4609.224160777059836469
4109 4610.084231645927489915
4110 4611.484674457680128684
4111 4612.028597458638017181
4112 4612.788854013540499857
4113 4613.684307641332135748
4114 4615.536616091181920312
4115 4616.222300661647902674
4116 4616.958582780833962031
4117 4618.107678910147295189
4118 4618.767170618818314446
4119 4619.465593896856682252
4120 4620.544365612922411191
4121 4621.348279218696864141
4122 4622.819323121313133157
4123 4623.805611944196388814
4124 4624.726278755093853198
4125 4625.409262501686005167
4126 4626.342985703833363788
4127 4627.79022982310801539
4128 4628.463443401889382425
4129 4628.974234757263189026
4130 4629.88878293931447398
4131 4631.226406988970946892
4132 4631.762401043949186966
4133 4633.564438992180702633
4134 4634.307105418771996911
4135 4635.357160887010119288
4136 4636.028343960683841351
4137 4636.392280747452989367
4138 4637.792071980071969804
4139 4638.748153747896912504
4140 4639.715380822985125027
4141 4640.561739730958772813
4142 4641.758272380068695377
4143 4642.685758176652565693
4144 4643.751735863572586534
4145 4644.753105527211353893
4146 4645.362987352404960483
4147 4646.739486074074278105
4148 4647.117263732463690315
4149 4648.112608174797495897
4150 4648.564886816581811127
4151 4650.614330328304693315
4152 4651.664121145863517167
4153 4652.088399128892722097
4154 4653.119156055231474658
4155 4654.068949599622892967
4156 4654.947323957917146302
4157 4655.721560896440402117
4158 4656.922418573236229934
4159 4657.820890194845071379
4160 4658.394949957775201671
4161 4659.918687610412533546
4162 4660.563963934253226678
4163 4662.080004603230196499
4164 4662.94589091943468199
4165 4663.505025593543350009
4166 4664.322897246287663093
4167 4665.14137595313364015
4168 4666.090798752812430793
4169 4667.424428268022505182
4170 4668.055177752045005693
4171 4669.829513522149519349
4172 4670.350631746016705787
4173 4671.032106498723756282
4174 4671.877847964575568367
4175 4673.282690521288863774
4176 4674.126716048520155791
4177 4674.741639863472338033
4178 4675.727566686424795434
4179 4676.334095816126001878
4180 4677.930219147139760026
4181 4679.087491041081722265
4182 4680.088468859476682777
4183 4680.606397111239046429
4184 4681.604890746662137232
4185 4682.648662425130068993
4186 4683.021291066600425705
4187 4684.186914789593926043
4188 4685.407789642226698401
4189 4686.708155145731282197
4190 4687.072177975256371598
4191 4688.252603006428156324
4192 4689.505062437305947085
4193 4690.178840007101156268
4194 4691.296768788712998698
4195 4691.862100090804364184
4196 4692.866432862005417494
4197 4693.93941729333618887
4198 4694.173942793324879122
4199 4696.0958498728107854
4200 4697.35414747154243757
4201 4697.774403761154303022
4202 4698.924504209172432606
4203 4699.497252230962505996
4204 4700.158603280910107108
4205 4701.842587035350229945
4206 4702.437645696001115081
4207 4703.015173840539884166
4208 4704.338118407428742202
4209 4705.482138782043212793
4210 4706.468570903250873605
4211 4707.187171952140145537
4212 4708.595427452169518533
4213 4709.332678157477530918
4214 4709.944940346285218461
4215 4710.552242005027289891
4216 4711.691980184833244495
4217 4712.777797477036918821
4218 4714.247723107137320849
4219 4714.997962824891633345
4220 4715.952621727107204636
4221 4716.660239219091658148
4222 4717.733401081525539588
4223 4718.529894766793406868
4224 4719.595704166862952002
4225 4720.386694373550362817
4226 4721.537540939960935213
4227 4721.954561819576412351
4228 4723.234934939146447075
4229 4724.996421877651095847
4230 4725.487196574650090783
4231 4726.271143852757387688
4232 4726.949295824610082953
4233 4728.211604352939923336
4234 4728.75050723011951096
4235 4729.661501548357264038
4236 4730.962714323503681029
4237 4732.021907044924884253
4238 4733.193764940088243857
4239 4733.844098699536374976
4240 4734.527817832890851481
4241 4736.044923936178173026
4242 4736.596840064478015169
4243 4737.78403554789576777
4244 4738.432582516829772805
4245 4738.793733317309791084
4246 4740.332565971351204975
4247 4741.721885804414925813
4248 4742.414037310372691953
4249 4743.717920629169778019
4250 4744.421811483696119836
4251 4744.996853269858667604
4252 4745.84241903044360641
4253 4746.839593742937682383
4254 4748.335806689634292786
4255 4748.700881129172875368
4256 4749.728100218336966139
4257 4751.21594905936705736
4258 4751.682732579110661369
4259 4753.084026101484586173
4260 4753.918835840181715726
4261 4754.589564975895352338
4262 4755.588948859221431649
4263 4756.35614048957621914
4264 4757.222671632898185402
4265 4757.970669573234211562
4266 4760.158590209302521649
4267 4760.441048058613566808
4268 4761.516430763499396543
4269 4761.983993808134506528
4270 4763.158188506213454892
4271 4764.275424407306483904
4272 4764.998476803593949182
4273 4765.803255384904621513
4274 4766.884818058115801704
4275 4767.868858831061510285
4276 4768.726470928571001758
4277 4770.256497157692319215
4278 4770.891284039308624229
4279 4772.057494829203420451
4280 4772.644938936118023454
4281 4773.43979777291197177
4282 4774.056619725543373056
4283 4775.395711249463670442
4284 4776.429201254369041934
4285 4777.635676983270711038
4286 4778.374124696471104169
4287 4779.596151378346832676
4288 4780.479123089006794459
4289 4780.708587502443035163
4290 4782.356874431613484151
4291 4783.343224125135875255
4292 4783.714516795385516702
4293 4784.640967678605631037
4294 4785.525415338092576368
4295 4787.252675346162013262
4296 4788.152570124255076385
4297 4788.999015740484347408
4298 4789.698347933761889233
4299 4790.733815868860531442
4300 4791.291170821013052871
4301 4792.408824018617677789
4302 4793.347319652198516781
4303 4794.286764715211680011
4304 4795.780117831537509011
4305 4796.352903431830801702
4306 4797.09793359794581884
4307 4798.42084186259813558
4308 4799.673211404293510211
4309 4800.09776761522869669
4310 4800.671002186036599461
4311 4802.188369508504326581
4312 4802.377850869757571068
4313 4803.704592676757202939
4314 4805.072216480051437184
4315 4806.371973581088139664
4316 4806.921270594435886645
4317 4807.541012033673238741
4318 4808.604499169223328929
4319 4809.346880319834907563
4320 4810.531881343335159222
4321 4811.632288844522749137
4322 4812.160772203606658081
4323 4813.045552124358051616
4324 4814.681559817523627224
4325 4815.32427654957491583
4326 4816.451758256975597923
4327 4817.232875407548554446
4328 4818.24013348446747453
4329 4819.028426196165153417
4330 4819.754628168566338264
4331 4820.210030017203117857
4332 4822.22116487270359167
4333 4822.905726969312732121
4334 4824.137537479789858746
4335 4824.678397755425805238
4336 4825.736295502362444364
4337 4826.494341214861117588
4338 4827.767321263362221932
4339 4828.337946620890113125
4340 4829.386309918933856652
4341 4830.136823559166987016
4342 4831.185693208819182863
4343 4832.224866730873780217
4344 4833.663263959365356096
4345 4834.665341189936119174
4346 4835.144026609661878037
4347 4835.951966776301744556
4348 4836.608965378976492897
4349 4838.026709907399510521
4350 4838.660483732967704552
4351 4839.647158112444012563
4352 4841.064723645309148014
4353 4842.043504687772379354
4354 4842.585412400115900515
4355 4843.62133600079244163
4356 4844.699612969358783737
4357 4845.696734419167149592
4358 4846.65776014351831343
4359 4846.916049334814343838
4360 4848.107405391168071672
4361 4848.885041904170968097
4362 4850.87151879220241143
4363 4851.46872299843176534
4364 4852.001065083394633811
4365 4853.425815431974229557
4366 4854.027006706021599252
4367 4854.574296102760764609
4368 4855.718462363850047365
4369 4856.921830081505002677
4370 4857.815380260170590842
4371 4858.604172218367619708
4372 4859.680531624429214001
4373 4860.809330725515107732
4374 4862.076654387724518461
4375 4862.359349645750220957
4376 4863.76015391976093258
4377 4864.191948667561191156
4378 4865.055351272651282793
4379 4866.071578271192035601
4380 4866.954021268905626336
4381 4868.588327038712939403
4382 4869.466636285996003582
4383 4870.517253831919863045
4384 4870.696564723359276882
4385 4871.705539530006271272
4386 4873.19318137594668488
4387 4873.818446227467478701
4388 4874.789996783109194462
4389 4875.237660837145282364
4390 4876.743142327452012739
4391 4877.725299567701846366
4392 4878.629005583154521603
4393 4880.058127358884297524
4394 4880.609661001629555419
4395 4881.311012339880100853
4396 4882.304462235103172031
4397 4882.890785935961674705
4398 4883.927414234290994554
4399 4885.362074723990061208
4400 4886.270478879995812962
4401 4887.19848064669972813
4402 4888.175610835218177967
4403 4888.908079346009931337
4404 4890.214451316183896227
4405 4890.627756888265251447
4406 4891.783056074756029841
4407 4892.934979042486623693
4408 4893.388337635763625767
4409 4893.963169529566907277
4410 4895.963739545985896383
4411 4896.957746690963674625
4412 4897.650781297577310623
4413 4898.457291766483546551
4414 4899.161200688896832048
4415 4900.429563379257629683
4416 4900.742881746494619589
4417 4902.307209902897363831
4418 4902.821632068548983029
4419 4904.228632937447432406
4420 4905.142489080673256296
4421 4906.098238142345993544
4422 4906.699541973659493238
4423 4908.330089351212601067
4424 4908.913521444295983651
4425 4909.624111714983894971
4426 4910.245081667458748149
4427 4911.291910102137935317
4428 4912.45130893610539013
4429 4913.660637618066299384
4430 4914.792645831573870071
4431 4915.700240689561518998
4432 4916.332164477558814302
4433 4917.230780504244470901
4434 4917.807535042850110861
4435 4919.487036337098303362
4436 4919.889325052079112123
4437 4920.840430543640467433
4438 4921.970590627642932376
4439 4922.718991373756672789
4440 4924.317098249989049527
4441 4925.077606689328753595
4442 4925.795026681425305622
4443 4926.727642209650995252
4444 4927.597951290635375503
4445 4928.526064803158376112
4446 4928.957136245708192328
4447 4930.240318442930018207
4448 4932.036812774137725342
4449 4932.600670527040718593
4450 4933.068125843811334931
4451 4934.352289122012126565
4452 4935.20099424978798734
4453 4936.13394952350574077
4454 4937.207162985993665628
4455 4937.770365700218142783
4456 4938.753815526292919965
4457 4939.641724784706801754
4458 4940.852294862652441601
4459 4942.135528578192400255
4460 4942.976896462189562261
4461 4943.977866731886657614
4462 4944.64160302004977327
4463 4945.186898517928171801
4464 4946.119253478643517899
4465 4947.500490321847553505
4466 4948.389808797441805195
4467 4949.085915385102584866
4468 4950.615812591258803037
4469 4951.502384929286173794
4470 4951.878797918170585581
4471 4953.200555668674743231
4472 4954.255067679664776881
4473 4954.976576379403295753
4474 4955.822259816116805721
4475 4956.466055278855659404
4476 4957.331889630291060202
4477 4959.028989320631797118
4478 4960.16392840769328093
4479 4960.758090264619476084
4480 4961.688462943186695759
4481 4962.261952448162617439
4482 4963.526118617487075963
4483 4964.307031405169229068
4484 4964.925235089607736325
4485 4966.63321626986461171
4486 4966.868645587163261187
4487 4968.394640927225772984
4488 4968.83609465510331513
4489 4970.479982679447772778
4490 4971.339245556210117404
4491 4971.824996149396399211
4492 4972.713491617352756413
4493 4973.711578032458529371
4494 4974.43047814727094911
4495 4975.310997142413226589
4496 4976.964034077549152809
4497 4977.755154086707724181
4498 4978.84785575317637695
4499 4979.580892326637990083
4500 4980.118762529119041125
4501 4981.192703747710832642
4502 4982.512361526238627251
4503 4983.225027314619665334
4504 4983.979975829911587947
4505 4984.568543574519193797
4506 4986.252566835805268933
4507 4987.187900982755099012
4508 4988.191597307574352242
4509 4988.905166592147155554
4510 4990.345480286356102948
4511 4990.449701819016886674
4512 4991.214774408587082742
4513 4992.379462341421509393
4514 4993.495748983814606326
4515 4994.632742172267628213
4516 4995.879247704658085703
4517 4996.220820876864221073
4518 4997.396150707099834388
4519 4998.370030195671724561
4520 4999.329681372973090286
4521 5000.234316931327815846
4522 5000.834381432412614331
4523 5001.889773627192102742
4524 5002.854002891858256484
4525 5003.484944378312056018
4526 5005.495907487708251259
4527 5006.208381106211305894
4528 5006.788558806100997051
4529 5007.485982919851298145
4530 5008.626199656301915375
4531 5009.229044117222127632
4532 5010.811172544728761737
4533 5010.933198106039916088
4534 5012.396833739677234081
4535 5013.533605873148409158
4536 5014.238442056197719766
4537 5015.35792793793905549
4538 5016.192546914328135857
4539 5017.347756568168352434
4540 5018.084913547670188091
4541 5018.939831850465569235
4542 5019.39583147335761965
4543 5020.352759395483800806
4544 5022.203022983779874049
4545 5022.834526019187622027
4546 5023.90488914123234492
4547 5024.725752594867625769
4548 5025.730993593627878738
4549 5026.185476882352389189
4550 5027.221563711044324028
4551 5028.537886820898086273
4552 5029.216956939054499845
4553 5030.026936938536285427
4554 5030.967858186768958409
4555 5032.399063540915597539
4556 5033.166566080199752306
4557 5034.550361163014876641
4558 5035.013416408851633114
4559 5035.523058437430792138
4560 5036.841667107008453926
4561 5037.500692756887328127
4562 5038.324319636722802211
4563 5039.621887452849045081
4564 5041.041398993811192503
4565 5041.798034522457411666
4566 5042.492149716432382489
4567 5043.015445393966784867
4568 5044.656791091315078687
4569 5045.46713048016640285
4570 5045.941675502013132496
4571 5046.9976174300097225
4572 5047.863086184184779148
4573 5048.79022881972789417
4574 5050.308459699165668823
4575 5051.10669953368581349
4576 5052.279310472945103306
4577 5052.772155289672452263
4578 5053.712365319994519914
4579 5054.434547343369218921
4580 5055.192672473443236219
4581 5056.605813079880107722
4582 5057.589996235894704492
4583 5058.345409417078256418
4584 5059.439905818898518353
4585 5060.559080915019847259
4586 5061.32624932902833117
4587 5062.168472726690551122
4588 5063.182715937442192536
4589 5064.333813619172168378
4590 5064.628972968499205193
4591 5065.480124960543736394
4592 5066.576539184778861799
4593 5068.384815238836570256
4594 5069.095935944007521767
4595 5069.675544138524998279
4596 5070.86855126587538799
4597 5071.249797277137878964
4598 5072.41037266058529198
4599 5073.482256176993653119
4600 5074.356062041533516113
4601 5074.911470242946296834
4602 5076.598637947780646833
4603 5077.152989530737561257
4604 5078.001109183258438528
4605 5079.612726167140650951
4606 5080.123622144013806408
4607 5081.130097770619830517
4608 5081.694344429823108318
4609 5082.31778151168549155
4610 5083.76984891895980658
4611 5084.387439340744401277
4612 5085.944230786496559106
4613 5086.999761578075610577
4614 5087.532668937759240098
4615 5088.598901322011953684
4616 5089.178093913298069969
4617 5090.345876811558120477
4618 5091.262957883617969248
4619 5092.401941911388292989
4620 5092.837760452182251828
4621 5093.668880110625700741
4622 5095.086913061577273615
4623 5096.637933186210115848
4624 5096.959423856328942127
4625 5097.8144297589056621
4626 5098.956789006186162756
4627 5099.610743037994417965
4628 5100.491462416199868889
4629 5101.034063048501080098
4630 5102.645948615172030075
4631 5103.728341253025249209
4632 5104.418093046759452292
4633 5105.638635526429025864
4634 5106.052225949797688689
4635 5107.385740123910646359
4636 5108.447770149330523551
4637 5108.959096698433068088
4638 5109.83898209097729099
4639 5110.806041672267145061
4640 5111.503124654462063027
4641 5113.010157221725199232
4642 5113.946042880454384679
4643 5115.372842952989609526
4644 5115.726762097795616184
4645 5116.560557463714867069
4646 5117.025993413477693459
4647 5118.533838768627424994
4648 5119.365669161571294682
4649 5120.240023466489858092
4650 5121.083490155638517329
4651 5122.454781409748932337
4652 5123.302893477929983005
4653 5124.061784988072757052
4654 5125.253686756768291332
4655 5126.279118015171371214
4656 5126.72999329178376463
4657 5127.74171695909550653
4658 5128.681624974387486933
4659 5128.964483858673426251
4660 5131.043898973589796381
4661 5132.007167837768660047
4662 5132.683137054001938141
4663 5133.306575989659824482
4664 5134.663043878822156243
4665 5135.171964073656003916
4666 5136.129936082095095041
4667 5137.206291398494659306
4668 5138.042957957294814228
4669 5139.121530962120127924
4670 5139.679125649692981793
4671 5141.096623935637952248
4672 5142.44790786487120458
4673 5142.90203222271967959
4674 5143.933700533922096769
4675 5144.587752601527890412
4676 5145.480449174140746484
4677 5146.149645919570475007
4678 5147.56279184000966502
4679 5148.253527357285335925
4680 5149.768260280787071308
4681 5150.70961496230625427
4682 5151.141849586537944719
4683 5152.186214623064310686
4684 5152.953127294702747568
4685 5154.656845439167194142
4686 5154.899143797593817568
4687 5155.493362582533331296
4688 5156.509447328251626336
4689 5157.819065555745591696
4690 5158.954824000827013148
4691 5160.057736251625052802
4692 5160.852779927914940711
4693 5161.605392922148715681
4694 5162.587186685206547311
4695 5163.060164468373098306
4696 5164.102312022032839919
4697 5165.306771505407776619
4698 5166.191972908493194079
4699 5167.483594402169787732
4700 5167.990828057263121705
4701 5169.07019456403190018
4702 5170.291516087272926588
4703 5171.235927501473585935
4704 5171.585481171242232963
4705 5172.801688876791558194
4706 5173.675024556315321053
4707 5174.359901137178414316
4708 5175.093122777010638591
4709 5177.237132249381154398
4710 5177.609630022530782335
4711 5178.752194620450083267
4712 5179.202606391488615074
4713 5180.106626202653647772
4714 5181.189792408520290618
4715 5182.130914016585829116
4716 5182.998826329179209129
4717 5183.950307013238235338
4718 5184.685795032389032661
4719 5186.355746810168784939
4720 5186.709472600945588774
4721 5187.887847767473078601
4722 5189.07671961356714893
4723 5189.859588661657877412
4724 5190.35529112835982138
4725 5191.126801598029861977
4726 5192.046486955980150351
4727 5193.404415343728237541
4728 5194.707488901574489028
4729 5195.159163853735983902
4730 5196.707324197993591793
4731 5197.117498331677797398
4732 5197.718324176152350108
4733 5199.223858199089145807
4734 5199.77632922993436269
4735 5200.961311213041449358
4736 5201.555843874248731918
4737 5202.457989722174338485
4738 5203.521216949646943921
4739 5205.099606994962291136
4740 5205.900595704827940998
4741 5206.633161678679178451
4742 5207.215066682223930205
4743 5208.288522939907664344
4744 5209.138239301665598283
4745 5210.010911048566907381
4746 5210.808218699839701126
4747 5212.419404469541874645
4748 5213.316674242103039184
4749 5213.896943192008384233
4750 5214.775252559325230552
4751 5216.054491352254741806
4752 5216.932009341216547414
4753 5217.650795320354484685
4754 5218.691413008385234351
4755 5219.057877220099204326
4756 5220.220855174182012
4757 5221.422951323059394563
4758 5222.858787673092249084
4759 5223.434428937764416511
4760 5224.457463495684488783
4761 5225.256065096585147126
4762 5226.148424105465283508
4763 5226.351540382446588333
4764 5228.183098672056617813
4765 5229.198557199220350759
4766 5229.24181125899904809
4767 5230.897209709423758637
4768 5231.815083588342978896
4769 5232.884620192417921202
4770 5233.658115095419190149
4771 5234.640289888718683603
4772 5235.574735166033452514
4773 5236.300461229102020424
4774 5236.957439364859299855
4775 5237.801695401995093
4776 5239.192789208160858222
4777 5240.607636041085598135
4778 5241.502825459770520996
4779 5241.822720416351958467
4780 5242.79298538868830866
4781 5243.882548868623914348
4782 5244.845451001427876341
4783 5245.755732517577688583
4784 5246.279250856914455853
4785 5247.610320391933150497
4786 5248.441539016075355344
4787 5249.366336131659808682
4788 5250.675238104248727529
4789 5251.798558626512278738
4790 5252.522037866706190528
4791 5252.890575148449676203
4792 5253.944070491726712801
4793 5254.912630870913019883
4794 5255.613164303761636458
4795 5257.081180064535814839
4796 5257.924941007523623475
4797 5259.108320960425698729
4798 5259.771904521843154423
4799 5260.959190246010196545
4800 5261.180476047183218313
4801 5262.848835686331714595
4802 5263.396965101677813754
4803 5264.411378017649577122
4804 5265.088374535057779129
4805 5265.605936327469949975
4806 5267.885364151472454249
4807 5268.198270777970710374
4808 5269.201393021088832645
4809 5270.259454504893143448
4810 5270.88622752598025945
4811 5271.69696911517924394
4812 5272.517960360033306465
4813 5273.578737968436974992
4814 5274.69150901537324271
4815 5275.643878877955565252
4816 5276.68350302536940214
4817 5277.475759502642438202
4818 5278.379390382477423819
4819 5279.775667717842231453
4820 5280.315445981201706763
4821 5281.239950686326654409
4822 5281.63338006580325597
4823 5283.16386855992222248
4824 5283.478719186035010837
4825 5284.926926629153060667
4826 5286.437161557581821254
4827 5287.137482205340801282
4828 5287.71138022610461952
4829 5288.515549597786830232
4830 5289.353245221510542056
4831 5290.674974347994516346
4832 5291.399590509319293167
4833 5292.275016391077825549
4834 5293.02435551483924271
4835 5294.464760714006737214
4836 5295.12635547519873856
4837 5296.581056719181438211
4838 5297.125394919595072527
4839 5297.981183439350916044
4840 5299.274679237929758347
4841 5299.627300319932980495
4842 5300.144736871138323253
4843 5301.458131809212704798
4844 5302.981454220329492735
4845 5303.885255545878519478
4846 5304.508457854940300321
4847 5305.526333012086415831
4848 5306.49876976744189096
4849 5307.300388636241972362
4850 5308.072790499981746545
4851 5309.361753481891643255
4852 5310.032764726998362019
4853 5310.606801112027837806
4854 5311.859049891718092976
4855 5312.980209158523011856
4856 5314.439426791834597276
4857 5314.95479404951150295
4858 5315.726296859325166774
4859 5316.63925390621735667
4860 5317.139734905883567713
4861 5318.445240959230631293
4862 5319.36473429788786043
4863 5320.109753010283949563
4864 5321.536694997694722439
4865 5322.63328058493864493
4866 5323.137231112140493956
4867 5323.796327875688757787
4868 5325.466411142999958056
4869 5326.038512792133092054
4870 5326.867763789801584595
4871 5327.480222283036371053
4872 5328.463844665270486816
4873 5329.377158593330007127
4874 5331.015051848383100099
4875 5331.855033782666971769
4876 5332.582449338871892253
4877 5333.746349452669544201
4878 5334.061217957371564857
4879 5335.195388351516317345
4880 5335.9479262272361767
4881 5337.059672760578857576
4882 5338.21427477173400703
4883 5338.93312546485825553
4884 5339.674564986855845228
4885 5341.264957858608639366
4886 5341.907714556882095232
4887 5342.986689833522694072
4888 5343.623359433019280536
4889 5344.507532612439043407
4890 5345.528297341695390409
4891 5346.06996561535660402
4892 5346.890937421842787745
4893 5348.769669281725552939
4894 5349.489057840143921701
4895 5350.395904772442639035
4896 5351.225419925846713171
4897 5351.771637383498354802
4898 5352.900178207069687185
4899 5354.185202829311065198
4900 5354.773479714049486156
4901 5355.347063675623206183
4902 5356.538865828704991158
4903 5357.711619892324723796
4904 5358.669106441790825322
4905 5359.633917927375471732
4906 5360.87712653129412732
4907 5361.630997292119675023
4908 5361.916637016828460063
4909 5362.990405326631597645
4910 5363.71728047700477822
4911 5365.296267419233728875
4912 5365.742257680618417977
4913 5367.38012385219165758
4914 5367.905543114681266122
4915 5368.813641601140092122
4916 5369.80759645258569521
4917 5370.713539813717386183
4918 5371.538329750509979084
4919 5372.680867258249723822
4920 5373.219972947191730787
4921 5374.114835212555717758
4922 5374.869738245036449768
4923 5376.722663658617110389
4924 5377.719730868922778861
4925 5378.207038130046270035
4926 5378.768713720048698165
4927 5380.103731882796235512
4928 5380.877056510779138825
4929 5381.348150697046463257
4930 5382.809993370514477278
4931 5383.528600988369024421
4932 5384.819764523645932911
4933 5385.689781133582734909
4934 5386.311049248220996439
4935 5387.705534128895381818
4936 5388.449137494742566373
4937 5389.608146493819127374
4938 5389.909513561418771361
4939 5390.992260083001205963
4940 5391.505965627098090248
4941 5392.981959683038198565
4942 5394.083717252515683246
4943 5395.116663427587022499
4944 5396.11585947174949764
4945 5397.003429726802106529
4946 5397.261960157860156401
4947 5398.277621995208377808
4948 5399.712504640470590969
4949 5400.418887868290302098
4950 5401.194496185364366293
4951 5401.947143074564835031
4952 5403.389590115237651557
4953 5404.287687736618271034
4954 5405.354453322769112692
4955 5406.184132744065129586
4956 5407.075537996711088736
4957 5407.735014383861153
4958 5408.588715767542952961
4959 5409.577739475961611772
4960 5410.101872017244926204
4961 5412.119660738806724869
4962 5412.756931861645764869
4963 5413.448942338434564109
4964 5414.391884655145721989
4965 5415.225062963723573461
4966 5416.511814309129688516
4967 5417.190777293038612769
4968 5417.730775966484541862
4969 5419.145769365587780366
4970 5419.647914017258612099
4971 5420.595118618174322386
4972 5422.107201544394651468
4973 5423.364285030068457509
4974 5423.582839997252837863
4975 5424.990137501592726797
4976 5425.205579331656943187
4977 5426.077473621457306595
4978 5427.327787267212627939
4979 5428.200793507517209823
4980 5429.307069477648462637
4981 5430.093232394629979913
4982 5431.518550461935834887
4983 5432.081300563690918501
4984 5432.867061873673654869
4985 5433.939314658022811572
4986 5435.224510669428081366
4987 5435.614214161095066505
4988 5436.658400672125095267
4989 5436.820644930087936749
4990 5438.486077902408754918
4991 5439.874947381833328753
4992 5440.645160132014937885
4993 5441.565050360556652074
4994 5442.197196540771423174
4995 5443.283539712419868619
4996 5443.795137320656387966
4997 5444.96695956991928141
4998 5445.925027099689905585
4999 5446.765247872766322861
5000 5447.861998301299856412
5001 5448.908413286428241893
5002 5449.427630167591295833
5003 5451.309407660432125977
5004 5451.666775612691957231
5005 5452.330950202066110157
5006 5453.276425897145941987
5007 5454.23276609101570028
5008 5454.948555510584889617
5009 5455.867963982944480094
5010 5457.254335831568652793
5011 5458.715645086830449458
5012 5459.062182610659240447
5013 5459.714513943352429285
5014 5460.815544164755402517
5015 5461.682968830868997441
5016 5462.745000549540524955
5017 5463.764554543696861776
5018 5464.243875226838746157
5019 5465.083241509825381489
5020 5466.418306245839049401
5021 5467.790444992022355937
5022 5468.244535553760817961
5023 5469.480888387572601162
5024 5470.220068672416494293
5025 5471.08287314151253151
5026 5471.760866919687781111
5027 5472.26403769318866334
5028 5473.925204188394557795
5029 5474.871452901578204762
5030 5475.749436824135198744
5031 5476.748893801358884412
5032 5477.67194061874316071
5033 5478.463436457820085883
5034 5479.396814759793017055
5035 5480.654805801402197904
5036 5480.956733202192205045
5037 5481.99373407774372399
5038 5483.066851689781061489
5039 5483.473148968389999875
5040 5485.379530334925227568
5041 5486.250958078564070013
5042 5487.158642325720149216
5043 5487.81444820313140107
5044 5488.239469786524493973
5045 5489.539886310044147101
5046 5490.606477202431895122
5047 5491.198488461752068058
5048 5492.137050601373727395
5049 5493.792469126766004568
5050 5494.038480583097445163
5051 5495.280875462483790919
5052 5496.089727275413839023
5053 5497.373490396218552377
5054 5498.17412394510111065
5055 5498.633565305225435983
5056 5499.612797508678841744
5057 5500.353983645932026027
5058 5501.33122422335439832
5059 5503.211694478846152759
5060 5503.522536239298818654
5061 5504.57949104050679913
5062 5505.571935828686119339
5063 5506.330011485518841145
5064 5506.908179898227209765
5065 5508.017009501102573272
5066 5509.291230676581301412
5067 5509.945930302345558845
5068 5510.544264813349547675
5069 5511.757773875190808297
5070 5513.109958056238565573
5071 5514.00184870436628386
5072 5514.844462098076174415
5073 5515.50148295542939754
5074 5516.629656666066695866
5075 5517.161633410805628386
5076 5517.948299556428166449
5077 5519.095837607030514023
5078 5520.215397938825219817
5079 5521.614204753150253779
5080 5522.24963099414462075
5081 5522.970046465706315957
5082 5523.601350977461962002
5083 5525.239782350296610969
5084 5525.717122329117077027
5085 5526.662765223687380131
5086 5527.355332468716428028
5087 5528.166412501780960478
5088 5529.660934020356724164
5089 5530.203159249181133052
5090 5531.929612602777589937
5091 5532.461117364642881456
5092 5533.27582527734279194
5093 5533.953358476204396379
5094 5534.810789007363286928
5095 5535.656868324537494746
5096 5536.899525056139120403
5097 5537.790908369000483765
5098 5538.740727318240159041
5099 5539.814585079014230814
5100 5540.694583143287033614
5101 5541.57635154393916233
5102 5542.764646056709399125
5103 5543.113256672817102589
5104 5544.515208608563964565
5105 5545.192999163192276821
5106 5545.667895222008550121
5107 5546.535304578454343569
5108 5548.523919661123326399
5109 5549.358839814484364553
5110 5549.83482314245060636
5111 5550.807899778982554615
5112 5551.929911749658370977
5113 5552.207947116757286824
5114 5553.659789785949267581
5115 5554.238599943795348611
5116 5555.402430795447668282
5117 5556.199245743833326955
5118 5557.363922456235952348
5119 5558.202004496687585689
5120 5559.248178602726214134
5121 5560.367211776969279174
5122 5561.310135213797164419
5123 5561.791548798032326009
5124 5562.261884446336975349
5125 5563.637870900838938691
5126 5564.430162550764755876
5127 5565.5662173269740685
5128 5566.91217725710172656
5129 5567.644318652243764447
5130 5568.798580122037866843
5131 5568.912933770419058192
5132 5570.006356173319980961
5133 5571.437867776981014085
5134 5572.175581208444873872
5135 5572.586024225678170445
5136 5573.899529405042665529
5137 5574.441283883400029896
5138 5576.064762432888624291
5139 5577.183679281282722886
5140 5577.672276828444520869
5141 5578.644644373745654154
5142 5579.495916492832559298
5143 5580.333270376427692034
5144 5581.025573783574737992
5145 5581.822277193782992763
5146 5583.389191418452475045
5147 5584.3237408908186794
5148 5585.244570955993298592
5149 5585.708717008199229658
5150 5587.160081274639041719
5151 5587.886525281240674326
5152 5588.751061185498474269
5153 5589.691727171090692512
5154 5590.385173138886275216
5155 5591.400963623905634426
5156 5591.925240792589814647
5157 5593.555617029214751269
5158 5594.574594282586987409
5159 5595.711374711911892292
5160 5596.227736682097490443
5161 5596.856616829598348634
5162 5597.841768955218611281
5163 5598.606006812810798569
5164 5600.162150309786951018
5165 5600.549747047590455225
5166 5601.300750966579683035
5167 5603.081362651794675637
5168 5603.56484005067741238
5169 5604.347254349504406184
5170 5605.644654187447337853
5171 5606.542579545898783945
5172 5607.273178719413434052
5173 5608.005403503109645637
5174 5608.695582163807052647
5175 5609.563895924981947352
5176 5611.146743753712648257
5177 5612.157114643562103651
5178 5613.121400281543652931
5179 5613.727896996746259758
5180 5614.492287916933749963
5181 5615.741026437992921611
5182 5616.254524796164835548
5183 5617.320271437551893897
5184 5618.289089574102520422
5185 5619.268082017288301358
5186 5619.902394519334819884
5187 5621.023391660963442412
5188 5622.488604142267093025
5189 5623.413625843145743185
5190 5623.777120106693860787
5191 5624.755579135306360113
5192 5625.592184743385317971
5193 5626.502242711864952414
5194 5627.213187208193468522
5195 5628.348462444158723326
5196 5629.890648797948390792
5197 5630.38050222984303113
5198 5631.520288039644122253
5199 5632.197465155438906171
5200 5632.847100005567177782
5201 5634.370016211938756011
5202 5635.016250807584053287
5203 5635.929470274486806686
5204 5636.236694481527156579
5205 5637.490237062518195585
5206 5638.788714457923167039
5207 5640.134252591616466017
5208 5640.385710966421894392
5209 5641.872250768496859684
5210 5642.46339909784227343
5211 5643.093319440582164513
5212 5643.66312748779155415
5213 5645.328117414937829047
5214 5645.769016095280873127
5215 5647.161576573467799939
5216 5647.857206976795513976
5217 5648.974462993070656535
5218 5649.800756925361340628
5219 5650.839075232864965331
5220 5651.883418462845097299
5221 5652.345479579187370214
5222 5653.407356205339511171
5223 5654.192151373508913093
5224 5655.000372762493339317
5225 5655.81925262368426707
5226 5657.866738715883688992
5227 5658.411247459894845507
5228 5658.921215888583878865
5229 5659.894412872658961533
5230 5660.63042280274439299
5231 5661.929696761165335274
5232 5662.457451148033282619
5233 5663.557248248997338685
5234 5664.33670825630043707
5235 5665.460459801875874409
5236 5666.472615778431504819
5237 5667.31617046271900636
5238 5668.525315609320491593
5239 5669.472767900275489796
5240 5669.978563813660367628
5241 5671.149659068222141102
5242 5671.479959154304941402
5243 5672.290954890888229692
5244 5673.937158397051192417
5245 5674.814995125544637518
5246 5675.707528740345457711
5247 5676.97253652275957178
5248 5677.38502608253997572
5249 5678.347908881795645358
5250 5679.113903984791819852
5251 5680.339045053083798828
5252 5681.241565137187091424
5253 5682.099169924707567237
5254 5682.288150146846667815
5255 5683.970509043295656615
5256 5685.123793484791522881
5257 5686.093541225542155404
5258 5687.024519731124854666
5259 5687.481856548010748342
5260 5688.363844470026801577
5261 5689.508631787297226627
5262 5689.952695061552684608
5263 5691.140945770724161629
5264 5692.205217958837326822
5265 5693.589608697248632626
5266 5694.31196652828006098
5267 5694.609217468297106806
5268 5696.03191737201264539
5269 5697.172049668285156524
5270 5697.902079625018692251
5271 5698.374747827996621386
5272 5699.372993196989247968
5273 5700.481014348115871099
5274 5700.983872395575744793
5275 5702.732811445348827683
5276 5703.616227811558333025
5277 5704.505840610415984632
5278 5705.177927107996480912
5279 5706.07741432669022827
5280 5706.596075748012358307
5281 5707.768652251343638873
5282 5709.039424443666172857
5283 5709.520369132196748683
5284 5710.601740934770900941
5285 5711.559224969293482043
5286 5712.815871228328833947
5287 5713.79384410106111497
5288 5714.099754695891407873
5289 5715.633644358693091273
5290 5716.333560485883523384
5291 5716.750279152261250318
5292 5717.771496602875770143
5293 5718.472339581721182159
5294 5720.3633899992279519
5295 5721.05053473196575081
5296 5721.964323486251642018
5297 5722.591357947802587253
5298 5723.77904599377615434
5299 5724.163357935434107931
5300 5725.67114091532103673
5301 5726.233386878947283804
5302 5726.988743535994042458
5303 5728.120700254256982335
5304 5729.152376853109992944
5305 5729.883193187224891517
5306 5731.347862115284190178
5307 5732.341189147185449751
5308 5732.882093179836952856
5309 5733.599967910076694184
5310 5734.289092686585503339
5311 5735.448992420156071714
5312 5736.325416947508278247
5313 5737.255261080919404679
5314 5738.609819841823763011
5315 5739.569634432319716542
5316 5740.311894799231977337
5317 5740.865372181460909674
5318 5742.146698513288067833
5319 5743.006062922092945732
5320 5743.891993555737296493
5321 5744.857530427187239946
5322 5745.316395042860773787
5323 5746.105037293983012005
5324 5747.944351267191170391
5325 5748.737621328780804294
5326 5749.840045598376904354
5327 5750.072418941113829837
5328 5751.510678657523590444
5329 5752.022580454234660167
5330 5752.725353414598731596
5331 5753.688438232309051726
5332 5755.267001495403222703
5333 5755.666768504421132706
5334 5756.764768471898807845
5335 5757.942007977970633658
5336 5758.475340726917995668
5337 5759.896683465309303615
5338 5760.646107948371680575
5339 5761.131645054408015731
5340 5762.451906741179293546
5341 5762.733907455103630724
5342 5763.832280946394398969
5343 5764.963556715087977995
5344 5766.305389090200659537
5345 5767.382918922687772602
5346 5767.98509580608153048
5347 5768.708111307268919066
5348 5769.217379489943031584
5349 5770.681886992372902291
5350 5771.717742972695575731
5351 5772.110310913590729548
5352 5773.085986223199354222
5353 5774.269143736220661543
5354 5775.404901666433818279
5355 5776.05250987095789969
5356 5777.400076385150515546
5357 5778.091121756383535907
5358 5779.005201100713353865
5359 5779.661555490872897389
5360 5780.378597203566201272
5361 5781.253921951085908136
5362 5782.40046679472855508
5363 5784.048432518079013471
5364 5784.468467315674796631
5365 5785.212894534429495235
5366 5786.493575401431618244
5367 5787.134878800056656744
5368 5787.969440944723517187
5369 5788.985799825034779679
5370 5789.954351321143773808
5371 5790.692267030690145747
5372 5791.546976217493472035
5373 5792.289593635210603059
5374 5794.301907788139006739
5375 5794.668781596151989994
5376 5795.563939737832121437
5377 5796.419040669174737459
5378 5797.217839236136158012
5379 5797.884282193431830568
5380 5798.939664254744105473
5381 5800.041030274365183982
5382 5800.719277320538113243
5383 5802.371718407209981003
5384 5802.781136074599940416
5385 5803.871206258075695266
5386 5804.409409031705795632
5387 5805.820188753753056986
5388 5806.798661008811025867
5389 5807.373949619648276407
5390 5807.786383388401621854
5391 5808.950049546973894977
5392 5810.033203191335043551
5393 5811.356821178595812194
5394 5812.20478829097682829
5395 5813.345051566531392872
5396 5813.946414929016704501
5397 5814.4993273153798781
5398 5815.624714249825860745
5399 5816.295670202822677728
5400 5817.687141955804285188
5401 5818.292158757065279715
5402 5819.263873660719762581
5403 5820.323072483646427189
5404 5821.199580317665381706
5405 5822.554932361928656709
5406 5823.160120590071735067
5407 5824.034446196029884459
5408 5824.644070750254689379
5409 5826.022417685476873322
5410 5826.437166473171039775
5411 5826.894313623182376754
5412 5828.890322956993345007
5413 5829.884397342048155839
5414 5830.591034346443479023
5415 5831.348619828558170377
5416 5832.010437995125382265
5417 5833.320748987730534766
5418 5834.00077132614077491
5419 5834.935242018621244281
5420 5835.952597527724674242
5421 5836.409775793470024379
5422 5837.694816937440399112
5423 5838.887811770638554178
5424 5839.657148889604894256
5425 5840.870745780082286407
5426 5841.773244696567850755
5427 5842.257347261062416822
5428 5843.004016163601131361
5429 5843.745504057074496106
5430 5845.04354077885096941
5431 5846.122346475740794688
5432 5846.858967153620422882
5433 5848.182987415376076096
5434 5848.996958343328399553
5435 5849.661517375552677675
5436 5850.489268138529995088
5437 5851.711059759895363358
5438 5852.668145588459682198
5439 5853.095554594940911715
5440 5854.191539972039291842
5441 5854.715491772939334214
5442 5856.094228893924657411
5443 5857.843809341438855553
5444 5858.083358309463994751
5445 5858.833953060091339911
5446 5859.861397251982080191
5447 5860.649382999763986288
5448 5861.434868985917139227
5449 5862.557428297671930266
5450 5863.094038513300203641
5451 5864.656763606400084441
5452 5865.522792510626343112
5453 5866.040235324606145055
5454 5867.201546981377919799
5455 5868.543660974694386843
5456 5868.986917034966458883
5457 5870.008991855740832579
5458 5870.718884647864672142
5459 5871.419724497563173919
5460 5872.402794856289760871
5461 5873.38759370641478285
5462 5874.881588208323431755
5463 5875.798358154291255036
5464 5876.374963621472436233
5465 5877.609748606668303848
5466 5877.933293919489304974
5467 5878.676214478654668335
5468 5880.463284726764016019
5469 5880.709560927625161895
5470 5881.825024120581472572
5471 5882.270516172437724716
5472 5884.032826244936418438
5473 5884.684250047966716213
5474 5885.744730540396178807
5475 5886.621191165030699231
5476 5887.48630038868037232
5477 5888.387576534156828878
5478 5888.845470521668698166
5479 5889.698291834789962473
5480 5890.842689357557413609
5481 5892.225848293509133148
5482 5893.12109167004842916
5483 5894.085613219848942206
5484 5894.544410863417662981
5485 5895.557133651959274947
5486 5896.814625874133130052
5487 5897.528508395180753297
5488 5898.045615592846137718
5489 5899.33529440318338526
5490 5900.026130768220366437
5491 5900.832883795790770637
5492 5902.160660214254045193
5493 5903.459104336165807973
5494 5904.359224850042737927
5495 5904.78664964902934988
5496 5905.377904296964183015
5497 5906.654294834346700622
5498 5907.305604481369755338
5499 5908.304130378044936438
5500 5909.432316004653369888
5501 5910.297428639246118532
5502 5911.489176576974486495
5503 5912.332412220923777499
5504 5912.935296612505294632
5505 5914.115666541656472071
5506 5915.019576754144383606
5507 5916.088332580690013019
5508 5916.441169127997579592
5509 5917.380890968155200208
5510 5917.975417960736669536
5511 5920.055550869004545367
5512 5920.538476511501067785
5513 5921.438418562954292963
5514 5922.55208008776375375
5515 5923.106480527551745514
5516 5924.023918205912250391
5517 5924.612567997041964535
5518 5925.982652112324126508
5519 5926.867806897631506291
5520 5927.479356433868603789
5521 5928.899161984593494231
5522 5929.345382897492492081
5523 5930.860362894445147312
5524 5931.570134864405308022
5525 5932.736065547437876631
5526 5933.033536559582047289
5527 5933.987898043518446261
5528 5934.829981307314893965
5529 5935.948347327593923962
5530 5936.465147329213855891
5531 5938.287679988199271866
5532 5939.265303266807171158
5533 5939.695838711395468075
5534 5940.379099853132093794
5535 5941.441894804406140525
5536 5942.46773615384557713
5537 5943.5439791745015397
5538 5944.130246624258009767
5539 5944.725413371057810299
5540 5946.143331990710516507
5541 5946.820062652999829046
5542 5948.301613869440054304
5543 5949.142426312635388882
5544 5949.777706351522475261
5545 5950.989084392992790031
5546 5951.430121674386412507
5547 5952.261902584627730396
5548 5952.902618768109362061
5549 5954.465995760656197572
5550 5955.342138476738498566
5551 5956.365914060978522959
5552 5957.027692949344674177
5553 5958.332640101391825507
5554 5958.866457495425007629
5555 5959.876516604980236971
5556 5960.740693076100246888
5557 5961.788662547501495821
5558 5962.574245885660007371
5559 5962.943559513120417372
5560 5964.146533459619874102
5561 5965.736509167636371311
5562 5966.619515143618021428
5563 5967.43313323137315536
5564 5968.178918743095247576
5565 5968.735878784985767164
5566 5969.779680206670108432
5567 5970.844216766736223651
5568 5971.604971542721230148
5569 5972.485368405060761185
5570 5973.620902248292101077
5571 5974.886211179463757141
5572 5975.356163229908470859
5573 5976.141901892539937529
5574 5978.02659041928976878
5575 5978.139309725790062812
5576 5978.832670352795680398
5577 5979.862288578085496535
5578 5980.592613333379713768
5579 5981.506260799348249892
5580 5982.914976763731777781
5581 5984.012615640010910903
5582 5984.79281750680159265
5583 5985.669034669888019629
5584 5986.419145205076289919
5585 5987.055919517702678447
5586 5988.313841463135190182
5587 5988.973948250782740648
5588 5990.294284873586110019
5589 5990.809755142914262251
5590 5991.472985430085497577
5591 5993.084653614646440417
5592 5994.057233174675006724
5593 5995.024532494481209144
5594 5995.409540651148099575
5595 5996.609465538453866656
5596 5997.392505688815814842
5597 5998.052919752655547982
5598 5998.734794943291395086
5599 6000.121020998374398242
5600 6001.495519089924949148
5601 6002.154589633411581469
5602 6002.914838345618660044
5603 6003.878519365193319554
5604 6004.591820724887783124
5605 6005.855784942334063607
5606 6006.678028614962485022
5607 6007.325565907606133667
5608 6007.978287457788154404
5609 6009.204540379586430365
5610 6010.1908204104380612
5611 6011.25302542846974814
5612 6012.651122635339079524
5613 6013.047245645551296276
5614 6014.042373169796768537
5615 6014.663869379400772318
5616 6015.161467300141288421
5617 6016.736803703802709106
5618 6017.530542899120923822
5619 6018.180474529548380789
5620 6019.650285835952248113
5621 6020.485477165467457584
5622 6021.078533684980212731
5623 6022.496991537044644003
5624 6022.866086750984914576
5625 6024.23592862151119481
5626 6024.765822154941554466
5627 6025.65298905880426658
5628 6026.328429368197704406
5629 6027.149989355024829534
5630 6029.083879336239010356
5631 6029.871336490612924495
5632 6030.36656554526720618
5633 6031.190552493812445299
5634 6032.274114806583767068
5635 6033.146731331337611208
5636 6033.644977208373443641
5637 6034.942132629864696861
5638 6035.782357605260268143
5639 6036.735104464168221547
5640 6037.621814970688771359
5641 6038.620819010113696174
5642 6039.780188462111087176
5643 6040.747929474347735276
5644 6041.398240993254923855
5645 6042.397652237235167301
5646 6042.668644064463009805
5647 6043.995010268979583331
5648 6044.552572123936447634
5649 6046.181521954205143329
5650 6046.796932396247279023
5651 6048.263607361397851747
5652 6048.952645864481554598
5653 6049.241142991617681342
5654 6050.246128122275047046
5655 6051.626971033905295497
5656 6052.439739293708994986
5657 6053.067413924323484897
5658 6053.778846036457766245
5659 6054.804164558045311285
5660 6056.260886232179706718
5661 6057.072842116193979147
5662 6058.000876270650180332
5663 6059.134493785758582459
5664 6059.46682872835224736
5665 6060.341627593010384681
5666 6061.49361982228442829
5667 6061.79391174766737503
5668 6063.253687207729857485
5669 6064.593399932610514649
5670 6065.104446594213095878
5671 6066.142573932623411074
5672 6066.829934378909977725
5673 6068.165352787178424079
5674 6068.884377847925849943
5675 6069.569709881499908973
5676 6070.456730948586473973
5677 6071.607124379687053862
5678 6071.987031737128093499
5679 6072.98693028158509231
5680 6074.835751881022211828
5681 6075.456209880471805892
5682 6076.319580410927648385
5683 6076.8965954287565279
5684 6077.923525597853783609
5685 6078.464257000358784497
5686 6079.725372514824379769
5687 6080.817594639934868189
5688 6081.177170652933892962
5689 6082.501083706977573573
5690 6083.644016757932694658
5691 6084.383007365660920366
5692 6085.230905162356115883
5693 6086.325556912578516777
5694 6087.278392364372645259
5695 6088.14476807150719416
5696 6088.537541404678286308
5697 6089.128616019717220693
5698 6090.717153107077479464
5699 6091.689881768494912349
5700 6093.192335325567517799
5701 6093.283426817677733128
5702 6094.550261329978041582
5703 6095.331193379996965079
5704 6095.911728318065476672
5705 6097.096728489390064447
5706 6098.071498010461451623
5707 6098.786888080899295825
5708 6099.667065247016674701
5709 6100.713939634763281918
5710 6101.542636010731527203
5711 6103.111062056342823354
5712 6103.890836007713371614
5713 6104.369986546026122172
5714 6105.08011231856831766
5715 6106.427937948077785472
5716 6106.698870787320148351
5717 6107.888398279542395605
5718 6108.683780716910883327
5719 6110.531011475981902602
5720 6110.830996154773429291
5721 6111.844532847507673288
5722 6112.464435384833018859
5723 6113.552617473988230814
5724 6114.76189175326990223
5725 6115.274791543812193783
5726 6116.167495930629415906
5727 6117.090753291097079784
5728 6117.552359427716710984
5729 6119.215997842411625925
5730 6120.281534697360683034
5731 6120.933301686410976016
5732 6122.094398758503553295
5733 6122.857424919649677859
5734 6123.356607972827526056
5735 6124.138883220781073825
5736 6125.172619880176128289
5737 6126.568586519307376488
5738 6127.130221394032243611
5739 6128.046863129756694762
5740 6129.268751548013510872
5741 6130.291606464611255266
5742 6130.686768649261289097
5743 6132.121687397098473468
5744 6132.762353486791185965
5745 6133.489892704202552013
5746 6134.455051667965093678
5747 6135.143074922048810885
5748 6135.892613200648426736
5749 6137.781389320129082234
5750 6138.445601390254319204
5751 6139.589346958781660514
5752 6139.813239833825860763
5753 6140.675863382833775707
5754 6141.872358756231454527
5755 6142.911451640284748056
5756 6143.356666103172837357
5757 6144.405867207821494554
5758 6145.505364043890261399
5759 6146.604329604662559738
5760 6147.070023447599011416
5761 6148.593113945611024539
5762 6149.398925230075501592
5763 6150.27537410434017387
5764 6150.87988787059466418
5765 6151.572502081302249278
5766 6152.585599027227552122
5767 6153.326365653243776674
5768 6154.805638423514126474
5769 6155.704809901577576141
5770 6156.737464494589812265
5771 6157.381128649895637849
5772 6158.397686173142676134
5773 6159.096947190147221007
5774 6159.82946899575132419
5775 6161.429368945598253251
5776 6161.827253696845165927
5777 6162.415562412440462142
5778 6163.378477444262907415
5779 6164.773220517610877281
5780 6166.200513434597172355
5781 6166.483048994030781101
5782 6167.464531359393705301
5783 6168.379809680246988888
5784 6169.394736467650740891
5785 6169.538152648448951806
5786 6170.820008109075556447
5787 6171.920474771537950835
5788 6172.839930458118756665
5789 6174.235069962361212033
5790 6174.747542413266487368
5791 6175.309013705466202535
5792 6176.744162202786075606
5793 6177.63040444960768719
5794 6178.410285632124583663
5795 6179.094486917628065862
5796 6179.764681614095670946
5797 6181.012825755287161887
5798 6181.678420746651563135
5799 6183.062480334703978668
5800 6184.336316582487731672
5801 6185.079974864195634103
5802 6185.460103700484071046
5803 6186.457283968078469376
5804 6187.126750723331392003
5805 6188.458683360364819829
5806 6189.118029681645703748
5807 6190.169795887310407687
5808 6190.926665971511627196
5809 6192.097286028823218961
5810 6193.133431144429529257
5811 6193.902824192949343159
5812 6194.965274092488516896
5813 6195.672078990472128671
5814 6196.664752125840570042
5815 6197.387063257130763175
5816 6198.065389560702001047
5817 6198.652216561331644633
5818 6200.674034464229283029
5819 6201.593088508775883274
5820 6201.83256963944929618
5821 6203.190910737261660908
5822 6203.867876241975048666
5823 6204.585656186870193123
5824 6205.731342331215105943
5825 6206.513025685408315134
5826 6207.353677366980296756
5827 6208.562086127367787078
5828 6208.81397241079579605
5829 6210.470030162985671912
5830 6211.207816547218154143
5831 6212.549686057973823493
5832 6213.187976900496243026
5833 6213.79999995736691472
5834 6214.501304729581620591
5835 6215.400957016780243214
5836 6216.668292162449824013
5837 6217.188858908823191031
5838 6218.517119863552869217
5839 6219.844220203323984113
5840 6220.276866168359960849
5841 6221.350127562687157239
5842 6221.641300960960463554
5843 6223.44770892740344585
5844 6223.854786959724420051
5845 6224.732447312543606946
5846 6225.47067808144173686
5847 6226.232883566194536997
5848 6227.450045327269222798
5849 6228.832840927518282242
5850 6229.761584418354129124
5851 6230.32374979614848681
5852 6231.186984214131169447
5853 6232.234236964409524422
5854 6232.811490700785666483
5855 6233.436150635210628266
5856 6234.905356027907659478
5857 6235.691811528844528331
5858 6236.871797213750706446
5859 6237.401188051517586852
5860 6238.507790150082465006
5861 6239.72029874917883436
5862 6240.518432488211752983
5863 6240.987478337604995883
5864 6242.263742648332989621
5865 6242.916128110378443451
5866 6243.536571206048710188
5867 6244.467501007128694226
5868 6245.846353792800501806
5869 6247.220803894968887355
5870 6247.765900412639837932
5871 6248.617590056633857018
5872 6249.223567202485983929
5873 6250.125998032665393588
5874 6251.160830038508715031
5875 6252.337721681161117737
5876 6252.960641623911123261
5877 6253.372699433021519516
5878 6255.212382593087241652
5879 6255.709995714932515218
5880 6256.737988103586667304
5881 6257.821913767863791689
5882 6258.86314220186606381
5883 6259.511130503419091932
5884 6259.969134480434751244
5885 6260.941865601983487287
5886 6261.776846422373568857
5887 6263.065904931718502883
5888 6264.199277451351076368
5889 6265.06089827704283485
5890 6265.972125306059741623
5891 6266.645735922494529375
5892 6267.560486576163312047
5893 6268.625266754623981466
5894 6269.267355566475975964
5895 6270.349148874556124766
5896 6271.148771757297805293
5897 6271.964363395980884268
5898 6272.586182980715547562
5899 6274.619334058124033154
5900 6275.133981984459411515
5901 6275.846693888326961539
5902 6276.916164708130861698
5903 6277.229194882689019946
5904 6278.607595708884193469
5905 6279.122462096040720939
5906 6279.993148665393151053
5907 6281.406047966539854645
5908 6282.275812909980582036
5909 6283.220407901683433141
5910 6284.054280278027934606
5911 6284.788411119041237326
5912 6285.899070662988608543
5913 6287.173743024350783256
5914 6287.42595294081539862
5915 6288.211245409330052613
5916 6289.114831893080016509
5917 6290.037006599129783569
5918 6291.54965202456008897
5919 6292.329914868597809319
5920 6293.2973357198673826
5921 6294.34932965398461347
5922 6295.0061813059762144
5923 6295.221568857195857419
5924 6296.546591927773958859
5925 6297.77125586457313087
5926 6298.458690160453380734
5927 6299.17274557449979035
5928 6300.374887380822561922
5929 6301.383220877710107792
5930 6302.230259739779732491
5931 6303.490771613428405253
5932 6303.949179388617328656
5933 6304.900391851708683599
5934 6305.747858386109966545
5935 6306.557291346391699737
5936 6307.14472087552299545
5937 6308.253824515857693687
5938 6309.939810025127974588
5939 6310.837756045101963675
5940 6311.201065750283753075
5941 6311.879397195401941704
5942 6313.321021466825313884
5943 6313.825911946270715653
5944 6315.031008723212330508
5945 6315.483979856275076351
5946 6316.769600866338171251
5947 6317.255760098615846449
5948 6318.603143126995766392
5949 6319.382478611861085728
5950 6320.918880337805217809
5951 6321.415499802147126024
5952 6322.118186694310526629
5953 6323.182594444867893574
5954 6323.689061223936470142
5955 6324.348503493780794988
5956 6325.991157331886648638
5957 6326.550698605975945348
5958 6327.709329596057545298
5959 6328.768971501923933173
5960 6329.665095498507683841
5961 6330.240406355495641936
5962 6331.108424755269534356
5963 6332.34615110867692041
5964 6333.196346147333266403
5965 6333.916050927501329654
5966 6334.410684881733392367
5967 6335.356899771550918682
5968 6337.044248810119409828
5969 6337.822038198450647637
5970 6339.04195746834752884
5971 6339.248808949114715565
5972 6340.44143965544036863
5973 6341.029239095866058762
5974 6341.95415916984929725
5975 6343.025918905335253949
5976 6343.639577676622732047
5977 6345.124572354928616136
5978 6345.812781595794479127
5979 6346.708588292483206788
5980 6347.512774839417058412
5981 6348.864774975658755016
5982 6349.694650324670861345
5983 6350.349366018132023589
5984 6350.797904043100050054
5985 6352.124095646808434088
5986 6352.824041916451004197
5987 6353.487236191205026929
5988 6355.408107878889067196
5989 6355.930130900404423273
5990 6356.984106932884389865
5991 6357.60685765845249758
5992 6358.315701847617436001
5993 6359.169623810261232247
5994 6360.503448520766636967
5995 6361.108114371222121025
5996 6362.082499057126084295
5997 6362.685361830654181586
5998 6363.900839548029471636
5999 6365.28358374435919104
6000 6365.85232102101638182
