5667.000000 5000.0
8011.500000 7100.0
10445.000000 9200.0
12948.000000 11300.0
15508.500000 13400.0
18118.500000 15500.0
20770.500000 17600.0
23460.500000 19700.0
26185.000000 21800.0
28939.500000 23900.0
31722.500000 26000.0
34532.000000 28100.0
37365.000000 30200.0
40220.500000 32300.0
43097.500000 34400.0
45993.500000 36500.0
48909.000000 38600.0
51842.500000 40700.0
54792.000000 42800.0
57758.000000 44900.0
60739.000000 47000.0
63734.500000 49100.0
66744.500000 51200.0
69768.000000 53300.0
72804.500000 55400.0
75853.000000 57500.0
78913.500000 59600.0
81986.000000 61700.0
85069.500000 63800.0
88163.500000 65900.0
91268.000000 68000.0
94383.000000 70100.0
97508.000000 72200.0
100642.000000 74300.0
103785.500000 76400.0
106938.500000 78500.0
110099.500000 80600.0
113269.500000 82700.0
116448.500000 84800.0
119635.500000 86900.0
122830.000000 89000.0
126032.000000 91100.0
129242.000000 93200.0
132460.000000 95300.0
135685.000000 97400.0
138916.500000 99500.0
142155.500000 101600.0
145401.000000 103700.0
148653.000000 105800.0
151912.500000 107900.0
155178.500000 110000.0
158450.000000 112100.0
161727.500000 114200.0
165012.000000 116300.0
168302.000000 118400.0
171598.000000 120500.0
174900.500000 122600.0
178208.000000 124700.0
181520.500000 126800.0
184839.000000 128900.0
188163.000000 131000.0
191492.000000 133100.0
194826.500000 135200.0
198165.500000 137300.0
201510.000000 139400.0
204860.000000 141500.0
208214.500000 143600.0
211574.500000 145700.0
214939.000000 147800.0
218307.500000 149900.0
221681.000000 152000.0
225059.500000 154100.0
228442.000000 156200.0
231829.000000 158300.0
235220.500000 160400.0
238616.000000 162500.0
242016.500000 164600.0
245421.000000 166700.0
248829.500000 168800.0
252242.500000 170900.0
255659.500000 173000.0
259080.000000 175100.0
262505.000000 177200.0
265934.500000 179300.0
269367.000000 181400.0
272803.000000 183500.0
276243.500000 185600.0
279687.500000 187700.0
283135.000000 189800.0
286587.000000 191900.0
290042.000000 194000.0
293500.500000 196100.0
296963.000000 198200.0
300428.500000 200300.0
303898.000000 202400.0
307371.000000 204500.0
310847.000000 206600.0
314326.500000 208700.0
317809.500000 210800.0
321295.500000 212900.0
324784.500000 215000.0
328277.500000 217100.0
331773.500000 219200.0
335272.500000 221300.0
338775.000000 223400.0
342280.500000 225500.0
345789.000000 227600.0
349300.500000 229700.0
352815.000000 231800.0
356333.000000 233900.0
359854.000000 236000.0
363377.000000 238100.0
366903.500000 240200.0
370433.000000 242300.0
373965.000000 244400.0
377500.500000 246500.0
381039.000000 248600.0
384579.500000 250700.0
388122.500000 252800.0
391669.500000 254900.0
395219.000000 257000.0
398770.500000 259100.0
402325.000000 261200.0
405882.000000 263300.0
409441.500000 265400.0
413004.000000 267500.0
416569.500000 269600.0
420137.500000 271700.0
423708.000000 273800.0
427280.500000 275900.0
430855.500000 278000.0
434434.000000 280100.0
438014.500000 282200.0
441597.000000 284300.0
445182.000000 286400.0
448769.500000 288500.0
452359.500000 290600.0
455952.500000 292700.0
459548.000000 294800.0
463145.000000 296900.0
466744.500000 299000.0
470346.500000 301100.0
473951.500000 303200.0
477558.000000 305300.0
481166.500000 307400.0
484778.000000 309500.0
488391.500000 311600.0
492007.500000 313700.0
495625.500000 315800.0
499245.500000 317900.0
502867.500000 320000.0
506492.000000 322100.0
510119.000000 324200.0
513748.000000 326300.0
517379.000000 328400.0
521012.500000 330500.0
524648.000000 332600.0
528285.000000 334700.0
531924.500000 336800.0
535566.000000 338900.0
539209.500000 341000.0
542855.500000 343100.0
546503.500000 345200.0
550153.500000 347300.0
553805.500000 349400.0
557459.000000 351500.0
561114.500000 353600.0
564772.500000 355700.0
568432.000000 357800.0
572093.500000 359900.0
575757.000000 362000.0
579422.500000 364100.0
583090.000000 366200.0
586759.500000 368300.0
590431.500000 370400.0
594104.500000 372500.0
597779.500000 374600.0
601456.500000 376700.0
605134.500000 378800.0
608815.000000 380900.0
612497.500000 383000.0
616181.500000 385100.0
619868.000000 387200.0
623556.000000 389300.0
627245.500000 391400.0
630937.500000 393500.0
634631.000000 395600.0
638326.000000 397700.0
642023.000000 399800.0
645721.500000 401900.0
649421.500000 404000.0
653123.500000 406100.0
656827.500000 408200.0
660533.000000 410300.0
664240.000000 412400.0
667948.500000 414500.0
671659.000000 416600.0
675372.000000 418700.0
679086.000000 420800.0
682801.000000 422900.0
686518.500000 425000.0
690238.000000 427100.0
693958.000000 429200.0
697680.000000 431300.0
701404.000000 433400.0
705128.500000 435500.0
708855.500000 437600.0
712584.500000 439700.0
716314.500000 441800.0
720046.500000 443900.0
723780.000000 446000.0
727515.000000 448100.0
731252.000000 450200.0
734990.000000 452300.0
738729.500000 454400.0
742471.000000 456500.0
746213.000000 458600.0
749956.500000 460700.0
753702.500000 462800.0
757450.000000 464900.0
761199.000000 467000.0
764949.500000 469100.0
768701.000000 471200.0
772454.000000 473300.0
776209.000000 475400.0
779965.000000 477500.0
783722.000000 479600.0
787481.500000 481700.0
791242.500000 483800.0
795004.500000 485900.0
798768.000000 488000.0
802533.000000 490100.0
806299.000000 492200.0
810067.000000 494300.0
813836.500000 496400.0
817606.500000 498500.0
821378.500000 500600.0
825151.500000 502700.0
828926.000000 504800.0
832702.500000 506900.0
836480.000000 509000.0
840259.000000 511100.0
844039.500000 513200.0
847821.000000 515300.0
851603.500000 517400.0
855388.000000 519500.0
859174.000000 521600.0
862961.000000 523700.0
866749.500000 525800.0
870539.000000 527900.0
874330.000000 530000.0
878122.500000 532100.0
881916.000000 534200.0
885710.500000 536300.0
889506.500000 538400.0
893304.500000 540500.0
897104.000000 542600.0
900904.500000 544700.0
904705.500000 546800.0
908508.000000 548900.0
912312.500000 551000.0
916117.500000 553100.0
919923.500000 555200.0
923732.000000 557300.0
927541.000000 559400.0
931350.500000 561500.0
935162.500000 563600.0
938976.000000 565700.0
942790.000000 567800.0
946605.000000 569900.0
950421.500000 572000.0
954239.000000 574100.0
958058.000000 576200.0
961878.500000 578300.0
965700.000000 580400.0
969522.500000 582500.0
973346.000000 584600.0
977171.000000 586700.0
980997.500000 588800.0
984825.500000 590900.0
988654.000000 593000.0
992483.000000 595100.0
996314.000000 597200.0
1000146.500000 599300.0
1003980.000000 601400.0
1007814.000000 603500.0
1011649.000000 605600.0
1015486.000000 607700.0
1019324.000000 609800.0
1023163.000000 611900.0
1027004.000000 614000.0
1030845.500000 616100.0
1034687.000000 618200.0
1038531.000000 620300.0
1042376.000000 622400.0
1046221.500000 624500.0
1050069.000000 626600.0
1053917.000000 628700.0
1057765.500000 630800.0
1061616.000000 632900.0
1065468.000000 635000.0
1069320.500000 637100.0
1073174.000000 639200.0
1077028.500000 641300.0
1080884.500000 643400.0
1084742.000000 645500.0
1088600.000000 647600.0
1092458.500000 649700.0
1096318.500000 651800.0
1100180.000000 653900.0
1104042.000000 656000.0
1107905.500000 658100.0
1111770.500000 660200.0
1115635.500000 662300.0
1119502.000000 664400.0
1123370.000000 666500.0
1127238.500000 668600.0
1131108.500000 670700.0
1134979.500000 672800.0
1138851.000000 674900.0
1142724.000000 677000.0
1146598.000000 679100.0
1150473.000000 681200.0
1154349.000000 683300.0
1158225.500000 685400.0
1162103.500000 687500.0
1165983.000000 689600.0
1169863.000000 691700.0
1173743.500000 693800.0
1177625.500000 695900.0
1181508.500000 698000.0
1185392.000000 700100.0
1189277.500000 702200.0
1193164.000000 704300.0
1197051.000000 706400.0
1200939.000000 708500.0
1204827.500000 710600.0
1208717.500000 712700.0
1212609.000000 714800.0
1216501.000000 716900.0
1220393.500000 719000.0
1224287.500000 721100.0
1228182.500000 723200.0
1232078.500000 725300.0
1235976.000000 727400.0
1239874.000000 729500.0
1243772.000000 731600.0
1247671.500000 733700.0
1251573.000000 735800.0
1255474.500000 737900.0
1259377.000000 740000.0
1263280.500000 742100.0
1267184.500000 744200.0
1271090.500000 746300.0
1274997.500000 748400.0
1278904.500000 750500.0
1282812.500000 752600.0
1286721.500000 754700.0
1290631.000000 756800.0
1294542.000000 758900.0
1298454.500000 761000.0
1302367.500000 763100.0
1306281.500000 765200.0
1310196.000000 767300.0
1314111.000000 769400.0
1318028.000000 771500.0
1321945.500000 773600.0
1325863.500000 775700.0
1329782.500000 777800.0
1333702.500000 779900.0
1337624.000000 782000.0
1341546.500000 784100.0
1345469.500000 786200.0
1349393.000000 788300.0
1353317.500000 790400.0
1357243.000000 792500.0
1361169.500000 794600.0
1365097.000000 796700.0
1369025.000000 798800.0
1372953.500000 800900.0
1376883.500000 803000.0
1380814.500000 805100.0
1384746.000000 807200.0
1388678.500000 809300.0
1392612.000000 811400.0
1396546.000000 813500.0
1400481.000000 815600.0
1404417.000000 817700.0
1408353.500000 819800.0
1412291.500000 821900.0
1416230.000000 824000.0
1420169.500000 826100.0
1424110.500000 828200.0
1428051.500000 830300.0
1431992.500000 832400.0
1435935.000000 834500.0
1439879.000000 836600.0
1443823.500000 838700.0
1447769.000000 840800.0
1451715.500000 842900.0
1455662.500000 845000.0
1459610.000000 847100.0
1463558.500000 849200.0
1467508.000000 851300.0
1471458.000000 853400.0
1475408.500000 855500.0
1479360.000000 857600.0
1483313.000000 859700.0
1487267.000000 861800.0
1491221.500000 863900.0
1495177.000000 866000.0
1499133.000000 868100.0
1503089.000000 870200.0
1507046.500000 872300.0
1511005.500000 874400.0
1514964.500000 876500.0
1518924.000000 878600.0
1522884.500000 880700.0
1526846.000000 882800.0
1530809.000000 884900.0
1534772.500000 887000.0
1538736.500000 889100.0
1542701.500000 891200.0
1546667.000000 893300.0
1550633.000000 895400.0
1554600.000000 897500.0
1558568.000000 899600.0
1562536.500000 901700.0
1566506.000000 903800.0
1570476.000000 905900.0
1574446.500000 908000.0
1578418.500000 910100.0
1582391.500000 912200.0
1586364.500000 914300.0
1590338.500000 916400.0
1594313.500000 918500.0
1598289.000000 920600.0
1602266.000000 922700.0
1606243.000000 924800.0
1610219.500000 926900.0
1614198.500000 929000.0
1618178.500000 931100.0
1622158.000000 933200.0
1626139.000000 935300.0
1630120.500000 937400.0
1634102.500000 939500.0
1638086.000000 941600.0
1642070.500000 943700.0
1646055.500000 945800.0
1650040.500000 947900.0
1654026.000000 950000.0
1658012.500000 952100.0
1662000.000000 954200.0
1665988.500000 956300.0
1669977.500000 958400.0
1673967.500000 960500.0
1677958.500000 962600.0
1681949.500000 964700.0
1685941.500000 966800.0
1689934.000000 968900.0
1693926.500000 971000.0
1697921.000000 973100.0
1701916.500000 975200.0
1705911.500000 977300.0
1709907.500000 979400.0
1713904.500000 981500.0
1717902.000000 983600.0
1721901.000000 985700.0
1725900.500000 987800.0
1729900.500000 989900.0
1733901.000000 992000.0
1737901.500000 994100.0
1741903.000000 996200.0
1745906.000000 998300.0
1749910.000000 1000400.0
1753914.000000 1002500.0
1757918.500000 1004600.0
1761924.000000 1006700.0
1765930.000000 1008800.0
1769937.000000 1010900.0
1773945.000000 1013000.0
1777953.000000 1015100.0
1781961.500000 1017200.0
1785971.500000 1019300.0
1789982.000000 1021400.0
1793993.000000 1023500.0
1798004.500000 1025600.0
1802016.500000 1027700.0
1806029.500000 1029800.0
1810043.000000 1031900.0
1814057.500000 1034000.0
1818073.000000 1036100.0
1822089.000000 1038200.0
1826105.500000 1040300.0
1830123.000000 1042400.0
1834140.500000 1044500.0
1838158.500000 1046600.0
1842178.000000 1048700.0
1846197.500000 1050800.0
1850217.500000 1052900.0
1854239.000000 1055000.0
1858261.000000 1057100.0
1862283.500000 1059200.0
1866307.000000 1061300.0
1870330.500000 1063400.0
1874354.500000 1065500.0
1878380.000000 1067600.0
1882406.000000 1069700.0
1886432.000000 1071800.0
1890458.500000 1073900.0
1894486.500000 1076000.0
1898515.000000 1078100.0
1902544.000000 1080200.0
1906574.000000 1082300.0
1910604.000000 1084400.0
1914635.000000 1086500.0
1918667.000000 1088600.0
1922699.000000 1090700.0
1926732.000000 1092800.0
1930765.500000 1094900.0
1934799.000000 1097000.0
1938834.000000 1099100.0
1942869.500000 1101200.0
1946905.500000 1103300.0
1950942.500000 1105400.0
1954980.000000 1107500.0
1959018.000000 1109600.0
1963056.500000 1111700.0
1967096.000000 1113800.0
1971136.000000 1115900.0
1975176.500000 1118000.0
1979217.500000 1120100.0
1983259.000000 1122200.0
1987301.500000 1124300.0
1991344.500000 1126400.0
1995388.000000 1128500.0
1999432.500000 1130600.0
2003477.500000 1132700.0
2007523.000000 1134800.0
2011569.500000 1136900.0
2015616.500000 1139000.0
2019663.000000 1141100.0
2023710.500000 1143200.0
2027759.000000 1145300.0
2031808.000000 1147400.0
2035858.000000 1149500.0
2039908.500000 1151600.0
2043959.500000 1153700.0
2048011.000000 1155800.0
2052063.500000 1157900.0
2056116.500000 1160000.0
2060170.000000 1162100.0
2064224.000000 1164200.0
2068278.500000 1166300.0
2072333.500000 1168400.0
2076389.500000 1170500.0
2080446.500000 1172600.0
2084503.500000 1174700.0
2088561.000000 1176800.0
2092619.000000 1178900.0
2096678.000000 1181000.0
2100738.000000 1183100.0
2104798.000000 1185200.0
2108858.500000 1187300.0
2112919.500000 1189400.0
2116980.500000 1191500.0
2121043.000000 1193600.0
2125106.500000 1195700.0
2129170.000000 1197800.0
2133234.000000 1199900.0
2137298.500000 1202000.0
2141364.000000 1204100.0
2145430.000000 1206200.0
2149496.500000 1208300.0
2153563.500000 1210400.0
2157631.000000 1212500.0
2161699.000000 1214600.0
2165768.000000 1216700.0
2169837.500000 1218800.0
2173907.500000 1220900.0
2177978.000000 1223000.0
2182048.500000 1225100.0
2186120.500000 1227200.0
2190193.000000 1229300.0
2194265.500000 1231400.0
2198339.000000 1233500.0
2202413.000000 1235600.0
2206487.500000 1237700.0
2210563.000000 1239800.0
2214638.500000 1241900.0
2218714.500000 1244000.0
2222791.000000 1246100.0
2226868.000000 1248200.0
2230946.000000 1250300.0
2235024.500000 1252400.0
2239103.500000 1254500.0
2243183.000000 1256600.0
2247263.500000 1258700.0
2251344.500000 1260800.0
2255426.000000 1262900.0
2259508.000000 1265000.0
2263590.000000 1267100.0
2267672.500000 1269200.0
2271756.000000 1271300.0
2275840.000000 1273400.0
2279924.500000 1275500.0
2284010.000000 1277600.0
2288095.500000 1279700.0
2292181.500000 1281800.0
2296268.500000 1283900.0
2300355.500000 1286000.0
2304443.500000 1288100.0
2308532.000000 1290200.0
2312620.500000 1292300.0
2316710.000000 1294400.0
2320800.500000 1296500.0
2324891.000000 1298600.0
2328981.500000 1300700.0
2333073.000000 1302800.0
2337165.000000 1304900.0
2341258.000000 1307000.0
2345351.500000 1309100.0
2349445.000000 1311200.0
2353539.000000 1313300.0
2357634.000000 1315400.0
2361730.000000 1317500.0
2365826.000000 1319600.0
2369922.500000 1321700.0
2374019.500000 1323800.0
2378116.500000 1325900.0
2382214.500000 1328000.0
2386313.500000 1330100.0
2390412.500000 1332200.0
2394512.500000 1334300.0
2398612.500000 1336400.0
2402712.500000 1338500.0
2406814.500000 1340600.0
2410916.500000 1342700.0
2415018.000000 1344800.0
2419120.500000 1346900.0
2423224.000000 1349000.0
2427327.500000 1351100.0
2431432.000000 1353200.0
2435537.500000 1355300.0
2439642.500000 1357400.0
2443748.000000 1359500.0
2447854.000000 1361600.0
2451961.000000 1363700.0
2456069.000000 1365800.0
2460177.000000 1367900.0
2464285.000000 1370000.0
2468394.000000 1372100.0
2472503.500000 1374200.0
2476613.000000 1376300.0
2480724.000000 1378400.0
2484835.500000 1380500.0
2488946.500000 1382600.0
2493058.500000 1384700.0
2497171.500000 1386800.0
2501284.500000 1388900.0
2505398.000000 1391000.0
2509512.000000 1393100.0
2513626.500000 1395200.0
2517741.500000 1397300.0
2521857.000000 1399400.0
2525973.000000 1401500.0
2530089.500000 1403600.0
2534206.500000 1405700.0
2538324.000000 1407800.0
2542442.500000 1409900.0
2546561.500000 1412000.0
2550680.500000 1414100.0
2554800.000000 1416200.0
2558920.000000 1418300.0
2563040.000000 1420400.0
2567161.000000 1422500.0
2571282.500000 1424600.0
2575404.000000 1426700.0
2579526.500000 1428800.0
2583650.000000 1430900.0
2587773.500000 1433000.0
2591897.500000 1435100.0
2596022.000000 1437200.0
2600146.500000 1439300.0
2604272.500000 1441400.0
2608398.500000 1443500.0
2612524.500000 1445600.0
2616652.000000 1447700.0
2620779.000000 1449800.0
2624906.000000 1451900.0
2629035.000000 1454000.0
2633164.500000 1456100.0
2637293.500000 1458200.0
2641423.000000 1460300.0
2645553.000000 1462400.0
2649683.500000 1464500.0
2653815.000000 1466600.0
2657947.000000 1468700.0
2662079.000000 1470800.0
2666211.500000 1472900.0
2670344.500000 1475000.0
2674478.000000 1477100.0
2678612.500000 1479200.0
2682747.500000 1481300.0
2686882.000000 1483400.0
2691017.000000 1485500.0
2695153.500000 1487600.0
2699290.000000 1489700.0
2703426.500000 1491800.0
2707564.000000 1493900.0
2711701.500000 1496000.0
2715840.000000 1498100.0
2719979.000000 1500200.0
2724118.000000 1502300.0
2728258.500000 1504400.0
2732398.500000 1506500.0
2736539.000000 1508600.0
2740680.500000 1510700.0
2744821.500000 1512800.0
2748963.500000 1514900.0
2753106.500000 1517000.0
2757249.500000 1519100.0
2761392.500000 1521200.0
2765536.000000 1523300.0
2769680.500000 1525400.0
2773825.500000 1527500.0
2777970.500000 1529600.0
2782116.500000 1531700.0
2786263.000000 1533800.0
2790409.500000 1535900.0
2794557.000000 1538000.0
2798704.500000 1540100.0
2802852.500000 1542200.0
2807001.000000 1544300.0
2811149.500000 1546400.0
2815299.000000 1548500.0
2819449.000000 1550600.0
2823599.000000 1552700.0
2827750.000000 1554800.0
2831901.500000 1556900.0
2836053.000000 1559000.0
2840205.500000 1561100.0
2844358.000000 1563200.0
2848510.500000 1565300.0
2852664.000000 1567400.0
2856818.000000 1569500.0
2860972.500000 1571600.0
2865127.000000 1573700.0
2869281.500000 1575800.0
2873437.000000 1577900.0
2877594.000000 1580000.0
2881751.000000 1582100.0
2885907.500000 1584200.0
2890065.000000 1586300.0
2894223.000000 1588400.0
2898381.000000 1590500.0
2902539.500000 1592600.0
2906699.000000 1594700.0
2910858.500000 1596800.0
2915018.500000 1598900.0
2919179.000000 1601000.0
2923340.000000 1603100.0
2927502.000000 1605200.0
2931663.500000 1607300.0
2935825.500000 1609400.0
2939988.500000 1611500.0
2944151.500000 1613600.0
2948315.000000 1615700.0
2952479.500000 1617800.0
2956644.000000 1619900.0
2960808.000000 1622000.0
2964973.000000 1624100.0
2969139.000000 1626200.0
2973305.500000 1628300.0
2977472.500000 1630400.0
2981639.500000 1632500.0
2985807.000000 1634600.0
2989975.000000 1636700.0
2994143.500000 1638800.0
2998312.000000 1640900.0
3002481.000000 1643000.0
3006650.500000 1645100.0
3010820.000000 1647200.0
3014991.000000 1649300.0
3019162.500000 1651400.0
3023333.500000 1653500.0
3027505.500000 1655600.0
3031678.000000 1657700.0
3035850.000000 1659800.0
3040023.000000 1661900.0
3044196.500000 1664000.0
3048370.000000 1666100.0
3052544.000000 1668200.0
3056718.500000 1670300.0
3060894.000000 1672400.0
3065070.000000 1674500.0
3069246.000000 1676600.0
3073422.000000 1678700.0
3077599.000000 1680800.0
3081776.000000 1682900.0
3085953.000000 1685000.0
3090131.500000 1687100.0
3094310.000000 1689200.0
3098488.500000 1691300.0
3102668.000000 1693400.0
3106848.000000 1695500.0
3111028.000000 1697600.0
3115208.500000 1699700.0
3119389.500000 1701800.0
3123570.500000 1703900.0
3127752.500000 1706000.0
3131935.000000 1708100.0
3136117.500000 1710200.0
3140300.500000 1712300.0
3144483.500000 1714400.0
3148667.000000 1716500.0
3152852.000000 1718600.0
3157037.000000 1720700.0
3161221.000000 1722800.0
3165406.500000 1724900.0
3169592.500000 1727000.0
3173778.500000 1729100.0
3177965.500000 1731200.0
3182153.000000 1733300.0
3186340.000000 1735400.0
3190527.500000 1737500.0
3194716.500000 1739600.0
3198905.000000 1741700.0
3203094.000000 1743800.0
3207283.500000 1745900.0
3211473.000000 1748000.0
3215663.500000 1750100.0
3219854.500000 1752200.0
3224045.500000 1754300.0
3228237.000000 1756400.0
3232429.000000 1758500.0
3236621.000000 1760600.0
3240814.000000 1762700.0
3245007.000000 1764800.0
3249200.000000 1766900.0
3253394.000000 1769000.0
3257588.000000 1771100.0
3261783.000000 1773200.0
3265978.500000 1775300.0
3270174.000000 1777400.0
3274369.500000 1779500.0
3278565.500000 1781600.0
3282762.000000 1783700.0
3286959.000000 1785800.0
3291157.000000 1787900.0
3295355.000000 1790000.0
3299553.000000 1792100.0
3303751.500000 1794200.0
3307950.500000 1796300.0
3312149.500000 1798400.0
3316349.500000 1800500.0
3320550.000000 1802600.0
3324750.000000 1804700.0
3328951.000000 1806800.0
3333153.000000 1808900.0
3337354.500000 1811000.0
3341556.500000 1813100.0
3345759.000000 1815200.0
3349961.500000 1817300.0
3354165.000000 1819400.0
3358368.500000 1821500.0
3362572.500000 1823600.0
3366777.500000 1825700.0
3370982.500000 1827800.0
3375187.500000 1829900.0
3379393.000000 1832000.0
3383599.000000 1834100.0
3387805.000000 1836200.0
3392011.500000 1838300.0
3396219.000000 1840400.0
3400426.500000 1842500.0
3404634.500000 1844600.0
3408843.000000 1846700.0
3413051.000000 1848800.0
3417260.000000 1850900.0
3421469.500000 1853000.0
3425679.000000 1855100.0
3429889.500000 1857200.0
3434100.000000 1859300.0
3438310.000000 1861400.0
3442521.500000 1863500.0
3446733.500000 1865600.0
3450945.500000 1867700.0
3455158.500000 1869800.0
3459371.000000 1871900.0
3463584.000000 1874000.0
3467798.000000 1876100.0
3472012.000000 1878200.0
3476226.000000 1880300.0
3480440.500000 1882400.0
3484655.500000 1884500.0
3488870.500000 1886600.0
3493086.500000 1888700.0
3497303.000000 1890800.0
3501519.500000 1892900.0
3505736.000000 1895000.0
3509953.000000 1897100.0
3514171.000000 1899200.0
3518389.000000 1901300.0
3522607.500000 1903400.0
3526826.000000 1905500.0
3531045.000000 1907600.0
3535265.000000 1909700.0
3539484.500000 1911800.0
3543704.500000 1913900.0
3547925.000000 1916000.0
3552145.000000 1918100.0
3556366.500000 1920200.0
3560589.000000 1922300.0
3564811.000000 1924400.0
3569033.500000 1926500.0
3573256.000000 1928600.0
3577478.500000 1930700.0
3581702.500000 1932800.0
3585927.000000 1934900.0
3590151.000000 1937000.0
3594375.500000 1939100.0
3598600.500000 1941200.0
3602825.500000 1943300.0
3607051.000000 1945400.0
3611277.000000 1947500.0
3615503.500000 1949600.0
3619730.500000 1951700.0
3623957.500000 1953800.0
3628184.500000 1955900.0
3632412.500000 1958000.0
3636641.500000 1960100.0
3640869.500000 1962200.0
3645098.000000 1964300.0
3649327.500000 1966400.0
3653557.000000 1968500.0
3657787.000000 1970600.0
3662017.000000 1972700.0
3666247.500000 1974800.0
3670479.000000 1976900.0
3674710.500000 1979000.0
3678942.000000 1981100.0
3683174.500000 1983200.0
3687406.500000 1985300.0
3691638.500000 1987400.0
3695872.000000 1989500.0
3700106.000000 1991600.0
3704340.000000 1993700.0
3708574.000000 1995800.0
3712808.500000 1997900.0
3717043.500000 2000000.0
3721279.000000 2002100.0
3725515.000000 2004200.0
3729750.500000 2006300.0
3733986.500000 2008400.0
3738223.500000 2010500.0
3742460.000000 2012600.0
3746697.000000 2014700.0
3750935.000000 2016800.0
3755172.500000 2018900.0
3759410.500000 2021000.0
3763650.000000 2023100.0
3767889.000000 2025200.0
3772128.500000 2027300.0
3776369.000000 2029400.0
3780608.500000 2031500.0
3784849.000000 2033600.0
3789090.000000 2035700.0
3793331.000000 2037800.0
3797572.500000 2039900.0
3801814.000000 2042000.0
3806056.000000 2044100.0
3810299.000000 2046200.0
3814542.000000 2048300.0
3818785.000000 2050400.0
3823029.000000 2052500.0
3827273.000000 2054600.0
3831517.000000 2056700.0
3835761.500000 2058800.0
3840007.000000 2060900.0
3844252.000000 2063000.0
3848497.000000 2065100.0
3852743.000000 2067200.0
3856989.000000 2069300.0
3861236.000000 2071400.0
3865483.500000 2073500.0
3869730.500000 2075600.0
3873978.000000 2077700.0
3878226.000000 2079800.0
3882474.000000 2081900.0
3886723.000000 2084000.0
3890972.500000 2086100.0
3895221.500000 2088200.0
3899471.000000 2090300.0
3903721.000000 2092400.0
3907971.000000 2094500.0
3912222.000000 2096600.0
3916473.500000 2098700.0
3920724.500000 2100800.0
3924976.000000 2102900.0
3929228.000000 2105000.0
3933480.500000 2107100.0
3937733.500000 2109200.0
3941986.000000 2111300.0
3946239.000000 2113400.0
3950493.000000 2115500.0
3954747.000000 2117600.0
3959001.000000 2119700.0
3963255.500000 2121800.0
3967511.000000 2123900.0
3971766.500000 2126000.0
3976022.000000 2128100.0
3980278.000000 2130200.0
3984534.000000 2132300.0
3988790.500000 2134400.0
3993047.500000 2136500.0
3997304.500000 2138600.0
4001562.000000 2140700.0
4005820.000000 2142800.0
4010078.500000 2144900.0
4014337.500000 2147000.0
4018596.500000 2149100.0
4022856.000000 2151200.0
4027115.500000 2153300.0
4031375.000000 2155400.0
4035635.000000 2157500.0
4039895.500000 2159600.0
4044156.500000 2161700.0
4048417.500000 2163800.0
4052679.500000 2165900.0
4056941.500000 2168000.0
4061203.000000 2170100.0
4065465.500000 2172200.0
4069729.000000 2174300.0
4073992.500000 2176400.0
4078255.500000 2178500.0
4082519.000000 2180600.0
4086783.000000 2182700.0
4091047.500000 2184800.0
4095312.500000 2186900.0
4099577.500000 2189000.0
4103843.000000 2191100.0
4108108.500000 2193200.0
4112374.000000 2195300.0
4116641.000000 2197400.0
4120908.000000 2199500.0
4125174.500000 2201600.0
4129442.000000 2203700.0
4133710.000000 2205800.0
4137978.000000 2207900.0
4142246.000000 2210000.0
4146514.500000 2212100.0
4150783.500000 2214200.0
4155052.500000 2216300.0
4159322.000000 2218400.0
4163592.000000 2220500.0
4167862.500000 2222600.0
4172133.000000 2224700.0
4176403.500000 2226800.0
4180674.500000 2228900.0
4184946.000000 2231000.0
4189217.500000 2233100.0
4193489.500000 2235200.0
4197762.000000 2237300.0
4202034.500000 2239400.0
4206307.500000 2241500.0
4210581.000000 2243600.0
4214855.000000 2245700.0
4219129.000000 2247800.0
4223403.000000 2249900.0
4227677.500000 2252000.0
4231952.500000 2254100.0
4236227.500000 2256200.0
4240503.000000 2258300.0
4244778.500000 2260400.0
4249054.500000 2262500.0
4253331.000000 2264600.0
4257607.500000 2266700.0
4261885.000000 2268800.0
4266162.500000 2270900.0
4270440.000000 2273000.0
4274718.500000 2275100.0
4278997.000000 2277200.0
4283275.000000 2279300.0
4287554.000000 2281400.0
4291833.000000 2283500.0
4296112.000000 2285600.0
4300392.000000 2287700.0
4304672.000000 2289800.0
4308952.500000 2291900.0
4313233.500000 2294000.0
4317514.500000 2296100.0
4321796.000000 2298200.0
4326078.000000 2300300.0
4330360.000000 2302400.0
4334642.000000 2304500.0
4338924.500000 2306600.0
4343207.500000 2308700.0
4347490.500000 2310800.0
4351774.000000 2312900.0
4356058.000000 2315000.0
4360342.000000 2317100.0
4364626.500000 2319200.0
4368911.500000 2321300.0
4373196.500000 2323400.0
4377481.500000 2325500.0
4381766.500000 2327600.0
4386052.000000 2329700.0
4390338.500000 2331800.0
4394625.500000 2333900.0
4398912.500000 2336000.0
4403200.000000 2338100.0
4407487.000000 2340200.0
4411774.000000 2342300.0
4416062.500000 2344400.0
4420351.500000 2346500.0
4424640.000000 2348600.0
4428928.500000 2350700.0
4433217.500000 2352800.0
4437507.000000 2354900.0
4441796.500000 2357000.0
4446086.500000 2359100.0
4450377.000000 2361200.0
4454667.500000 2363300.0
4458958.500000 2365400.0
4463250.000000 2367500.0
4467542.000000 2369600.0
4471834.000000 2371700.0
4476126.000000 2373800.0
4480418.500000 2375900.0
4484711.500000 2378000.0
4489004.500000 2380100.0
4493298.000000 2382200.0
4497591.500000 2384300.0
4501884.500000 2386400.0
4506178.500000 2388500.0
4510473.500000 2390600.0
4514768.500000 2392700.0
4519064.000000 2394800.0
4523359.000000 2396900.0
4527654.500000 2399000.0
4531951.000000 2401100.0
4536247.000000 2403200.0
4540544.000000 2405300.0
4544841.000000 2407400.0
4549137.500000 2409500.0
4553434.500000 2411600.0
4557732.500000 2413700.0
4562031.000000 2415800.0
4566329.000000 2417900.0
4570627.500000 2420000.0
4574926.500000 2422100.0
4579225.500000 2424200.0
4583525.000000 2426300.0
4587825.000000 2428400.0
4592125.000000 2430500.0
4596425.500000 2432600.0
4600726.000000 2434700.0
4605026.500000 2436800.0
4609328.000000 2438900.0
4613629.500000 2441000.0
4617931.000000 2443100.0
4622233.500000 2445200.0
4626536.000000 2447300.0
4630838.500000 2449400.0
4635142.000000 2451500.0
4639445.000000 2453600.0
4643747.500000 2455700.0
4648051.500000 2457800.0
4652356.000000 2459900.0
4656660.500000 2462000.0
4660965.000000 2464100.0
4665269.500000 2466200.0
4669575.000000 2468300.0
4673881.000000 2470400.0
4678186.500000 2472500.0
4682492.000000 2474600.0
4686798.500000 2476700.0
4691105.500000 2478800.0
4695412.000000 2480900.0
4699719.500000 2483000.0
4704027.500000 2485100.0
4708334.500000 2487200.0
4712642.500000 2489300.0
4716951.000000 2491400.0
4721259.500000 2493500.0
4725569.000000 2495600.0
4729878.500000 2497700.0
4734187.500000 2499800.0
4738497.000000 2501900.0
4742807.000000 2504000.0
4747117.500000 2506100.0
4751428.500000 2508200.0
4755739.000000 2510300.0
4760049.500000 2512400.0
4764361.000000 2514500.0
4768673.000000 2516600.0
4772985.000000 2518700.0
4777297.000000 2520800.0
4781609.000000 2522900.0
4785922.000000 2525000.0
4790235.500000 2527100.0
4794549.000000 2529200.0
4798862.500000 2531300.0
4803176.000000 2533400.0
4807490.500000 2535500.0
4811805.000000 2537600.0
4816120.000000 2539700.0
4820435.500000 2541800.0
4824750.500000 2543900.0
4829066.000000 2546000.0
4833382.000000 2548100.0
4837698.000000 2550200.0
4842014.500000 2552300.0
4846331.500000 2554400.0
4850648.000000 2556500.0
4854965.000000 2558600.0
4859282.500000 2560700.0
4863600.500000 2562800.0
4867919.000000 2564900.0
4872237.000000 2567000.0
4876555.000000 2569100.0
4880873.500000 2571200.0
4885193.000000 2573300.0
4889512.500000 2575400.0
4893832.000000 2577500.0
4898152.000000 2579600.0
4902472.000000 2581700.0
4906792.500000 2583800.0
4911113.500000 2585900.0
4915434.500000 2588000.0
4919756.000000 2590100.0
4924077.500000 2592200.0
4928399.000000 2594300.0
4932721.500000 2596400.0
4937044.000000 2598500.0
4941366.500000 2600600.0
4945690.000000 2602700.0
4950013.000000 2604800.0
4954336.000000 2606900.0
4958660.000000 2609000.0
4962984.000000 2611100.0
4967308.000000 2613200.0
4971632.500000 2615300.0
4975957.500000 2617400.0
4980283.000000 2619500.0
4984609.000000 2621600.0
4988934.500000 2623700.0
4993260.000000 2625800.0
4997586.000000 2627900.0
5001912.500000 2630000.0
5006239.000000 2632100.0
5010566.000000 2634200.0
5014893.000000 2636300.0
5019219.500000 2638400.0
5023548.000000 2640500.0
5027877.000000 2642600.0
5032205.000000 2644700.0
5036533.500000 2646800.0
5040862.500000 2648900.0
5045191.000000 2651000.0
5049520.000000 2653100.0
5053850.000000 2655200.0
5058180.000000 2657300.0
5062510.000000 2659400.0
5066840.000000 2661500.0
5071170.500000 2663600.0
5075502.000000 2665700.0
5079833.500000 2667800.0
5084164.500000 2669900.0
5088496.500000 2672000.0
5092829.000000 2674100.0
5097160.500000 2676200.0
5101493.000000 2678300.0
5105826.000000 2680400.0
5110158.500000 2682500.0
5114491.500000 2684600.0
5118825.000000 2686700.0
5123159.000000 2688800.0
5127493.500000 2690900.0
5131828.000000 2693000.0
5136162.000000 2695100.0
5140497.000000 2697200.0
5144832.500000 2699300.0
5149168.000000 2701400.0
5153504.000000 2703500.0
5157839.500000 2705600.0
5162175.000000 2707700.0
5166511.500000 2709800.0
5170848.500000 2711900.0
5175185.500000 2714000.0
5179523.000000 2716100.0
5183860.500000 2718200.0
5188198.000000 2720300.0
5192536.000000 2722400.0
5196874.000000 2724500.0
5201212.500000 2726600.0
5205551.000000 2728700.0
5209889.500000 2730800.0
5214229.000000 2732900.0
5218569.000000 2735000.0
5222909.000000 2737100.0
5227249.000000 2739200.0
5231589.500000 2741300.0
5235930.000000 2743400.0
5240270.500000 2745500.0
5244612.000000 2747600.0
5248953.500000 2749700.0
5253294.500000 2751800.0
5257636.000000 2753900.0
5261978.000000 2756000.0
5266320.000000 2758100.0
5270663.000000 2760200.0
5275006.000000 2762300.0
5279348.500000 2764400.0
5283692.500000 2766500.0
5288036.500000 2768600.0
5292380.000000 2770700.0
5296724.000000 2772800.0
5301068.000000 2774900.0
5305412.000000 2777000.0
5309757.000000 2779100.0
5314102.500000 2781200.0
5318447.500000 2783300.0
5322793.000000 2785400.0
5327139.000000 2787500.0
5331485.500000 2789600.0
5335832.000000 2791700.0
5340179.000000 2793800.0
5344526.000000 2795900.0
5348872.500000 2798000.0
5353220.000000 2800100.0
5357567.500000 2802200.0
5361915.500000 2804300.0
5366263.500000 2806400.0
5370611.500000 2808500.0
5374960.500000 2810600.0
5379309.500000 2812700.0
5383658.500000 2814800.0
5388008.000000 2816900.0
5392357.500000 2819000.0
5396707.000000 2821100.0
5401057.500000 2823200.0
5405408.000000 2825300.0
5409758.500000 2827400.0
5414109.500000 2829500.0
5418460.000000 2831600.0
5422811.000000 2833700.0
5427163.000000 2835800.0
5431515.500000 2837900.0
5435867.500000 2840000.0
5440219.500000 2842100.0
5444572.000000 2844200.0
5448924.500000 2846300.0
5453278.000000 2848400.0
5457631.500000 2850500.0
5461984.500000 2852600.0
5466338.500000 2854700.0
5470693.000000 2856800.0
5475047.000000 2858900.0
5479402.000000 2861000.0
5483757.000000 2863100.0
5488111.500000 2865200.0
5492467.000000 2867300.0
5496822.500000 2869400.0
5501178.000000 2871500.0
5505534.500000 2873600.0
5509891.000000 2875700.0
5514247.000000 2877800.0
5518603.500000 2879900.0
5522960.500000 2882000.0
5527318.000000 2884100.0
5531676.000000 2886200.0
5536033.500000 2888300.0
5540391.000000 2890400.0
5544749.000000 2892500.0
5549108.000000 2894600.0
5553467.000000 2896700.0
5557825.500000 2898800.0
5562184.500000 2900900.0
5566543.500000 2903000.0
5570903.500000 2905100.0
5575263.500000 2907200.0
5579623.000000 2909300.0
5583983.500000 2911400.0
5588344.500000 2913500.0
5592705.500000 2915600.0
5597067.000000 2917700.0
5601428.500000 2919800.0
5605789.500000 2921900.0
5610151.500000 2924000.0
5614514.000000 2926100.0
5618876.000000 2928200.0
5623238.500000 2930300.0
5627601.500000 2932400.0
5631964.500000 2934500.0
5636328.000000 2936600.0
5640691.500000 2938700.0
5645055.000000 2940800.0
5649419.500000 2942900.0
5653783.500000 2945000.0
5658147.000000 2947100.0
5662512.000000 2949200.0
5666877.500000 2951300.0
5671242.500000 2953400.0
5675607.500000 2955500.0
5679973.500000 2957600.0
5684339.500000 2959700.0
5688705.500000 2961800.0
5693072.500000 2963900.0
5697439.000000 2966000.0
5701805.500000 2968100.0
5706172.000000 2970200.0
5710539.500000 2972300.0
5714907.500000 2974400.0
5719275.000000 2976500.0
5723642.500000 2978600.0
5728011.000000 2980700.0
5732380.000000 2982800.0
5736748.500000 2984900.0
5741118.000000 2987000.0
5745487.500000 2989100.0
5749856.500000 2991200.0
5754226.000000 2993300.0
5758596.000000 2995400.0
5762966.000000 2997500.0
5767336.000000 2999600.0
5771706.500000 3001700.0
5776077.500000 3003800.0
5780448.500000 3005900.0
5784820.000000 3008000.0
5789192.000000 3010100.0
5793563.500000 3012200.0
5797935.500000 3014300.0
5802308.000000 3016400.0
5806680.500000 3018500.0
5811053.500000 3020600.0
5815426.000000 3022700.0
5819799.000000 3024800.0
5824172.500000 3026900.0
5828545.500000 3029000.0
5832919.500000 3031100.0
5837294.000000 3033200.0
5841668.000000 3035300.0
5846042.500000 3037400.0
5850417.500000 3039500.0
5854792.500000 3041600.0
5859168.000000 3043700.0
5863543.500000 3045800.0
5867919.000000 3047900.0
5872295.000000 3050000.0
5876671.000000 3052100.0
5881047.500000 3054200.0
5885424.500000 3056300.0
5889801.500000 3058400.0
5894178.000000 3060500.0
5898555.000000 3062600.0
5902933.000000 3064700.0
5907310.500000 3066800.0
5911688.500000 3068900.0
5916067.000000 3071000.0
5920445.500000 3073100.0
5924824.500000 3075200.0
5929203.500000 3077300.0
5933582.500000 3079400.0
5937962.000000 3081500.0
5942341.500000 3083600.0
5946720.500000 3085700.0
5951101.000000 3087800.0
5955481.500000 3089900.0
5959861.500000 3092000.0
5964242.500000 3094100.0
5968623.500000 3096200.0
5973004.500000 3098300.0
5977386.000000 3100400.0
5981768.000000 3102500.0
5986149.500000 3104600.0
5990531.000000 3106700.0
5994913.500000 3108800.0
5999296.500000 3110900.0
6003679.500000 3113000.0
6008062.500000 3115100.0
6012445.500000 3117200.0
6016829.000000 3119300.0
6021213.000000 3121400.0
6025596.500000 3123500.0
6029980.500000 3125600.0
6034365.000000 3127700.0
6038749.000000 3129800.0
6043134.000000 3131900.0
6047519.500000 3134000.0
6051904.500000 3136100.0
6056290.000000 3138200.0
6060676.000000 3140300.0
6065061.500000 3142400.0
6069447.500000 3144500.0
6073834.500000 3146600.0
6078221.000000 3148700.0
6082607.500000 3150800.0
6086994.500000 3152900.0
6091381.500000 3155000.0
6095769.000000 3157100.0
6100157.000000 3159200.0
6104545.000000 3161300.0
6108933.000000 3163400.0
6113321.500000 3165500.0
6117710.000000 3167600.0
6122099.000000 3169700.0
6126488.500000 3171800.0
6130877.500000 3173900.0
6135266.500000 3176000.0
6139656.500000 3178100.0
6144046.500000 3180200.0
6148436.000000 3182300.0
6152826.500000 3184400.0
6157217.000000 3186500.0
6161608.000000 3188600.0
6165999.500000 3190700.0
6170390.500000 3192800.0
6174781.500000 3194900.0
6179173.500000 3197000.0
6183565.500000 3199100.0
6187957.500000 3201200.0
6192350.000000 3203300.0
6196742.000000 3205400.0
6201134.500000 3207500.0
6205528.000000 3209600.0
6209921.500000 3211700.0
6214315.000000 3213800.0
6218709.000000 3215900.0
6223102.500000 3218000.0
6227496.000000 3220100.0
6231890.500000 3222200.0
6236285.000000 3224300.0
6240679.500000 3226400.0
6245074.500000 3228500.0
6249469.500000 3230600.0
6253865.000000 3232700.0
6258261.000000 3234800.0
6262657.000000 3236900.0
6267053.000000 3239000.0
6271449.000000 3241100.0
6275845.000000 3243200.0
6280242.000000 3245300.0
6284639.500000 3247400.0
6289036.500000 3249500.0
6293433.500000 3251600.0
6297831.000000 3253700.0
6302229.000000 3255800.0
6306627.000000 3257900.0
6311025.500000 3260000.0
6315424.000000 3262100.0
6319822.000000 3264200.0
6324221.000000 3266300.0
6328620.000000 3268400.0
6333019.000000 3270500.0
6337418.500000 3272600.0
6341818.000000 3274700.0
6346218.000000 3276800.0
6350618.000000 3278900.0
6355018.000000 3281000.0
6359418.500000 3283100.0
6363820.000000 3285200.0
6368221.000000 3287300.0
6372621.500000 3289400.0
6377023.500000 3291500.0
6381425.500000 3293600.0
6385827.000000 3295700.0
6390229.000000 3297800.0
6394631.000000 3299900.0
6399033.500000 3302000.0
6403436.500000 3304100.0
6407839.500000 3306200.0
6412242.500000 3308300.0
6416645.500000 3310400.0
6421049.000000 3312500.0
6425453.000000 3314600.0
6429857.000000 3316700.0
6434261.500000 3318800.0
6438666.000000 3320900.0
6443070.500000 3323000.0
6447475.000000 3325100.0
6451879.500000 3327200.0
6456285.000000 3329300.0
6460690.500000 3331400.0
6465096.000000 3333500.0
6469502.000000 3335600.0
6473908.000000 3337700.0
6478314.000000 3339800.0
6482721.000000 3341900.0
6487127.500000 3344000.0
6491534.000000 3346100.0
6495941.500000 3348200.0
6500348.500000 3350300.0
6504756.000000 3352400.0
6509164.000000 3354500.0
6513572.500000 3356600.0
6517980.500000 3358700.0
6522389.000000 3360800.0
6526798.000000 3362900.0
6531206.000000 3365000.0
6535615.000000 3367100.0
6540024.500000 3369200.0
6544433.500000 3371300.0
6548843.000000 3373400.0
6553253.000000 3375500.0
6557663.000000 3377600.0
6562073.500000 3379700.0
6566484.000000 3381800.0
6570894.500000 3383900.0
6575306.000000 3386000.0
6579717.000000 3388100.0
6584127.500000 3390200.0
6588539.000000 3392300.0
6592951.000000 3394400.0
6597363.000000 3396500.0
6601775.000000 3398600.0
6606187.000000 3400700.0
6610599.000000 3402800.0
6615012.000000 3404900.0
6619425.500000 3407000.0
6623838.500000 3409100.0
6628252.000000 3411200.0
6632665.500000 3413300.0
6637079.000000 3415400.0
6641493.500000 3417500.0
6645907.500000 3419600.0
6650321.500000 3421700.0
6654736.500000 3423800.0
6659151.000000 3425900.0
6663565.500000 3428000.0
6667981.000000 3430100.0
6672397.000000 3432200.0
6676812.500000 3434300.0
6681228.000000 3436400.0
6685644.000000 3438500.0
6690060.000000 3440600.0
6694476.500000 3442700.0
6698893.000000 3444800.0
6703309.500000 3446900.0
6707727.000000 3449000.0
6712144.000000 3451100.0
6716561.000000 3453200.0
6720979.500000 3455300.0
6725397.500000 3457400.0
6729815.000000 3459500.0
6734233.500000 3461600.0
6738652.500000 3463700.0
6743071.000000 3465800.0
6747489.500000 3467900.0
6751908.500000 3470000.0
6756328.000000 3472100.0
6760747.500000 3474200.0
6765167.000000 3476300.0
6769587.000000 3478400.0
6774007.000000 3480500.0
6778427.500000 3482600.0
6782848.000000 3484700.0
6787268.500000 3486800.0
6791689.500000 3488900.0
6796110.500000 3491000.0
6800532.000000 3493100.0
6804953.000000 3495200.0
6809374.000000 3497300.0
6813796.500000 3499400.0
6818219.000000 3501500.0
6822641.000000 3503600.0
6827063.500000 3505700.0
6831486.500000 3507800.0
6835909.500000 3509900.0
6840332.500000 3512000.0
6844755.500000 3514100.0
6849179.000000 3516200.0
6853603.000000 3518300.0
6858026.500000 3520400.0
6862450.000000 3522500.0
6866874.500000 3524600.0
6871299.000000 3526700.0
6875723.500000 3528800.0
6880149.000000 3530900.0
6884574.500000 3533000.0
6888999.500000 3535100.0
6893425.000000 3537200.0
6897851.000000 3539300.0
6902276.500000 3541400.0
6906702.000000 3543500.0
6911128.500000 3545600.0
6915555.000000 3547700.0
6919981.500000 3549800.0
6924408.500000 3551900.0
6928835.500000 3554000.0
6933263.000000 3556100.0
6937690.500000 3558200.0
6942117.500000 3560300.0
6946545.500000 3562400.0
6950973.500000 3564500.0
6955401.500000 3566600.0
6959830.500000 3568700.0
6964259.000000 3570800.0
6968687.500000 3572900.0
6973116.500000 3575000.0
6977546.000000 3577100.0
6981975.500000 3579200.0
6986405.000000 3581300.0
6990835.000000 3583400.0
6995265.000000 3585500.0
6999695.000000 3587600.0
7004125.500000 3589700.0
7008556.000000 3591800.0
7012987.000000 3593900.0
7017418.000000 3596000.0
7021848.500000 3598100.0
7026280.000000 3600200.0
7030712.000000 3602300.0
7035143.500000 3604400.0
7039575.500000 3606500.0
7044008.000000 3608600.0
7048440.500000 3610700.0
7052873.000000 3612800.0
7057305.500000 3614900.0
7061738.000000 3617000.0
7066171.000000 3619100.0
7070604.500000 3621200.0
7075038.000000 3623300.0
7079472.000000 3625400.0
7083905.500000 3627500.0
7088339.500000 3629600.0
7092774.000000 3631700.0
7097208.500000 3633800.0
7101643.500000 3635900.0
7106078.500000 3638000.0
7110513.000000 3640100.0
7114948.000000 3642200.0
7119384.000000 3644300.0
7123820.000000 3646400.0
7128255.500000 3648500.0
7132691.000000 3650600.0
7137127.500000 3652700.0
7141564.000000 3654800.0
7146001.000000 3656900.0
7150438.000000 3659000.0
7154874.500000 3661100.0
7159312.000000 3663200.0
7163749.000000 3665300.0
7168186.000000 3667400.0
7172624.500000 3669500.0
7177062.500000 3671600.0
7181500.000000 3673700.0
7185938.500000 3675800.0
7190377.500000 3677900.0
7194816.000000 3680000.0
7199254.500000 3682100.0
7203693.500000 3684200.0
7208132.500000 3686300.0
7212572.000000 3688400.0
7217012.000000 3690500.0
7221452.000000 3692600.0
7225892.500000 3694700.0
7230332.500000 3696800.0
7233662.500000 3698900.0
7235883.000000 3699950.0
7239213.500000 3701000.0
7243654.000000 3703100.0
7248094.500000 3705200.0
7252536.000000 3707300.0
7256977.500000 3709400.0
7261419.000000 3711500.0
7265861.000000 3713600.0
7270303.000000 3715700.0
7274745.000000 3717800.0
7279187.000000 3719900.0
7283629.500000 3722000.0
7288072.000000 3724100.0
7292515.000000 3726200.0
7296958.500000 3728300.0
7301401.500000 3730400.0
7305845.000000 3732500.0
7310288.500000 3734600.0
7314732.000000 3736700.0
7319176.000000 3738800.0
7323620.500000 3740900.0
7328064.500000 3743000.0
7332509.000000 3745100.0
7336954.000000 3747200.0
7341398.500000 3749300.0
7345844.000000 3751400.0
7350289.500000 3753500.0
7354735.000000 3755600.0
7359181.000000 3757700.0
7363627.000000 3759800.0
7368073.000000 3761900.0
7372519.000000 3764000.0
7376965.000000 3766100.0
7381411.500000 3768200.0
7385858.500000 3770300.0
7390305.500000 3772400.0
7394752.500000 3774500.0
7399200.000000 3776600.0
7403647.500000 3778700.0
7408095.000000 3780800.0
7412543.500000 3782900.0
7416992.000000 3785000.0
7421440.000000 3787100.0
7425888.500000 3789200.0
7430337.000000 3791300.0
7434785.500000 3793400.0
7439234.500000 3795500.0
7443683.500000 3797600.0
7448132.500000 3799700.0
7452582.500000 3801800.0
7457033.000000 3803900.0
7461482.500000 3806000.0
7465933.000000 3808100.0
7470383.500000 3810200.0
7474833.500000 3812300.0
7479284.500000 3814400.0
7483735.500000 3816500.0
7488186.000000 3818600.0
7492637.000000 3820700.0
7497088.500000 3822800.0
7501540.000000 3824900.0
7505992.500000 3827000.0
7510444.500000 3829100.0
7514896.000000 3831200.0
7519348.500000 3833300.0
7523801.000000 3835400.0
7528253.500000 3837500.0
7532706.500000 3839600.0
7537160.000000 3841700.0
7541613.000000 3843800.0
7546066.000000 3845900.0
7550520.000000 3848000.0
7554974.000000 3850100.0
7559428.500000 3852200.0
7563883.000000 3854300.0
7568336.500000 3856400.0
7572790.500000 3858500.0
7577245.500000 3860600.0
7581700.500000 3862700.0
7586156.000000 3864800.0
7590611.000000 3866900.0
7595066.000000 3869000.0
7599522.000000 3871100.0
7603977.500000 3873200.0
7608433.500000 3875300.0
7612890.500000 3877400.0
7617346.500000 3879500.0
7621802.500000 3881600.0
7626259.500000 3883700.0
7630716.000000 3885800.0
7635173.000000 3887900.0
7639630.500000 3890000.0
7644087.500000 3892100.0
7648545.000000 3894200.0
7653003.000000 3896300.0
7657461.000000 3898400.0
7661919.000000 3900500.0
7666377.500000 3902600.0
7670836.500000 3904700.0
7675295.000000 3906800.0
7679754.000000 3908900.0
7684213.500000 3911000.0
7688672.500000 3913100.0
7693131.500000 3915200.0
7697591.000000 3917300.0
7702051.000000 3919400.0
7706511.000000 3921500.0
7710971.000000 3923600.0
7715431.000000 3925700.0
7719892.000000 3927800.0
7724353.000000 3929900.0
7728813.500000 3932000.0
7733274.500000 3934100.0
7737735.500000 3936200.0
7742196.500000 3938300.0
7746658.000000 3940400.0
7751120.000000 3942500.0
7755581.500000 3944600.0
7760043.500000 3946700.0
7764506.000000 3948800.0
7768968.500000 3950900.0
7773431.500000 3953000.0
7777894.500000 3955100.0
7782357.000000 3957200.0
7786819.500000 3959300.0
7791283.000000 3961400.0
7795746.500000 3963500.0
7800210.500000 3965600.0
7804674.500000 3967700.0
7809138.000000 3969800.0
7813602.500000 3971900.0
7818067.500000 3974000.0
7822532.000000 3976100.0
7826996.500000 3978200.0
7831461.500000 3980300.0
7835926.500000 3982400.0
7840392.000000 3984500.0
7844857.500000 3986600.0
7849323.000000 3988700.0
7853789.000000 3990800.0
7858254.500000 3992900.0
7862720.500000 3995000.0
7867187.000000 3997100.0
7871653.500000 3999200.0
7876120.500000 4001300.0
7880587.500000 4003400.0
7885054.500000 4005500.0
7889521.000000 4007600.0
7893988.500000 4009700.0
7898456.500000 4011800.0
7902924.000000 4013900.0
7907391.500000 4016000.0
7911859.500000 4018100.0
7916328.000000 4020200.0
7920796.500000 4022300.0
7925265.500000 4024400.0
7929734.000000 4026500.0
7934203.000000 4028600.0
7938672.500000 4030700.0
7943141.500000 4032800.0
7947611.000000 4034900.0
7952080.500000 4037000.0
7956550.000000 4039100.0
7961020.000000 4041200.0
7965490.500000 4043300.0
7969961.000000 4045400.0
7974431.500000 4047500.0
7978902.000000 4049600.0
7983372.500000 4051700.0
7987843.500000 4053800.0
7992315.000000 4055900.0
7996786.500000 4058000.0
8001258.000000 4060100.0
8005730.000000 4062200.0
8010201.500000 4064300.0
8014673.500000 4066400.0
8019146.000000 4068500.0
8023618.000000 4070600.0
8028090.500000 4072700.0
8032563.500000 4074800.0
8037036.500000 4076900.0
8041510.000000 4079000.0
8045983.500000 4081100.0
8050456.500000 4083200.0
8054930.000000 4085300.0
8059403.500000 4087400.0
8063877.500000 4089500.0
8068352.000000 4091600.0
8072826.000000 4093700.0
8077300.500000 4095800.0
8081775.000000 4097900.0
8086250.000000 4100000.0
8090725.500000 4102100.0
8095200.500000 4104200.0
8099675.500000 4106300.0
8104150.500000 4108400.0
8108626.000000 4110500.0
8113102.500000 4112600.0
8117578.500000 4114700.0
8122054.000000 4116800.0
8126530.500000 4118900.0
8131007.500000 4121000.0
8135484.500000 4123100.0
8139961.500000 4125200.0
8144438.500000 4127300.0
8148915.500000 4129400.0
8153392.500000 4131500.0
8157870.000000 4133600.0
8162348.000000 4135700.0
8166826.000000 4137800.0
8171304.000000 4139900.0
8175782.000000 4142000.0
8180260.500000 4144100.0
8184739.000000 4146200.0
8189218.000000 4148300.0
8193697.500000 4150400.0
8198176.500000 4152500.0
8202655.000000 4154600.0
8207134.500000 4156700.0
8211614.500000 4158800.0
8216094.000000 4160900.0
8220574.000000 4163000.0
8225053.500000 4165100.0
8229533.500000 4167200.0
8234014.500000 4169300.0
8238495.000000 4171400.0
8242975.500000 4173500.0
8247456.500000 4175600.0
8251937.500000 4177700.0
8256419.000000 4179800.0
8260901.000000 4181900.0
8265382.500000 4184000.0
8269864.000000 4186100.0
8274346.000000 4188200.0
8278828.000000 4190300.0
8283310.000000 4192400.0
8287792.500000 4194500.0
8292275.500000 4196600.0
8296758.000000 4198700.0
8301240.500000 4200800.0
8305723.500000 4202900.0
8310207.000000 4205000.0
8314691.000000 4207100.0
8319174.500000 4209200.0
8323658.000000 4211300.0
8328142.000000 4213400.0
8332626.000000 4215500.0
8337110.000000 4217600.0
8341594.500000 4219700.0
8346079.500000 4221800.0
8350564.000000 4223900.0
8355049.000000 4226000.0
8359534.500000 4228100.0
8364019.500000 4230200.0
8368504.500000 4232300.0
8372990.000000 4234400.0
8377476.000000 4236500.0
8381962.000000 4238600.0
8386448.000000 4240700.0
8390934.500000 4242800.0
8395421.000000 4244900.0
8399907.500000 4247000.0
8404394.500000 4249100.0
8408881.500000 4251200.0
8413368.500000 4253300.0
8417855.500000 4255400.0
8422343.000000 4257500.0
8426830.500000 4259600.0
8431318.000000 4261700.0
8435806.500000 4263800.0
8440294.500000 4265900.0
8444782.000000 4268000.0
8449270.500000 4270100.0
8453759.500000 4272200.0
8458248.500000 4274300.0
8462737.500000 4276400.0
8467226.000000 4278500.0
8471714.500000 4280600.0
8476204.500000 4282700.0
8480694.500000 4284800.0
8485184.000000 4286900.0
8489674.000000 4289000.0
8494163.500000 4291100.0
8498653.500000 4293200.0
8503144.500000 4295300.0
8507635.500000 4297400.0
8512126.000000 4299500.0
8516616.500000 4301600.0
8521107.500000 4303700.0
8525599.000000 4305800.0
8530091.000000 4307900.0
8534582.500000 4310000.0
8539073.500000 4312100.0
8543565.000000 4314200.0
8548057.000000 4316300.0
8552549.000000 4318400.0
8557042.000000 4320500.0
8561535.000000 4322600.0
8566027.000000 4324700.0
8570519.500000 4326800.0
8575012.500000 4328900.0
8579506.000000 4331000.0
8583999.500000 4333100.0
8588492.500000 4335200.0
8592985.500000 4337300.0
8597479.500000 4339400.0
8601974.000000 4341500.0
8606468.000000 4343600.0
8610962.500000 4345700.0
8615456.500000 4347800.0
8619951.000000 4349900.0
8624446.500000 4352000.0
8628941.500000 4354100.0
8633436.500000 4356200.0
8637931.500000 4358300.0
8642426.500000 4360400.0
8646922.000000 4362500.0
8651418.000000 4364600.0
8655914.000000 4366700.0
8660410.000000 4368800.0
8664906.000000 4370900.0
8669402.500000 4373000.0
8673899.500000 4375100.0
8678396.500000 4377200.0
8682893.500000 4379300.0
8687389.500000 4381400.0
8691886.000000 4383500.0
8696383.500000 4385600.0
8700881.000000 4387700.0
8705379.500000 4389800.0
8709877.000000 4391900.0
8714374.000000 4394000.0
8718872.500000 4396100.0
8723371.000000 4398200.0
8727869.500000 4400300.0
8732368.500000 4402400.0
8736867.000000 4404500.0
8741366.000000 4406600.0
8745865.500000 4408700.0
8750364.500000 4410800.0
8754863.500000 4412900.0
8759363.000000 4415000.0
8763862.500000 4417100.0
8768362.500000 4419200.0
8772863.500000 4421300.0
8777364.000000 4423400.0
8781863.500000 4425500.0
8786364.000000 4427600.0
8790865.000000 4429700.0
8795365.500000 4431800.0
8799866.500000 4433900.0
8804367.500000 4436000.0
8808868.500000 4438100.0
8813370.000000 4440200.0
8817872.000000 4442300.0
8822374.000000 4444400.0
8826876.000000 4446500.0
8831378.000000 4448600.0
8835880.000000 4450700.0
8840382.500000 4452800.0
8844885.500000 4454900.0
8849388.000000 4457000.0
8853890.500000 4459100.0
8858393.500000 4461200.0
8862896.500000 4463300.0
8867400.000000 4465400.0
8871904.000000 4467500.0
8876408.000000 4469600.0
8880911.500000 4471700.0
8885415.000000 4473800.0
8889919.000000 4475900.0
8894423.500000 4478000.0
8898928.500000 4480100.0
8903433.000000 4482200.0
8907937.500000 4484300.0
8912442.000000 4486400.0
8916946.500000 4488500.0
8921452.500000 4490600.0
8925958.500000 4492700.0
8930463.500000 4494800.0
8934969.000000 4496900.0
8939475.000000 4499000.0
8943981.000000 4501100.0
8948487.500000 4503200.0
8952994.000000 4505300.0
8957500.000000 4507400.0
8962006.500000 4509500.0
8966513.000000 4511600.0
8971020.000000 4513700.0
8975527.500000 4515800.0
8980034.500000 4517900.0
8984542.000000 4520000.0
8989050.000000 4522100.0
8993558.000000 4524200.0
8998066.000000 4526300.0
9002574.000000 4528400.0
9007081.500000 4530500.0
9011589.500000 4532600.0
9016098.000000 4534700.0
9020607.000000 4536800.0
9025116.000000 4538900.0
9029624.500000 4541000.0
9034133.500000 4543100.0
9038643.000000 4545200.0
9043153.000000 4547300.0
9047662.500000 4549400.0
9052172.000000 4551500.0
9056682.000000 4553600.0
9061192.000000 4555700.0
9065702.000000 4557800.0
9070212.500000 4559900.0
9074723.000000 4562000.0
9079233.000000 4564100.0
9083744.000000 4566200.0
9088255.500000 4568300.0
9092766.500000 4570400.0
9097278.000000 4572500.0
9101789.500000 4574600.0
9106301.000000 4576700.0
9110812.500000 4578800.0
9115324.000000 4580900.0
9119836.000000 4583000.0
9124348.500000 4585100.0
9128861.000000 4587200.0
9133373.000000 4589300.0
9137886.000000 4591400.0
9142399.500000 4593500.0
9146912.000000 4595600.0
9151425.000000 4597700.0
9155938.500000 4599800.0
9160451.500000 4601900.0
9164965.000000 4604000.0
9169479.000000 4606100.0
9173992.500000 4608200.0
9178506.500000 4610300.0
9183020.500000 4612400.0
9187535.000000 4614500.0
9192050.500000 4616600.0
9196565.000000 4618700.0
9201079.000000 4620800.0
9205594.000000 4622900.0
9210109.500000 4625000.0
9214624.500000 4627100.0
9219140.000000 4629200.0
9223655.500000 4631300.0
9228171.000000 4633400.0
9232687.000000 4635500.0
9237203.000000 4637600.0
9241719.000000 4639700.0
9246235.500000 4641800.0
9250752.000000 4643900.0
9255268.000000 4646000.0
9259785.000000 4648100.0
9264302.500000 4650200.0
9268819.000000 4652300.0
9273336.000000 4654400.0
9277853.500000 4656500.0
9282371.000000 4658600.0
9286889.000000 4660700.0
9291407.000000 4662800.0
9295924.500000 4664900.0
9300442.500000 4667000.0
9304961.000000 4669100.0
9309479.500000 4671200.0
9313998.500000 4673300.0
9318517.000000 4675400.0
9323035.500000 4677500.0
9327554.500000 4679600.0
9332074.000000 4681700.0
9336593.500000 4683800.0
9341113.000000 4685900.0
9345632.500000 4688000.0
9350151.500000 4690100.0
9354671.500000 4692200.0
9359192.500000 4694300.0
9363712.500000 4696400.0
9368232.500000 4698500.0
9372753.000000 4700600.0
9377273.500000 4702700.0
9381794.500000 4704800.0
9386315.500000 4706900.0
9390836.500000 4709000.0
9395358.000000 4711100.0
9399879.000000 4713200.0
9404400.000000 4715300.0
9408922.500000 4717400.0
9413444.500000 4719500.0
9417966.500000 4721600.0
9422489.000000 4723700.0
9427010.500000 4725800.0
9431532.500000 4727900.0
9436055.500000 4730000.0
9440578.500000 4732100.0
9445101.000000 4734200.0
9449624.000000 4736300.0
9454148.000000 4738400.0
9458671.500000 4740500.0
9463195.000000 4742600.0
9467718.500000 4744700.0
9472241.500000 4746800.0
9476765.500000 4748900.0
9481290.000000 4751000.0
9485814.000000 4753100.0
9490338.500000 4755200.0
9494863.000000 4757300.0
9499387.000000 4759400.0
9503912.000000 4761500.0
9508437.500000 4763600.0
9512962.500000 4765700.0
9517488.000000 4767800.0
9522013.500000 4769900.0
9526538.500000 4772000.0
9531064.000000 4774100.0
9535590.000000 4776200.0
9540116.500000 4778300.0
9544642.500000 4780400.0
9549168.000000 4782500.0
9553694.500000 4784600.0
9558221.500000 4786700.0
9562748.500000 4788800.0
9567275.000000 4790900.0
9571802.000000 4793000.0
9576329.500000 4795100.0
9580856.500000 4797200.0
9585384.500000 4799300.0
9589912.500000 4801400.0
9594439.500000 4803500.0
9598967.000000 4805600.0
9603495.000000 4807700.0
9608023.500000 4809800.0
9612552.000000 4811900.0
9617080.000000 4814000.0
9621608.500000 4816100.0
9626137.500000 4818200.0
9630666.500000 4820300.0
9635195.500000 4822400.0
9639725.000000 4824500.0
9644254.500000 4826600.0
9648783.500000 4828700.0
9653313.000000 4830800.0
9657843.000000 4832900.0
9662373.000000 4835000.0
9666903.000000 4837100.0
9671433.500000 4839200.0
9675964.000000 4841300.0
9680494.500000 4843400.0
9685025.000000 4845500.0
9689555.500000 4847600.0
9694086.500000 4849700.0
9698617.500000 4851800.0
9703148.500000 4853900.0
9707680.500000 4856000.0
9712212.500000 4858100.0
9716743.500000 4860200.0
9721275.000000 4862300.0
9725807.000000 4864400.0
9730339.000000 4866500.0
9734871.500000 4868600.0
9739404.000000 4870700.0
9743936.000000 4872800.0
9748469.000000 4874900.0
9753002.500000 4877000.0
9757535.000000 4879100.0
9762068.000000 4881200.0
9766601.000000 4883300.0
9771134.500000 4885400.0
9775668.500000 4887500.0
9780202.000000 4889600.0
9784736.000000 4891700.0
9789270.000000 4893800.0
9793804.000000 4895900.0
9798338.000000 4898000.0
9802872.500000 4900100.0
9807407.500000 4902200.0
9811942.000000 4904300.0
9816476.000000 4906400.0
9821011.000000 4908500.0
9825546.500000 4910600.0
9830082.000000 4912700.0
9834618.000000 4914800.0
9839153.000000 4916900.0
9843688.500000 4919000.0
9848224.500000 4921100.0
9852760.000000 4923200.0
9857297.000000 4925300.0
9861833.500000 4927400.0
9866369.000000 4929500.0
9870905.500000 4931600.0
9875442.000000 4933700.0
9879979.000000 4935800.0
9884516.500000 4937900.0
9889053.500000 4940000.0
9893590.500000 4942100.0
9898127.500000 4944200.0
9902665.000000 4946300.0
9907203.000000 4948400.0
9911741.000000 4950500.0
9916279.000000 4952600.0
9920817.000000 4954700.0
9925355.000000 4956800.0
9929893.500000 4958900.0
9934432.000000 4961000.0
9938970.500000 4963100.0
9943509.500000 4965200.0
9948048.500000 4967300.0
9952588.000000 4969400.0
9957127.500000 4971500.0
9961666.500000 4973600.0
9966206.000000 4975700.0
9970745.500000 4977800.0
9975285.000000 4979900.0
9979825.000000 4982000.0
9984365.000000 4984100.0
9988905.000000 4986200.0
9993445.500000 4988300.0
9997986.000000 4990400.0
10002527.000000 4992500.0
10007068.500000 4994600.0
10011609.000000 4996700.0
10016149.500000 4998800.0
10020691.000000 5000900.0
10025232.500000 5003000.0
10029773.500000 5005100.0
10034315.000000 5007200.0
10038857.000000 5009300.0
10043399.000000 5011400.0
10047941.000000 5013500.0
10052483.500000 5015600.0
10057026.000000 5017700.0
10061568.000000 5019800.0
10066110.500000 5021900.0
10070653.500000 5024000.0
10075197.000000 5026100.0
10079740.000000 5028200.0
10084282.500000 5030300.0
10088826.000000 5032400.0
10093369.000000 5034500.0
10097912.000000 5036600.0
10102456.500000 5038700.0
10107001.000000 5040800.0
10111544.500000 5042900.0
10116088.000000 5045000.0
10120632.500000 5047100.0
10125177.000000 5049200.0
10129721.500000 5051300.0
10134266.500000 5053400.0
10138811.000000 5055500.0
10143355.500000 5057600.0
10147901.000000 5059700.0
10152446.500000 5061800.0
10156992.000000 5063900.0
10161537.500000 5066000.0
10166083.000000 5068100.0
10170629.000000 5070200.0
10175175.500000 5072300.0
10179721.500000 5074400.0
10184267.000000 5076500.0
10188813.500000 5078600.0
10193360.000000 5080700.0
10197906.500000 5082800.0
10202453.500000 5084900.0
10207000.500000 5087000.0
10211547.500000 5089100.0
10216094.500000 5091200.0
10220642.000000 5093300.0
10225190.000000 5095400.0
10229737.500000 5097500.0
10234284.500000 5099600.0
10238832.000000 5101700.0
10243380.000000 5103800.0
10247928.000000 5105900.0
10252476.500000 5108000.0
10257025.500000 5110100.0
10261574.500000 5112200.0
10266123.000000 5114300.0
10270671.500000 5116400.0
10275220.500000 5118500.0
10279769.500000 5120600.0
10284319.000000 5122700.0
10288868.500000 5124800.0
10293418.000000 5126900.0
10297967.500000 5129000.0
10302517.000000 5131100.0
10307067.000000 5133200.0
10311617.500000 5135300.0
10316168.000000 5137400.0
10320718.000000 5139500.0
10325268.500000 5141600.0
10329819.000000 5143700.0
10334369.500000 5145800.0
10338920.500000 5147900.0
10343471.500000 5150000.0
10348022.500000 5152100.0
10352573.500000 5154200.0
10357125.000000 5156300.0
10361676.500000 5158400.0
10366228.500000 5160500.0
10370781.000000 5162600.0
10375333.000000 5164700.0
10379885.000000 5166800.0
10384437.000000 5168900.0
10388989.500000 5171000.0
10393542.000000 5173100.0
10398094.500000 5175200.0
10402647.500000 5177300.0
10407200.500000 5179400.0
10411753.000000 5181500.0
10416306.000000 5183600.0
10420860.000000 5185700.0
10425413.500000 5187800.0
10429967.000000 5189900.0
10434520.500000 5192000.0
10439074.500000 5194100.0
10443629.000000 5196200.0
10448183.000000 5198300.0
10452737.000000 5200400.0
10457291.000000 5202500.0
10461845.500000 5204600.0
10466400.500000 5206700.0
10470955.500000 5208800.0
10475510.500000 5210900.0
10480065.500000 5213000.0
10484620.500000 5215100.0
10489176.000000 5217200.0
10493731.500000 5219300.0
10498287.000000 5221400.0
10502843.000000 5223500.0
10507398.500000 5225600.0
10511954.000000 5227700.0
10516510.500000 5229800.0
10521067.000000 5231900.0
10525623.500000 5234000.0
10530180.500000 5236100.0
10534737.000000 5238200.0
10539293.500000 5240300.0
10543850.500000 5242400.0
10548407.500000 5244500.0
10552965.000000 5246600.0
10557522.500000 5248700.0
10562079.500000 5250800.0
10566637.000000 5252900.0
10571195.000000 5255000.0
10575753.000000 5257100.0
10580311.000000 5259200.0
10584869.500000 5261300.0
10589428.000000 5263400.0
10593986.500000 5265500.0
10598545.500000 5267600.0
10603104.000000 5269700.0
10607662.000000 5271800.0
10612220.500000 5273900.0
10616780.000000 5276000.0
10621339.500000 5278100.0
10625899.000000 5280200.0
10630458.500000 5282300.0
10635018.000000 5284400.0
10639578.000000 5286500.0
10644138.000000 5288600.0
10648698.000000 5290700.0
10653258.000000 5292800.0
10657818.500000 5294900.0
10662379.000000 5297000.0
10666939.500000 5299100.0
10671500.000000 5301200.0
10676060.500000 5303300.0
10680621.500000 5305400.0
10685183.000000 5307500.0
10689744.500000 5309600.0
10694305.500000 5311700.0
10698867.000000 5313800.0
10703428.500000 5315900.0
10707990.000000 5318000.0
10712552.000000 5320100.0
10717114.000000 5322200.0
10721676.500000 5324300.0
10726239.000000 5326400.0
10730801.000000 5328500.0
10735363.500000 5330600.0
10739926.000000 5332700.0
10744489.000000 5334800.0
10749052.500000 5336900.0
10753615.000000 5339000.0
10758177.500000 5341100.0
10762741.000000 5343200.0
10767304.500000 5345300.0
10771868.500000 5347400.0
10776432.500000 5349500.0
10780996.000000 5351600.0
10785560.000000 5353700.0
10790124.500000 5355800.0
10794689.000000 5357900.0
10799253.000000 5360000.0
10803817.500000 5362100.0
10808382.000000 5364200.0
10812946.500000 5366300.0
10817512.000000 5368400.0
10822077.000000 5370500.0
10826641.500000 5372600.0
10831207.000000 5374700.0
10835772.500000 5376800.0
10840337.500000 5378900.0
10844903.500000 5381000.0
10849470.000000 5383100.0
10854035.500000 5385200.0
10858601.500000 5387300.0
10863168.000000 5389400.0
10867734.500000 5391500.0
10872301.000000 5393600.0
10876867.500000 5395700.0
10881434.000000 5397800.0
10886000.500000 5399900.0
10890567.500000 5402000.0
10895134.500000 5404100.0
10899702.000000 5406200.0
10904269.500000 5408300.0
10908837.000000 5410400.0
10913405.000000 5412500.0
10917973.000000 5414600.0
10922541.000000 5416700.0
10927109.000000 5418800.0
10931677.000000 5420900.0
10936245.000000 5423000.0
10940813.500000 5425100.0
10945382.500000 5427200.0
10949951.000000 5429300.0
10954519.500000 5431400.0
10959088.500000 5433500.0
10963657.500000 5435600.0
10968227.000000 5437700.0
10972796.500000 5439800.0
10977365.000000 5441900.0
10981934.500000 5444000.0
10986504.500000 5446100.0
10991074.000000 5448200.0
10995644.500000 5450300.0
11000215.000000 5452400.0
11004785.000000 5454500.0
11009355.000000 5456600.0
11013925.500000 5458700.0
11018496.500000 5460800.0
11023067.500000 5462900.0
11027638.000000 5465000.0
11032208.500000 5467100.0
11036780.000000 5469200.0
11041351.500000 5471300.0
11045922.500000 5473400.0
11050494.000000 5475500.0
11055065.500000 5477600.0
11059637.000000 5479700.0
11064209.500000 5481800.0
11068782.000000 5483900.0
11073353.500000 5486000.0
11077925.500000 5488100.0
11082498.000000 5490200.0
11087070.500000 5492300.0
11091643.500000 5494400.0
11096216.000000 5496500.0
11100788.500000 5498600.0
11105362.000000 5500700.0
11109935.500000 5502800.0
11114508.500000 5504900.0
11119082.500000 5507000.0
11123656.000000 5509100.0
11128229.000000 5511200.0
11132803.000000 5513300.0
11137377.000000 5515400.0
11141951.000000 5517500.0
11146525.500000 5519600.0
11151100.000000 5521700.0
11155674.000000 5523800.0
11160248.500000 5525900.0
11164823.500000 5528000.0
11169398.500000 5530100.0
11173973.500000 5532200.0
11178548.500000 5534300.0
11183123.500000 5536400.0
11187699.000000 5538500.0
11192274.500000 5540600.0
11196849.500000 5542700.0
11201425.500000 5544800.0
11206001.500000 5546900.0
11210577.000000 5549000.0
11215153.500000 5551100.0
11219729.500000 5553200.0
11224305.500000 5555300.0
11228882.000000 5557400.0
11233458.500000 5559500.0
11238035.500000 5561600.0
11242613.000000 5563700.0
11247190.500000 5565800.0
11251767.000000 5567900.0
11256344.000000 5570000.0
11260921.000000 5572100.0
11265498.500000 5574200.0
11270076.500000 5576300.0
11274654.000000 5578400.0
11279231.500000 5580500.0
11283810.000000 5582600.0
11288388.500000 5584700.0
11292966.000000 5586800.0
11297544.500000 5588900.0
11302123.000000 5591000.0
11306701.500000 5593100.0
11311280.500000 5595200.0
11315859.500000 5597300.0
11320438.500000 5599400.0
11325017.500000 5601500.0
11329596.500000 5603600.0
11334176.000000 5605700.0
11338756.000000 5607800.0
11343335.500000 5609900.0
11347915.000000 5612000.0
11352495.000000 5614100.0
11357075.000000 5616200.0
11361655.000000 5618300.0
11366235.000000 5620400.0
11370815.500000 5622500.0
11375395.500000 5624600.0
11379976.000000 5626700.0
11384557.500000 5628800.0
11389138.500000 5630900.0
11393719.500000 5633000.0
11398300.500000 5635100.0
11402881.500000 5637200.0
11407463.000000 5639300.0
11412044.500000 5641400.0
11416625.500000 5643500.0
11421207.500000 5645600.0
11425789.500000 5647700.0
11430371.000000 5649800.0
11434953.500000 5651900.0
11439536.000000 5654000.0
11444118.000000 5656100.0
11448700.500000 5658200.0
11453283.000000 5660300.0
11457865.500000 5662400.0
11462449.000000 5664500.0
11467032.500000 5666600.0
11471615.500000 5668700.0
11476198.500000 5670800.0
11480781.500000 5672900.0
11485364.500000 5675000.0
11489948.000000 5677100.0
11494532.000000 5679200.0
11499116.000000 5681300.0
11503700.000000 5683400.0
11508284.500000 5685500.0
11512868.500000 5687600.0
11517453.000000 5689700.0
11522037.500000 5691800.0
11526621.000000 5693900.0
11531205.500000 5696000.0
11535790.500000 5698100.0
11540375.500000 5700200.0
11544961.000000 5702300.0
11549546.500000 5704400.0
11554131.500000 5706500.0
11558717.000000 5708600.0
11563302.500000 5710700.0
11567888.000000 5712800.0
11572474.000000 5714900.0
11577060.000000 5717000.0
11581646.000000 5719100.0
11586232.500000 5721200.0
11590819.000000 5723300.0
11595405.000000 5725400.0
11599991.500000 5727500.0
11604578.500000 5729600.0
11609165.500000 5731700.0
11613752.500000 5733800.0
11618339.500000 5735900.0
11622926.000000 5738000.0
11627513.000000 5740100.0
11632100.500000 5742200.0
11636688.000000 5744300.0
11641276.000000 5746400.0
11645864.000000 5748500.0
11650451.500000 5750600.0
11655039.500000 5752700.0
11659628.000000 5754800.0
11664216.500000 5756900.0
11668805.000000 5759000.0
11673393.000000 5761100.0
11677981.500000 5763200.0
11682570.500000 5765300.0
11687159.500000 5767400.0
11691748.000000 5769500.0
11696337.000000 5771600.0
11700926.000000 5773700.0
11705515.500000 5775800.0
11710105.500000 5777900.0
11714695.000000 5780000.0
11719285.000000 5782100.0
11723875.000000 5784200.0
11728465.000000 5786300.0
11733055.000000 5788400.0
11737645.500000 5790500.0
11742235.500000 5792600.0
11746825.000000 5794700.0
11751415.500000 5796800.0
11756006.500000 5798900.0
11760597.500000 5801000.0
11765188.500000 5803100.0
11769780.000000 5805200.0
11774371.000000 5807300.0
11778962.000000 5809400.0
11783553.500000 5811500.0
11788145.000000 5813600.0
11792737.000000 5815700.0
11797328.500000 5817800.0
11801920.000000 5819900.0
11806512.000000 5822000.0
11811104.500000 5824100.0
11815697.000000 5826200.0
11820289.500000 5828300.0
11824882.000000 5830400.0
11829474.500000 5832500.0
11834067.000000 5834600.0
11838660.000000 5836700.0
11843253.500000 5838800.0
11847846.000000 5840900.0
11852439.000000 5843000.0
11857032.500000 5845100.0
11861626.000000 5847200.0
11866220.000000 5849300.0
11870813.500000 5851400.0
11875407.000000 5853500.0
11880001.000000 5855600.0
11884595.000000 5857700.0
11889189.500000 5859800.0
11893784.000000 5861900.0
11898378.000000 5864000.0
11902972.500000 5866100.0
11907567.000000 5868200.0
11912161.500000 5870300.0
11916756.500000 5872400.0
11921351.500000 5874500.0
11925946.500000 5876600.0
11930542.000000 5878700.0
11935138.000000 5880800.0
11939733.500000 5882900.0
11944329.000000 5885000.0
11948925.000000 5887100.0
11953520.500000 5889200.0
11958116.000000 5891300.0
11962712.000000 5893400.0
11967308.000000 5895500.0
11971904.500000 5897600.0
11976501.500000 5899700.0
11981098.000000 5901800.0
11985694.500000 5903900.0
11990291.500000 5906000.0
11994888.500000 5908100.0
11999485.500000 5910200.0
12004082.500000 5912300.0
12008679.500000 5914400.0
12013277.000000 5916500.0
12017874.500000 5918600.0
12022471.500000 5920700.0
12027069.500000 5922800.0
12031668.000000 5924900.0
12036266.000000 5927000.0
12040864.500000 5929100.0
12045462.500000 5931200.0
12050060.000000 5933300.0
12054658.500000 5935400.0
12059257.500000 5937500.0
12063856.500000 5939600.0
12068455.500000 5941700.0
12073054.000000 5943800.0
12077652.500000 5945900.0
12082252.000000 5948000.0
12086852.000000 5950100.0
12091451.500000 5952200.0
12096050.500000 5954300.0
12100650.000000 5956400.0
12105250.000000 5958500.0
12109850.000000 5960600.0
12114450.000000 5962700.0
12119050.000000 5964800.0
12123650.000000 5966900.0
12128250.500000 5969000.0
12132851.000000 5971100.0
12137451.500000 5973200.0
12142052.500000 5975300.0
12146653.500000 5977400.0
12151254.500000 5979500.0
12155855.000000 5981600.0
12160455.500000 5983700.0
12165057.500000 5985800.0
12169659.500000 5987900.0
12174260.500000 5990000.0
12178861.500000 5992100.0
12183463.000000 5994200.0
12188065.500000 5996300.0
12192668.000000 5998400.0
12197270.000000 6000500.0
12201872.000000 6002600.0
12206474.000000 6004700.0
12211076.500000 6006800.0
12215679.500000 6008900.0
12220282.000000 6011000.0
12224884.500000 6013100.0
12229487.500000 6015200.0
12234090.500000 6017300.0
12238694.000000 6019400.0
12243297.000000 6021500.0
12247900.000000 6023600.0
12252504.000000 6025700.0
12257107.500000 6027800.0
12261711.500000 6029900.0
12266316.000000 6032000.0
12270919.500000 6034100.0
12275523.500000 6036200.0
12280128.000000 6038300.0
12284732.000000 6040400.0
12289336.500000 6042500.0
12293941.500000 6044600.0
12298546.000000 6046700.0
12303150.500000 6048800.0
12307755.500000 6050900.0
12312360.500000 6053000.0
12316965.500000 6055100.0
12321571.000000 6057200.0
12326176.500000 6059300.0
12330781.500000 6061400.0
12335387.500000 6063500.0
12339993.500000 6065600.0
12344599.000000 6067700.0
12349205.000000 6069800.0
12353811.000000 6071900.0
12358417.000000 6074000.0
12363023.500000 6076100.0
12367630.000000 6078200.0
12372236.500000 6080300.0
12376843.000000 6082400.0
12381449.500000 6084500.0
12386056.500000 6086600.0
12390663.500000 6088700.0
12395270.500000 6090800.0
12399877.500000 6092900.0
12404484.500000 6095000.0
12409092.000000 6097100.0
12413700.000000 6099200.0
12418308.000000 6101300.0
12422915.500000 6103400.0
12427523.000000 6105500.0
12432131.500000 6107600.0
12436740.000000 6109700.0
12441348.000000 6111800.0
12445956.000000 6113900.0
12450564.000000 6116000.0
12455172.500000 6118100.0
12459782.000000 6120200.0
12464391.000000 6122300.0
12469000.000000 6124400.0
12473609.500000 6126500.0
12478218.000000 6128600.0
12482827.000000 6130700.0
12487436.500000 6132800.0
12492046.000000 6134900.0
12496656.000000 6137000.0
12501265.500000 6139100.0
12505875.000000 6141200.0
12510485.000000 6143300.0
12515095.000000 6145400.0
12519705.500000 6147500.0
12524316.000000 6149600.0
12528926.000000 6151700.0
12533536.500000 6153800.0
12538147.500000 6155900.0
12542758.500000 6158000.0
12547369.500000 6160100.0
12551980.000000 6162200.0
12556591.000000 6164300.0
12561202.500000 6166400.0
12565814.000000 6168500.0
12570425.500000 6170600.0
12575036.500000 6172700.0
12579648.000000 6174800.0
12584260.500000 6176900.0
12588872.500000 6179000.0
12593484.500000 6181100.0
12598097.000000 6183200.0
12602709.000000 6185300.0
12607321.500000 6187400.0
12611934.000000 6189500.0
12616546.000000 6191600.0
12621158.500000 6193700.0
12625771.500000 6195800.0
12630384.500000 6197900.0
12634997.500000 6200000.0
12639611.000000 6202100.0
12644224.500000 6204200.0
12648837.500000 6206300.0
12653451.000000 6208400.0
12658064.500000 6210500.0
12662678.000000 6212600.0
12667292.000000 6214700.0
12671906.000000 6216800.0
12676519.500000 6218900.0
12681133.500000 6221000.0
12685748.500000 6223100.0
12690363.500000 6225200.0
12694978.500000 6227300.0
12699592.500000 6229400.0
12704206.500000 6231500.0
12708821.500000 6233600.0
12713436.500000 6235700.0
12718051.500000 6237800.0
12722666.500000 6239900.0
12727281.500000 6242000.0
12731897.000000 6244100.0
12736513.000000 6246200.0
12741128.500000 6248300.0
12745744.000000 6250400.0
12750360.000000 6252500.0
12754976.000000 6254600.0
12759592.000000 6256700.0
12764208.500000 6258800.0
12768825.000000 6260900.0
12773441.000000 6263000.0
12778057.500000 6265100.0
12782674.000000 6267200.0
12787290.500000 6269300.0
12791908.000000 6271400.0
12796525.500000 6273500.0
12801142.000000 6275600.0
12805759.000000 6277700.0
12810377.000000 6279800.0
12814994.500000 6281900.0
12819612.000000 6284000.0
12824229.500000 6286100.0
12828847.000000 6288200.0
12833465.000000 6290300.0
12838082.500000 6292400.0
12842700.500000 6294500.0
12847319.000000 6296600.0
12851937.500000 6298700.0
12856556.000000 6300800.0
12861175.000000 6302900.0
12865794.000000 6305000.0
12870412.000000 6307100.0
12875030.500000 6309200.0
12879649.500000 6311300.0
12884268.500000 6313400.0
12888888.000000 6315500.0
12893507.500000 6317600.0
12898126.500000 6319700.0
12902746.000000 6321800.0
12907366.000000 6323900.0
12911985.500000 6326000.0
12916605.500000 6328100.0
12921225.500000 6330200.0
12925845.500000 6332300.0
12930466.000000 6334400.0
12935086.000000 6336500.0
12939706.500000 6338600.0
12944327.500000 6340700.0
12948948.000000 6342800.0
12953568.500000 6344900.0
12958189.500000 6347000.0
12962810.500000 6349100.0
12967431.500000 6351200.0
12972052.500000 6353300.0
12976674.000000 6355400.0
12981295.500000 6357500.0
12985917.000000 6359600.0
12990539.000000 6361700.0
12995160.500000 6363800.0
12999782.000000 6365900.0
13004404.000000 6368000.0
13009026.000000 6370100.0
13013648.500000 6372200.0
13018271.500000 6374300.0
13022893.500000 6376400.0
13027515.500000 6378500.0
13032138.500000 6380600.0
13036761.000000 6382700.0
13041384.000000 6384800.0
13046007.000000 6386900.0
13050629.500000 6389000.0
13055253.000000 6391100.0
13059876.500000 6393200.0
13064500.000000 6395300.0
13069124.000000 6397400.0
13073747.500000 6399500.0
13078370.500000 6401600.0
13082994.500000 6403700.0
13087619.000000 6405800.0
13092243.000000 6407900.0
13096867.000000 6410000.0
13101491.000000 6412100.0
13106115.000000 6414200.0
13110739.500000 6416300.0
13115364.500000 6418400.0
13119989.500000 6420500.0
13124614.500000 6422600.0
13129239.500000 6424700.0
13133864.000000 6426800.0
13138489.000000 6428900.0
13143114.500000 6431000.0
13147740.000000 6433100.0
13152365.500000 6435200.0
13156991.000000 6437300.0
13161617.000000 6439400.0
13166243.000000 6441500.0
13170869.000000 6443600.0
13175494.500000 6445700.0
13180120.500000 6447800.0
13184747.000000 6449900.0
13189373.500000 6452000.0
13194000.000000 6454100.0
13198626.500000 6456200.0
13203253.000000 6458300.0
13207879.500000 6460400.0
13212506.500000 6462500.0
13217133.500000 6464600.0
13221761.000000 6466700.0
13226388.500000 6468800.0
13231015.500000 6470900.0
13235643.000000 6473000.0
13240270.500000 6475100.0
13244898.000000 6477200.0
13249526.000000 6479300.0
13254154.000000 6481400.0
13258781.500000 6483500.0
13263409.500000 6485600.0
13268038.000000 6487700.0
13272666.000000 6489800.0
13277294.500000 6491900.0
13281923.000000 6494000.0
13286552.000000 6496100.0
13291181.500000 6498200.0
13295810.000000 6500300.0
13300438.500000 6502400.0
13305067.500000 6504500.0
13309696.500000 6506600.0
13314325.500000 6508700.0
13318955.000000 6510800.0
13323584.500000 6512900.0
13328214.000000 6515000.0
13332844.000000 6517100.0
13337474.000000 6519200.0
13342104.000000 6521300.0
13346734.000000 6523400.0
13351364.000000 6525500.0
13355994.000000 6527600.0
13360624.500000 6529700.0
13365255.000000 6531800.0
13369885.000000 6533900.0
13374515.500000 6536000.0
13379146.500000 6538100.0
13383777.500000 6540200.0
13388409.000000 6542300.0
13393040.500000 6544400.0
13397671.500000 6546500.0
13402302.500000 6548600.0
13406933.500000 6550700.0
13411565.000000 6552800.0
13416197.500000 6554900.0
13420829.500000 6557000.0
13425461.000000 6559100.0
13430093.000000 6561200.0
13434725.000000 6563300.0
13439356.500000 6565400.0
13443989.000000 6567500.0
13448622.000000 6569600.0
13453254.000000 6571700.0
13457886.500000 6573800.0
13462519.500000 6575900.0
13467152.500000 6578000.0
13471785.500000 6580100.0
13476418.500000 6582200.0
13481051.000000 6584300.0
13485684.500000 6586400.0
13490318.500000 6588500.0
13494951.500000 6590600.0
13499585.000000 6592700.0
13504219.000000 6594800.0
13508853.000000 6596900.0
13513487.000000 6599000.0
13518121.000000 6601100.0
13522754.500000 6603200.0
13527388.500000 6605300.0
13532023.000000 6607400.0
13536657.000000 6609500.0
13541292.000000 6611600.0
13545927.000000 6613700.0
13550561.500000 6615800.0
13555196.500000 6617900.0
13559831.500000 6620000.0
13564466.500000 6622100.0
13569101.500000 6624200.0
13573736.500000 6626300.0
13578371.500000 6628400.0
13583007.000000 6630500.0
13587643.000000 6632600.0
13592278.500000 6634700.0
13596914.500000 6636800.0
13601550.500000 6638900.0
13606186.000000 6641000.0
13610822.500000 6643100.0
13615459.000000 6645200.0
13620095.000000 6647300.0
13624731.500000 6649400.0
13629368.000000 6651500.0
13634004.500000 6653600.0
13638641.500000 6655700.0
13643278.000000 6657800.0
13647915.000000 6659900.0
13652552.500000 6662000.0
13657189.500000 6664100.0
13661826.500000 6666200.0
13666464.000000 6668300.0
13671101.500000 6670400.0
13675739.000000 6672500.0
13680377.000000 6674600.0
13685015.000000 6676700.0
13689653.000000 6678800.0
13694291.000000 6680900.0
13698929.000000 6683000.0
13703566.500000 6685100.0
13708204.500000 6687200.0
13712843.500000 6689300.0
13717482.000000 6691400.0
13722121.000000 6693500.0
13726760.000000 6695600.0
13731398.500000 6697700.0
13736037.500000 6699800.0
13740676.500000 6701900.0
13745315.500000 6704000.0
13749955.000000 6706100.0
13754594.500000 6708200.0
13759233.500000 6710300.0
13763873.000000 6712400.0
13768513.000000 6714500.0
13773153.000000 6716600.0
13777793.000000 6718700.0
13782433.000000 6720800.0
13787073.000000 6722900.0
13791713.000000 6725000.0
13796353.500000 6727100.0
13800994.000000 6729200.0
13805634.500000 6731300.0
13810275.000000 6733400.0
13814915.500000 6735500.0
13819556.500000 6737600.0
13824197.500000 6739700.0
13828838.500000 6741800.0
13833479.500000 6743900.0
13838120.500000 6746000.0
13842762.000000 6748100.0
13847404.000000 6750200.0
13852046.000000 6752300.0
13856687.500000 6754400.0
13861329.000000 6756500.0
13865970.500000 6758600.0
13870612.000000 6760700.0
13875254.500000 6762800.0
13879897.000000 6764900.0
13884539.000000 6767000.0
13889181.500000 6769100.0
13893824.000000 6771200.0
13898466.500000 6773300.0
13903109.500000 6775400.0
13907752.000000 6777500.0
13912394.500000 6779600.0
13917037.500000 6781700.0
13921681.000000 6783800.0
13926324.000000 6785900.0
13930967.000000 6788000.0
13935611.000000 6790100.0
13940254.500000 6792200.0
13944898.000000 6794300.0
13949542.000000 6796400.0
13954186.000000 6798500.0
13958830.000000 6800600.0
13963474.000000 6802700.0
13968117.500000 6804800.0
13972761.500000 6806900.0
13977406.500000 6809000.0
13982051.000000 6811100.0
13986695.500000 6813200.0
13991340.000000 6815300.0
13995984.500000 6817400.0
14000630.000000 6819500.0
14005275.000000 6821600.0
14009919.500000 6823700.0
14014565.000000 6825800.0
14019210.500000 6827900.0
14023856.000000 6830000.0
14028501.500000 6832100.0
14033146.500000 6834200.0
14037792.000000 6836300.0
14042438.500000 6838400.0
14047084.500000 6840500.0
14051730.000000 6842600.0
14056376.000000 6844700.0
14061022.500000 6846800.0
14065668.500000 6848900.0
14070314.500000 6851000.0
14074961.500000 6853100.0
14079608.000000 6855200.0
14084254.500000 6857300.0
14088901.500000 6859400.0
14093548.500000 6861500.0
14098195.500000 6863600.0
14102843.000000 6865700.0
14107490.500000 6867800.0
14112138.000000 6869900.0
14116785.000000 6872000.0
14121432.000000 6874100.0
14126080.500000 6876200.0
14130728.500000 6878300.0
14135375.500000 6880400.0
14140023.000000 6882500.0
14144671.500000 6884600.0
14149320.000000 6886700.0
14153968.000000 6888800.0
14158616.500000 6890900.0
14163265.000000 6893000.0
14167913.500000 6895100.0
14172562.500000 6897200.0
14177211.500000 6899300.0
14181860.500000 6901400.0
14186509.000000 6903500.0
14191157.500000 6905600.0
14195807.000000 6907700.0
14200456.500000 6909800.0
14205105.000000 6911900.0
14209754.500000 6914000.0
14214405.000000 6916100.0
14219054.500000 6918200.0
14223704.000000 6920300.0
14228354.000000 6922400.0
14233004.000000 6924500.0
14237654.000000 6926600.0
14242304.000000 6928700.0
14246954.000000 6930800.0
14251604.500000 6932900.0
14256255.000000 6935000.0
14260905.500000 6937100.0
14265556.500000 6939200.0
14270207.500000 6941300.0
14274858.500000 6943400.0
14279509.500000 6945500.0
14284160.500000 6947600.0
14288811.500000 6949700.0
14293463.000000 6951800.0
14298114.500000 6953900.0
14302765.500000 6956000.0
14307417.000000 6958100.0
14312069.000000 6960200.0
14316721.000000 6962300.0
14321372.500000 6964400.0
14326024.500000 6966500.0
14330677.000000 6968600.0
14335329.000000 6970700.0
14339981.000000 6972800.0
14344633.500000 6974900.0
14349286.500000 6977000.0
14353939.000000 6979100.0
14358591.000000 6981200.0
14363244.000000 6983300.0
14367897.500000 6985400.0
14372550.000000 6987500.0
14377203.000000 6989600.0
14381857.000000 6991700.0
14386510.500000 6993800.0
14391163.500000 6995900.0
14395817.000000 6998000.0
14400470.500000 7000100.0
14405124.000000 7002200.0
14409777.500000 7004300.0
14414431.000000 7006400.0
14419085.500000 7008500.0
14423740.000000 7010600.0
14428394.000000 7012700.0
14433048.500000 7014800.0
14437703.000000 7016900.0
14442357.000000 7019000.0
14447011.500000 7021100.0
14451667.000000 7023200.0
14456322.000000 7025300.0
14460976.500000 7027400.0
14465631.500000 7029500.0
14470286.000000 7031600.0
14474941.500000 7033700.0
14479597.500000 7035800.0
14484252.500000 7037900.0
14488908.000000 7040000.0
14493563.500000 7042100.0
14498219.000000 7044200.0
14502875.000000 7046300.0
14507531.000000 7048400.0
14512187.000000 7050500.0
14516843.000000 7052600.0
14521499.000000 7054700.0
14526155.500000 7056800.0
14530812.000000 7058900.0
14535468.000000 7061000.0
14540124.500000 7063100.0
14544781.500000 7065200.0
14549439.000000 7067300.0
14554096.000000 7069400.0
14558752.500000 7071500.0
14563409.500000 7073600.0
14568066.500000 7075700.0
14572724.000000 7077800.0
14577381.500000 7079900.0
14582038.500000 7082000.0
14586696.000000 7084100.0
14591354.000000 7086200.0
14596012.000000 7088300.0
14600670.000000 7090400.0
14605328.000000 7092500.0
14609986.000000 7094600.0
14614644.000000 7096700.0
14619302.500000 7098800.0
14623961.000000 7100900.0
14628619.000000 7103000.0
14633277.500000 7105100.0
14637936.500000 7107200.0
14642595.000000 7109300.0
14647254.000000 7111400.0
14651913.500000 7113500.0
14656572.500000 7115600.0
14661231.500000 7117700.0
14665890.500000 7119800.0
14670550.000000 7121900.0
14675210.000000 7124000.0
14679869.000000 7126100.0
14684528.000000 7128200.0
14689188.000000 7130300.0
14693848.000000 7132400.0
14698508.000000 7134500.0
14703168.500000 7136600.0
14707829.000000 7138700.0
14712489.000000 7140800.0
14717149.000000 7142900.0
14721809.500000 7145000.0
14726470.500000 7147100.0
14731131.500000 7149200.0
14735792.000000 7151300.0
14740452.000000 7153400.0
14745113.000000 7155500.0
14749774.500000 7157600.0
14754435.500000 7159700.0
14759097.000000 7161800.0
14763758.500000 7163900.0
14768419.500000 7166000.0
14773081.000000 7168100.0
14777743.000000 7170200.0
14782404.500000 7172300.0
14787066.500000 7174400.0
14791728.500000 7176500.0
14796390.000000 7178600.0
14801052.500000 7180700.0
14805714.500000 7182800.0
14810376.500000 7184900.0
14815039.000000 7187000.0
14819701.500000 7189100.0
14824364.500000 7191200.0
14829027.500000 7193300.0
14833690.000000 7195400.0
14838352.500000 7197500.0
14843015.500000 7199600.0
14847679.000000 7201700.0
14852342.000000 7203800.0
14857005.000000 7205900.0
14861669.000000 7208000.0
14866332.500000 7210100.0
14870996.000000 7212200.0
14875659.500000 7214300.0
14880323.000000 7216400.0
14884987.500000 7218500.0
14889651.500000 7220600.0
14894315.000000 7222700.0
14898979.500000 7224800.0
14903644.000000 7226900.0
14908308.000000 7229000.0
14912972.500000 7231100.0
14917637.000000 7233200.0
14922301.500000 7235300.0
14926966.500000 7237400.0
14931631.500000 7239500.0
14936296.500000 7241600.0
14940961.500000 7243700.0
14945626.000000 7245800.0
14950291.000000 7247900.0
14954957.000000 7250000.0
14959622.500000 7252100.0
14964287.500000 7254200.0
14968953.000000 7256300.0
14973619.000000 7258400.0
14978285.000000 7260500.0
14982951.500000 7262600.0
14987618.000000 7264700.0
14992283.500000 7266800.0
14996949.500000 7268900.0
15001616.000000 7271000.0
15006282.000000 7273100.0
15010948.500000 7275200.0
15015615.000000 7277300.0
15020281.500000 7279400.0
15024948.500000 7281500.0
15029615.500000 7283600.0
15034282.000000 7285700.0
15038949.000000 7287800.0
15043616.500000 7289900.0
15048283.500000 7292000.0
15052951.000000 7294100.0
15057619.000000 7296200.0
15062286.500000 7298300.0
15066953.500000 7300400.0
15071621.000000 7302500.0
15076289.000000 7304600.0
15080957.000000 7306700.0
15085625.000000 7308800.0
15090293.500000 7310900.0
15094962.000000 7313000.0
15099630.000000 7315100.0
15104298.500000 7317200.0
15108967.000000 7319300.0
15113635.500000 7321400.0
15118304.000000 7323500.0
15122973.000000 7325600.0
15127642.000000 7327700.0
15132310.500000 7329800.0
15136980.000000 7331900.0
15141649.500000 7334000.0
15146318.500000 7336100.0
15150988.000000 7338200.0
15155657.500000 7340300.0
15160327.000000 7342400.0
15164996.500000 7344500.0
15169666.000000 7346600.0
15174336.000000 7348700.0
15179006.000000 7350800.0
15183676.000000 7352900.0
15188346.000000 7355000.0
15193016.500000 7357100.0
15197687.000000 7359200.0
15202357.000000 7361300.0
15207027.500000 7363400.0
15211698.500000 7365500.0
15216369.000000 7367600.0
15221039.500000 7369700.0
15225710.500000 7371800.0
15230381.500000 7373900.0
15235052.500000 7376000.0
15239723.500000 7378100.0
15244394.500000 7380200.0
15249066.500000 7382300.0
15253738.500000 7384400.0
15258409.500000 7386500.0
15263081.500000 7388600.0
15267753.500000 7390700.0
15272424.500000 7392800.0
15277096.500000 7394900.0
15281769.000000 7397000.0
15286441.000000 7399100.0
15291113.000000 7401200.0
15295785.500000 7403300.0
15300458.000000 7405400.0
15305130.500000 7407500.0
15309803.000000 7409600.0
15314476.000000 7411700.0
15319149.000000 7413800.0
15323821.500000 7415900.0
15328494.500000 7418000.0
15333168.000000 7420100.0
15337841.500000 7422200.0
15342514.000000 7424300.0
15347187.000000 7426400.0
15351861.000000 7428500.0
15356534.500000 7430600.0
15361208.500000 7432700.0
15365882.500000 7434800.0
15370555.500000 7436900.0
15375229.000000 7439000.0
15379903.500000 7441100.0
15384578.000000 7443200.0
15389252.000000 7445300.0
15393926.000000 7447400.0
15398600.500000 7449500.0
15403275.500000 7451600.0
15407950.000000 7453700.0
15412624.500000 7455800.0
15417299.500000 7457900.0
15421974.500000 7460000.0
15426649.000000 7462100.0
15431324.000000 7464200.0
15435999.500000 7466300.0
15440674.500000 7468400.0
15445350.000000 7470500.0
15450025.500000 7472600.0
15454700.500000 7474700.0
15459376.000000 7476800.0
15464052.000000 7478900.0
15468728.000000 7481000.0
15473404.000000 7483100.0
15478080.000000 7485200.0
15482756.000000 7487300.0
15487432.500000 7489400.0
15492109.000000 7491500.0
15496785.000000 7493600.0
15501461.500000 7495700.0
15506138.000000 7497800.0
15510814.500000 7499900.0
15515491.500000 7502000.0
15520168.000000 7504100.0
15524844.500000 7506200.0
15529522.000000 7508300.0
15534199.500000 7510400.0
15538876.500000 7512500.0
15543554.000000 7514600.0
15548231.500000 7516700.0
15552908.500000 7518800.0
15557586.000000 7520900.0
15562264.000000 7523000.0
15566941.500000 7525100.0
15571619.500000 7527200.0
15576297.500000 7529300.0
15580975.000000 7531400.0
15585653.500000 7533500.0
15590332.500000 7535600.0
15595011.000000 7537700.0
15599689.000000 7539800.0
15604367.500000 7541900.0
15609046.000000 7544000.0
15613725.000000 7546100.0
15618404.000000 7548200.0
15623082.500000 7550300.0
15627761.500000 7552400.0
15632440.500000 7554500.0
15637119.500000 7556600.0
15641799.000000 7558700.0
15646478.500000 7560800.0
15651157.500000 7562900.0
15655837.500000 7565000.0
15660517.500000 7567100.0
15665196.500000 7569200.0
15669876.500000 7571300.0
15674556.500000 7573400.0
15679236.000000 7575500.0
15683916.000000 7577600.0
15688596.500000 7579700.0
15693277.000000 7581800.0
15697957.500000 7583900.0
15702638.000000 7586000.0
15707318.500000 7588100.0
15711999.500000 7590200.0
15716680.000000 7592300.0
15721360.500000 7594400.0
15726041.500000 7596500.0
15730722.500000 7598600.0
15735403.500000 7600700.0
15740085.000000 7602800.0
15744766.500000 7604900.0
15749448.000000 7607000.0
15754129.500000 7609100.0
15758810.500000 7611200.0
15763492.500000 7613300.0
15768174.500000 7615400.0
15772855.500000 7617500.0
15777537.000000 7619600.0
15782219.000000 7621700.0
15786901.500000 7623800.0
15791584.000000 7625900.0
15796266.500000 7628000.0
15800949.000000 7630100.0
15805631.000000 7632200.0
15810314.000000 7634300.0
15814997.000000 7636400.0
15819679.500000 7638500.0
15824362.500000 7640600.0
15829045.500000 7642700.0
15833728.000000 7644800.0
15838411.000000 7646900.0
15843094.500000 7649000.0
15847777.500000 7651100.0
15852461.500000 7653200.0
15857145.500000 7655300.0
15861828.500000 7657400.0
15866512.500000 7659500.0
15871197.000000 7661600.0
15875880.500000 7663700.0
15880564.000000 7665800.0
15885248.000000 7667900.0
15889932.000000 7670000.0
15894616.500000 7672100.0
15899301.000000 7674200.0
15903985.000000 7676300.0
15908669.000000 7678400.0
15913353.500000 7680500.0
15918038.500000 7682600.0
15922723.500000 7684700.0
15927408.500000 7686800.0
15932093.500000 7688900.0
15936779.000000 7691000.0
15941464.000000 7693100.0
15946149.000000 7695200.0
15950835.000000 7697300.0
15955520.000000 7699400.0
15960205.000000 7701500.0
15964891.000000 7703600.0
15969577.000000 7705700.0
15974263.000000 7707800.0
15978949.000000 7709900.0
15983634.500000 7712000.0
15988320.000000 7714100.0
15993006.500000 7716200.0
15997693.000000 7718300.0
16002379.500000 7720400.0
16007066.000000 7722500.0
16011752.000000 7724600.0
16016438.500000 7726700.0
16021126.000000 7728800.0
16025813.000000 7730900.0
16030499.000000 7733000.0
16035186.000000 7735100.0
16039873.500000 7737200.0
16044560.000000 7739300.0
16049247.000000 7741400.0
16053935.000000 7743500.0
16058622.000000 7745600.0
16063309.500000 7747700.0
16067997.500000 7749800.0
16072685.000000 7751900.0
16077373.500000 7754000.0
16082061.500000 7756100.0
16086749.000000 7758200.0
16091437.000000 7760300.0
16096125.000000 7762400.0
16100813.500000 7764500.0
16105502.500000 7766600.0
16110190.500000 7768700.0
16114878.000000 7770800.0
16119567.000000 7772900.0
16124256.000000 7775000.0
16128944.500000 7777100.0
16133633.500000 7779200.0
16138322.500000 7781300.0
16143011.500000 7783400.0
16147701.000000 7785500.0
16152390.500000 7787600.0
16157079.500000 7789700.0
16161769.000000 7791800.0
16166458.500000 7793900.0
16171148.000000 7796000.0
16175837.500000 7798100.0
16180527.500000 7800200.0
16185217.500000 7802300.0
16189907.000000 7804400.0
16194597.500000 7806500.0
16199287.500000 7808600.0
16203978.000000 7810700.0
16208669.000000 7812800.0
16213358.500000 7814900.0
16218048.500000 7817000.0
16222739.500000 7819100.0
16227430.000000 7821200.0
16232121.000000 7823300.0
16236812.000000 7825400.0
16241502.500000 7827500.0
16246193.500000 7829600.0
16250884.500000 7831700.0
16255576.000000 7833800.0
16260267.500000 7835900.0
16264958.500000 7838000.0
16269650.000000 7840100.0
16274342.000000 7842200.0
16279034.000000 7844300.0
16283725.500000 7846400.0
16288417.000000 7848500.0
16293109.000000 7850600.0
16297801.000000 7852700.0
16302493.500000 7854800.0
16307186.000000 7856900.0
16311878.000000 7859000.0
16316570.000000 7861100.0
16321262.500000 7863200.0
16325955.000000 7865300.0
16330648.000000 7867400.0
16335341.000000 7869500.0
16340033.000000 7871600.0
16344726.000000 7873700.0
16349419.000000 7875800.0
16354112.000000 7877900.0
16358806.000000 7880000.0
16363499.000000 7882100.0
16368191.500000 7884200.0
16372885.000000 7886300.0
16377579.500000 7888400.0
16382273.000000 7890500.0
16386966.000000 7892600.0
16391659.500000 7894700.0
16396353.500000 7896800.0
16401048.000000 7898900.0
16405742.000000 7901000.0
16410436.000000 7903100.0
16415130.500000 7905200.0
16419825.000000 7907300.0
16424519.000000 7909400.0
16429213.500000 7911500.0
16433908.500000 7913600.0
16438603.000000 7915700.0
16443297.500000 7917800.0
16447992.500000 7919900.0
16452687.500000 7922000.0
16457383.000000 7924100.0
16462078.500000 7926200.0
16466773.000000 7928300.0
16471468.000000 7930400.0
16476163.500000 7932500.0
16480859.000000 7934600.0
16485555.000000 7936700.0
16490251.000000 7938800.0
16494946.500000 7940900.0
16499642.000000 7943000.0
16504338.000000 7945100.0
16509034.000000 7947200.0
16513730.000000 7949300.0
16518426.000000 7951400.0
16523122.000000 7953500.0
16527819.000000 7955600.0
16532516.000000 7957700.0
16537212.000000 7959800.0
16541908.500000 7961900.0
16546605.500000 7964000.0
16551302.000000 7966100.0
16555999.000000 7968200.0
16560696.500000 7970300.0
16565393.000000 7972400.0
16570090.000000 7974500.0
16574787.500000 7976600.0
16579485.000000 7978700.0
16584183.000000 7980800.0
16588880.500000 7982900.0
16593577.500000 7985000.0
16598275.000000 7987100.0
16602973.000000 7989200.0
16607671.000000 7991300.0
16612369.000000 7993400.0
16617067.000000 7995500.0
16621765.000000 7997600.0
16626463.000000 7999700.0
16631161.500000 8001800.0
16635860.500000 8003900.0
16640559.000000 8006000.0
16645257.000000 8008100.0
16649955.000000 8010200.0
16654654.000000 8012300.0
16659353.000000 8014400.0
16664052.000000 8016500.0
16668751.000000 8018600.0
16673449.500000 8020700.0
16678148.500000 8022800.0
16682848.000000 8024900.0
16687548.000000 8027000.0
16692247.500000 8029100.0
16696947.000000 8031200.0
16701647.000000 8033300.0
16706346.500000 8035400.0
16711046.500000 8037500.0
16715746.500000 8039600.0
16720446.000000 8041700.0
16725145.500000 8043800.0
16729845.500000 8045900.0
16734546.000000 8048000.0
16739246.500000 8050100.0
16743947.000000 8052200.0
16748647.500000 8054300.0
16753348.000000 8056400.0
16758048.500000 8058500.0
16762750.000000 8060600.0
16767451.000000 8062700.0
16772151.500000 8064800.0
16776852.000000 8066900.0
16781553.000000 8069000.0
16786254.500000 8071100.0
16790955.500000 8073200.0
16795657.000000 8075300.0
16800358.500000 8077400.0
16805060.000000 8079500.0
16809762.000000 8081600.0
16814464.000000 8083700.0
16819165.500000 8085800.0
16823867.000000 8087900.0
16828569.000000 8090000.0
16833271.000000 8092100.0
16837973.500000 8094200.0
16842676.000000 8096300.0
16847378.000000 8098400.0
16852080.500000 8100500.0
16856783.000000 8102600.0
16861485.500000 8104700.0
16866188.500000 8106800.0
16870891.500000 8108900.0
16875594.000000 8111000.0
16880296.000000 8113100.0
16884999.000000 8115200.0
16889702.500000 8117300.0
16894405.500000 8119400.0
16899109.000000 8121500.0
16903812.500000 8123600.0
16908515.500000 8125700.0
16913219.500000 8127800.0
16917923.500000 8129900.0
16922627.000000 8132000.0
16927330.500000 8134100.0
16932034.000000 8136200.0
16936738.500000 8138300.0
16941443.000000 8140400.0
16946147.000000 8142500.0
16950851.000000 8144600.0
16955555.000000 8146700.0
16960259.000000 8148800.0
16964963.500000 8150900.0
16969668.500000 8153000.0
16974373.500000 8155100.0
16979078.000000 8157200.0
16983782.500000 8159300.0
16988488.000000 8161400.0
16993193.000000 8163500.0
16997897.500000 8165600.0
17002602.500000 8167700.0
17007307.500000 8169800.0
17012013.000000 8171900.0
17016718.500000 8174000.0
17021424.000000 8176100.0
17026130.000000 8178200.0
17030835.500000 8180300.0
17035541.000000 8182400.0
17040247.500000 8184500.0
17044953.500000 8186600.0
17049659.000000 8188700.0
17054365.000000 8190800.0
17059071.000000 8192900.0
17063777.500000 8195000.0
17068484.500000 8197100.0
17073191.000000 8199200.0
17077897.500000 8201300.0
17082604.000000 8203400.0
17087310.500000 8205500.0
17092017.500000 8207600.0
17096724.500000 8209700.0
17101431.500000 8211800.0
17106138.000000 8213900.0
17110845.000000 8216000.0
17115552.500000 8218100.0
17120260.000000 8220200.0
17124968.000000 8222300.0
17129675.500000 8224400.0
17134382.500000 8226500.0
17139090.000000 8228600.0
17143797.500000 8230700.0
17148505.500000 8232800.0
17153214.000000 8234900.0
17157921.000000 8237000.0
17162628.500000 8239100.0
17167337.500000 8241200.0
17172046.000000 8243300.0
17176754.000000 8245400.0
17181462.500000 8247500.0
17186171.000000 8249600.0
17190879.500000 8251700.0
17195588.500000 8253800.0
17200297.500000 8255900.0
17205006.500000 8258000.0
17209715.000000 8260100.0
17214423.500000 8262200.0
17219132.500000 8264300.0
17223842.000000 8266400.0
17228551.500000 8268500.0
17233260.500000 8270600.0
17237970.000000 8272700.0
17242679.500000 8274800.0
17247389.000000 8276900.0
17252099.000000 8279000.0
17256808.500000 8281100.0
17261518.000000 8283200.0
17266228.500000 8285300.0
17270938.500000 8287400.0
17275648.000000 8289500.0
17280358.500000 8291600.0
17285069.000000 8293700.0
17289779.000000 8295800.0
17294489.500000 8297900.0
17299200.500000 8300000.0
17303911.500000 8302100.0
17308622.000000 8304200.0
17313332.500000 8306300.0
17318043.500000 8308400.0
17322755.000000 8310500.0
17327466.000000 8312600.0
17332176.500000 8314700.0
17336888.000000 8316800.0
17341599.500000 8318900.0
17346310.500000 8321000.0
17351022.000000 8323100.0
17355734.000000 8325200.0
17360445.000000 8327300.0
17365156.500000 8329400.0
17369869.000000 8331500.0
17374581.000000 8333600.0
17379293.000000 8335700.0
17384004.500000 8337800.0
17388716.000000 8339900.0
17393428.500000 8342000.0
17398141.000000 8344100.0
17402853.500000 8346200.0
17407566.500000 8348300.0
17412279.000000 8350400.0
17416991.500000 8352500.0
17421704.500000 8354600.0
17426417.000000 8356700.0
17431130.000000 8358800.0
17435843.500000 8360900.0
17440556.000000 8363000.0
17445268.500000 8365100.0
17449982.000000 8367200.0
17454696.000000 8369300.0
17459409.500000 8371400.0
17464122.500000 8373500.0
17468836.000000 8375600.0
17473549.500000 8377700.0
17478263.500000 8379800.0
17482977.500000 8381900.0
17487691.000000 8384000.0
17492405.000000 8386100.0
17497119.000000 8388200.0
17501833.000000 8390300.0
17506547.500000 8392400.0
17511262.000000 8394500.0
17515976.000000 8396600.0
17520690.500000 8398700.0
17525405.500000 8400800.0
17530120.000000 8402900.0
17534834.500000 8405000.0
17539549.500000 8407100.0
17544264.500000 8409200.0
17548979.500000 8411300.0
17553694.500000 8413400.0
17558409.500000 8415500.0
17563125.000000 8417600.0
17567840.500000 8419700.0
17572555.500000 8421800.0
17577271.000000 8423900.0
17581987.000000 8426000.0
17586702.500000 8428100.0
17591418.000000 8430200.0
17596134.000000 8432300.0
17600850.000000 8434400.0
17605566.000000 8436500.0
17610282.000000 8438600.0
17614998.000000 8440700.0
17619714.000000 8442800.0
17624430.000000 8444900.0
17629146.500000 8447000.0
17633863.500000 8449100.0
17638580.000000 8451200.0
17643296.500000 8453300.0
17648013.500000 8455400.0
17652730.000000 8457500.0
17657447.000000 8459600.0
17662164.500000 8461700.0
17666881.500000 8463800.0
17671598.000000 8465900.0
17676315.000000 8468000.0
17681033.000000 8470100.0
17685750.500000 8472200.0
17690468.000000 8474300.0
17695185.500000 8476400.0
17699902.500000 8478500.0
17704620.500000 8480600.0
17709339.000000 8482700.0
17714056.500000 8484800.0
17718774.000000 8486900.0
17723492.000000 8489000.0
17728210.000000 8491100.0
17732928.500000 8493200.0
17737647.000000 8495300.0
17742365.500000 8497400.0
17747084.500000 8499500.0
17751803.000000 8501600.0
17756521.500000 8503700.0
17761240.500000 8505800.0
17765959.500000 8507900.0
17770678.000000 8510000.0
17775396.500000 8512100.0
17780115.500000 8514200.0
17784834.500000 8516300.0
17789554.000000 8518400.0
17794273.500000 8520500.0
17798992.500000 8522600.0
17803712.000000 8524700.0
17808432.000000 8526800.0
17813151.500000 8528900.0
17817871.500000 8531000.0
17822591.500000 8533100.0
17827311.000000 8535200.0
17832031.000000 8537300.0
17836750.500000 8539400.0
17841470.500000 8541500.0
17846191.000000 8543600.0
17850911.000000 8545700.0
17855631.000000 8547800.0
17860352.000000 8549900.0
17865073.000000 8552000.0
17869793.500000 8554100.0
17874514.500000 8556200.0
17879235.000000 8558300.0
17883955.500000 8560400.0
17888676.500000 8562500.0
17893397.500000 8564600.0
17898118.500000 8566700.0
17902839.500000 8568800.0
17907561.000000 8570900.0
17912282.500000 8573000.0
17917004.000000 8575100.0
17921726.000000 8577200.0
17926447.000000 8579300.0
17931168.000000 8581400.0
17935890.000000 8583500.0
17940611.500000 8585600.0
17945334.000000 8587700.0
17950056.500000 8589800.0
17954778.000000 8591900.0
17959500.500000 8594000.0
17964223.000000 8596100.0
17968945.000000 8598200.0
17973667.500000 8600300.0
17978390.000000 8602400.0
17983112.000000 8604500.0
17987835.000000 8606600.0
17992558.000000 8608700.0
17997280.500000 8610800.0
18002003.500000 8612900.0
18006726.500000 8615000.0
18011449.500000 8617100.0
18016173.000000 8619200.0
18020896.500000 8621300.0
18025619.500000 8623400.0
18030342.500000 8625500.0
18035066.000000 8627600.0
18039789.500000 8629700.0
18044513.500000 8631800.0
18049237.500000 8633900.0
18053961.000000 8636000.0
18058685.000000 8638100.0
18063409.000000 8640200.0
18068133.000000 8642300.0
18072857.500000 8644400.0
18077582.000000 8646500.0
18082306.000000 8648600.0
18087030.500000 8650700.0
18091755.000000 8652800.0
18096479.500000 8654900.0
18101204.500000 8657000.0
18105928.500000 8659100.0
18110652.000000 8661200.0
18115377.000000 8663300.0
18120102.500000 8665400.0
18124827.500000 8667500.0
18129552.500000 8669600.0
18134277.500000 8671700.0
18139003.000000 8673800.0
18143729.000000 8675900.0
18148454.500000 8678000.0
18153179.500000 8680100.0
18157905.000000 8682200.0
18162630.500000 8684300.0
18167356.000000 8686400.0
18172082.000000 8688500.0
18176808.500000 8690600.0
18181534.500000 8692700.0
18186260.500000 8694800.0
18190987.000000 8696900.0
18195713.000000 8699000.0
18200439.500000 8701100.0
18205166.000000 8703200.0
18209892.000000 8705300.0
18214618.500000 8707400.0
18219345.000000 8709500.0
18224071.500000 8711600.0
18228799.000000 8713700.0
18233525.500000 8715800.0
18238252.000000 8717900.0
18242979.500000 8720000.0
18247706.500000 8722100.0
18252434.000000 8724200.0
18257161.500000 8726300.0
18261888.500000 8728400.0
18266615.500000 8730500.0
18271343.000000 8732600.0
18276071.000000 8734700.0
18280798.500000 8736800.0
18285526.000000 8738900.0
18290254.000000 8741000.0
18294982.000000 8743100.0
18299710.000000 8745200.0
18304438.500000 8747300.0
18309166.500000 8749400.0
18313894.500000 8751500.0
18318623.000000 8753600.0
18323351.000000 8755700.0
18328080.000000 8757800.0
18332808.500000 8759900.0
18337536.500000 8762000.0
18342265.500000 8764100.0
18346994.500000 8766200.0
18351723.500000 8768300.0
18356453.000000 8770400.0
18361182.000000 8772500.0
18365910.500000 8774600.0
18370639.500000 8776700.0
18375368.500000 8778800.0
18380098.000000 8780900.0
18384827.500000 8783000.0
18389557.000000 8785100.0
18394286.500000 8787200.0
18399016.500000 8789300.0
18403747.000000 8791400.0
18408476.500000 8793500.0
18413206.000000 8795600.0
18417936.000000 8797700.0
18422666.000000 8799800.0
18427396.000000 8801900.0
18432126.500000 8804000.0
18436857.000000 8806100.0
18441587.000000 8808200.0
18446317.500000 8810300.0
18451048.000000 8812400.0
18455779.000000 8814500.0
18460510.000000 8816600.0
18465240.000000 8818700.0
18469971.000000 8820800.0
18474702.000000 8822900.0
18479432.500000 8825000.0
18484164.000000 8827100.0
18488896.000000 8829200.0
18493627.000000 8831300.0
18498358.000000 8833400.0
18503089.500000 8835500.0
18507821.000000 8837600.0
18512552.500000 8839700.0
18517284.000000 8841800.0
18522016.000000 8843900.0
18526748.000000 8846000.0
18531480.500000 8848100.0
18536212.500000 8850200.0
18540944.000000 8852300.0
18545676.000000 8854400.0
18550408.000000 8856500.0
18555140.500000 8858600.0
18559873.500000 8860700.0
18564605.500000 8862800.0
18569338.000000 8864900.0
18574071.000000 8867000.0
18578803.500000 8869100.0
18583536.500000 8871200.0
18588269.500000 8873300.0
18593002.000000 8875400.0
18597735.000000 8877500.0
18602468.000000 8879600.0
18607201.000000 8881700.0
18611934.500000 8883800.0
18616667.500000 8885900.0
18621400.500000 8888000.0
18626134.500000 8890100.0
18630868.500000 8892200.0
18635602.000000 8894300.0
18640336.000000 8896400.0
18645069.500000 8898500.0
18649803.000000 8900600.0
18654537.000000 8902700.0
18659271.500000 8904800.0
18664005.500000 8906900.0
18668739.000000 8909000.0
18673473.500000 8911100.0
18678208.000000 8913200.0
18682942.500000 8915300.0
18687677.500000 8917400.0
18692412.000000 8919500.0
18697146.500000 8921600.0
18701881.000000 8923700.0
18706615.500000 8925800.0
18711351.000000 8927900.0
18716086.500000 8930000.0
18720821.000000 8932100.0
18725555.500000 8934200.0
18730291.000000 8936300.0
18735026.500000 8938400.0
18739762.000000 8940500.0
18744497.500000 8942600.0
18749233.000000 8944700.0
18753968.500000 8946800.0
18758704.500000 8948900.0
18763440.500000 8951000.0
18768176.000000 8953100.0
18772912.000000 8955200.0
18777647.500000 8957300.0
18782383.500000 8959400.0
18787120.500000 8961500.0
18791856.500000 8963600.0
18796592.500000 8965700.0
18801329.500000 8967800.0
18806065.500000 8969900.0
18810802.000000 8972000.0
18815539.000000 8974100.0
18820275.500000 8976200.0
18825012.500000 8978300.0
18829749.500000 8980400.0
18834486.500000 8982500.0
18839223.500000 8984600.0
18843960.500000 8986700.0
18848697.500000 8988800.0
18853434.500000 8990900.0
18858172.000000 8993000.0
18862909.500000 8995100.0
18867647.000000 8997200.0
18872385.000000 8999300.0
18877122.500000 9001400.0
18881859.500000 9003500.0
18886597.500000 9005600.0
18891335.500000 9007700.0
18896073.500000 9009800.0
18900812.000000 9011900.0
18905550.000000 9014000.0
18910288.000000 9016100.0
18915026.500000 9018200.0
18919765.000000 9020300.0
18924503.500000 9022400.0
18929242.000000 9024500.0
18933980.500000 9026600.0
18938719.000000 9028700.0
18943458.000000 9030800.0
18948197.000000 9032900.0
18952935.500000 9035000.0
18957674.000000 9037100.0
18962412.500000 9039200.0
18967152.000000 9041300.0
18971891.500000 9043400.0
18976631.000000 9045500.0
18981370.500000 9047600.0
18986110.000000 9049700.0
18990849.500000 9051800.0
18995589.000000 9053900.0
19000328.500000 9056000.0
19005067.500000 9058100.0
19009807.500000 9060200.0
19014548.000000 9062300.0
19019288.000000 9064400.0
19024028.000000 9066500.0
19028768.500000 9068600.0
19033508.500000 9070700.0
19038248.500000 9072800.0
19042989.500000 9074900.0
19047730.000000 9077000.0
19052470.000000 9079100.0
19057210.500000 9081200.0
19061951.500000 9083300.0
19066692.000000 9085400.0
19071433.000000 9087500.0
19076174.500000 9089600.0
19080915.000000 9091700.0
19085655.500000 9093800.0
19090396.500000 9095900.0
19095138.000000 9098000.0
19099879.500000 9100100.0
19104620.500000 9102200.0
19109361.500000 9104300.0
19114103.000000 9106400.0
19118845.000000 9108500.0
19123587.000000 9110600.0
19128329.000000 9112700.0
19133070.500000 9114800.0
19137812.000000 9116900.0
19142554.000000 9119000.0
19147296.000000 9121100.0
19152038.500000 9123200.0
19156781.000000 9125300.0
19161523.000000 9127400.0
19166265.500000 9129500.0
19171008.000000 9131600.0
19175750.000000 9133700.0
19180492.500000 9135800.0
19185235.500000 9137900.0
19189978.500000 9140000.0
19194721.500000 9142100.0
19199464.500000 9144200.0
19204208.000000 9146300.0
19208951.000000 9148400.0
19213693.500000 9150500.0
19218436.500000 9152600.0
19223180.000000 9154700.0
19227923.500000 9156800.0
19232666.500000 9158900.0
19237410.000000 9161000.0
19242153.500000 9163100.0
19246897.500000 9165200.0
19251641.500000 9167300.0
19256385.500000 9169400.0
19261129.500000 9171500.0
19265873.000000 9173600.0
19270617.500000 9175700.0
19275361.500000 9177800.0
19280105.500000 9179900.0
19284850.000000 9182000.0
19289594.000000 9184100.0
19294338.500000 9186200.0
19299083.500000 9188300.0
19303828.000000 9190400.0
19308572.500000 9192500.0
19313317.500000 9194600.0
19318062.000000 9196700.0
19322806.500000 9198800.0
19327551.500000 9200900.0
19332297.000000 9203000.0
19337042.000000 9205100.0
19341787.000000 9207200.0
19346532.500000 9209300.0
19351277.500000 9211400.0
19356023.000000 9213500.0
19360768.500000 9215600.0
19365514.000000 9217700.0
19370260.000000 9219800.0
19375006.000000 9221900.0
19379751.500000 9224000.0
19384497.500000 9226100.0
19389243.500000 9228200.0
19393989.000000 9230300.0
19398735.500000 9232400.0
19403482.000000 9234500.0
19408228.000000 9236600.0
19412974.500000 9238700.0
19417721.000000 9240800.0
19422467.000000 9242900.0
19427213.500000 9245000.0
19431960.500000 9247100.0
19436707.500000 9249200.0
19441454.000000 9251300.0
19446200.500000 9253400.0
19450947.500000 9255500.0
19455694.500000 9257600.0
19460442.000000 9259700.0
19465189.500000 9261800.0
19469936.500000 9263900.0
19474684.000000 9266000.0
19479431.500000 9268100.0
19484179.000000 9270200.0
19488926.500000 9272300.0
19493673.500000 9274400.0
19498421.500000 9276500.0
19503169.500000 9278600.0
19507917.000000 9280700.0
19512665.000000 9282800.0
19517413.000000 9284900.0
19522161.000000 9287000.0
19526909.500000 9289100.0
19531658.000000 9291200.0
19536406.000000 9293300.0
19541154.500000 9295400.0
19545903.000000 9297500.0
19550651.500000 9299600.0
19555400.000000 9301700.0
19560148.500000 9303800.0
19564897.500000 9305900.0
19569646.500000 9308000.0
19574395.500000 9310100.0
19579144.000000 9312200.0
19583893.500000 9314300.0
19588643.500000 9316400.0
19593392.000000 9318500.0
19598141.000000 9320600.0
19602890.500000 9322700.0
19607640.000000 9324800.0
19612390.000000 9326900.0
19617139.500000 9329000.0
19621888.500000 9331100.0
19626638.000000 9333200.0
19631388.000000 9335300.0
19636138.000000 9337400.0
19640888.500000 9339500.0
19645638.500000 9341600.0
19650388.000000 9343700.0
19655138.500000 9345800.0
19659889.000000 9347900.0
19664639.000000 9350000.0
19669389.500000 9352100.0
19674140.000000 9354200.0
19678890.500000 9356300.0
19683641.500000 9358400.0
19688392.000000 9360500.0
19693142.500000 9362600.0
19697893.500000 9364700.0
19702644.500000 9366800.0
19707395.500000 9368900.0
19712147.000000 9371000.0
19716898.500000 9373100.0
19721649.000000 9375200.0
19726400.000000 9377300.0
19731151.500000 9379400.0
19735903.000000 9381500.0
19740655.000000 9383600.0
19745407.000000 9385700.0
19750158.500000 9387800.0
19754910.000000 9389900.0
19759662.000000 9392000.0
19764414.000000 9394100.0
19769166.000000 9396200.0
19773918.000000 9398300.0
19778670.000000 9400400.0
19783422.000000 9402500.0
19788174.000000 9404600.0
19792926.500000 9406700.0
19797679.500000 9408800.0
19802432.000000 9410900.0
19807184.000000 9413000.0
19811937.000000 9415100.0
19816690.000000 9417200.0
19821442.500000 9419300.0
19826195.500000 9421400.0
19830948.500000 9423500.0
19835701.000000 9425600.0
19840454.000000 9427700.0
19845207.500000 9429800.0
19849960.500000 9431900.0
19854714.000000 9434000.0
19859467.500000 9436100.0
19864220.500000 9438200.0
19868974.500000 9440300.0
19873728.500000 9442400.0
19878482.000000 9444500.0
19883236.000000 9446600.0
19887990.000000 9448700.0
19892743.500000 9450800.0
19897497.500000 9452900.0
19902252.000000 9455000.0
19907006.000000 9457100.0
19911760.500000 9459200.0
19916515.000000 9461300.0
19921269.500000 9463400.0
19926024.000000 9465500.0
19930778.000000 9467600.0
19935532.000000 9469700.0
19940287.000000 9471800.0
19945042.000000 9473900.0
19949796.500000 9476000.0
19954552.000000 9478100.0
19959307.000000 9480200.0
19964061.500000 9482300.0
19968817.000000 9484400.0
19973572.500000 9486500.0
19978327.500000 9488600.0
19983083.000000 9490700.0
19987838.000000 9492800.0
19992592.500000 9494900.0
19997348.500000 9497000.0
20002104.500000 9499100.0
20006860.000000 9501200.0
20011616.000000 9503300.0
20016372.000000 9505400.0
20021128.000000 9507500.0
20025884.500000 9509600.0
20030640.500000 9511700.0
20035396.000000 9513800.0
20040152.500000 9515900.0
20044909.500000 9518000.0
20049666.000000 9520100.0
20054422.000000 9522200.0
20059178.500000 9524300.0
20063935.000000 9526400.0
20068691.500000 9528500.0
20073448.000000 9530600.0
20078204.500000 9532700.0
20082962.000000 9534800.0
20087719.000000 9536900.0
20092475.500000 9539000.0
20097233.000000 9541100.0
20101990.500000 9543200.0
20106747.500000 9545300.0
20111505.000000 9547400.0
20116262.000000 9549500.0
20121018.500000 9551600.0
20125776.500000 9553700.0
20130534.500000 9555800.0
20135292.000000 9557900.0
20140050.000000 9560000.0
20144808.000000 9562100.0
20149566.000000 9564200.0
20154324.000000 9566300.0
20159082.000000 9568400.0
20163840.000000 9570500.0
20168598.000000 9572600.0
20173356.500000 9574700.0
20178115.000000 9576800.0
20182873.500000 9578900.0
20187632.500000 9581000.0
20192390.500000 9583100.0
20197149.000000 9585200.0
20201908.500000 9587300.0
20206666.500000 9589400.0
20211425.000000 9591500.0
20216184.500000 9593600.0
20220943.500000 9595700.0
20225702.500000 9597800.0
20230461.500000 9599900.0
20235221.000000 9602000.0
20239980.500000 9604100.0
20244739.500000 9606200.0
20249499.000000 9608300.0
20254259.000000 9610400.0
20259018.500000 9612500.0
20263778.000000 9614600.0
20268538.000000 9616700.0
20273298.000000 9618800.0
20278058.000000 9620900.0
20282817.500000 9623000.0
20287577.500000 9625100.0
20292337.500000 9627200.0
20297097.500000 9629300.0
20301858.000000 9631400.0
20306618.500000 9633500.0
20311379.000000 9635600.0
20316139.500000 9637700.0
20320900.000000 9639800.0
20325660.500000 9641900.0
20330421.500000 9644000.0
20335182.000000 9646100.0
20339943.000000 9648200.0
20344704.000000 9650300.0
20349464.000000 9652400.0
20354225.000000 9654500.0
20358986.500000 9656600.0
20363748.000000 9658700.0
20368509.500000 9660800.0
20373270.500000 9662900.0
20378032.000000 9665000.0
20382794.000000 9667100.0
20387555.500000 9669200.0
20392317.000000 9671300.0
20397078.500000 9673400.0
20401840.000000 9675500.0
20406602.000000 9677600.0
20411364.000000 9679700.0
20416126.000000 9681800.0
20420888.000000 9683900.0
20425650.500000 9686000.0
20430413.000000 9688100.0
20435175.000000 9690200.0
20439937.500000 9692300.0
20444700.500000 9694400.0
20449462.500000 9696500.0
20454224.500000 9698600.0
20458987.000000 9700700.0
20463750.000000 9702800.0
20468513.500000 9704900.0
20473276.000000 9707000.0
20478038.500000 9709100.0
20482802.000000 9711200.0
20487565.000000 9713300.0
20492328.000000 9715400.0
20497091.500000 9717500.0
20501854.500000 9719600.0
20506617.500000 9721700.0
20511381.000000 9723800.0
20516145.000000 9725900.0
20520908.500000 9728000.0
20525672.000000 9730100.0
20530436.000000 9732200.0
20535200.000000 9734300.0
20539964.000000 9736400.0
20544728.000000 9738500.0
20549491.500000 9740600.0
20554255.500000 9742700.0
20559020.000000 9744800.0
20563784.000000 9746900.0
20568548.500000 9749000.0
20573313.000000 9751100.0
20578077.000000 9753200.0
20582841.500000 9755300.0
20587606.500000 9757400.0
20592371.000000 9759500.0
20597136.000000 9761600.0
20601901.000000 9763700.0
20606665.500000 9765800.0
20611430.500000 9767900.0
20616195.500000 9770000.0
20620960.500000 9772100.0
20625726.000000 9774200.0
20630491.000000 9776300.0
20635256.000000 9778400.0
20640022.000000 9780500.0
20644787.500000 9782600.0
20649553.000000 9784700.0
20654318.500000 9786800.0
20659084.000000 9788900.0
20663849.500000 9791000.0
20668615.500000 9793100.0
20673382.000000 9795200.0
20678147.500000 9797300.0
20682913.000000 9799400.0
20687679.000000 9801500.0
20692445.000000 9803600.0
20697212.000000 9805700.0
20701979.000000 9807800.0
20706745.000000 9809900.0
20711511.500000 9812000.0
20716278.000000 9814100.0
20721044.500000 9816200.0
20725811.500000 9818300.0
20730578.000000 9820400.0
20735344.500000 9822500.0
20740111.500000 9824600.0
20744878.500000 9826700.0
20749645.500000 9828800.0
20754412.500000 9830900.0
20759179.500000 9833000.0
20763947.000000 9835100.0
20768714.500000 9837200.0
20773482.000000 9839300.0
20778249.500000 9841400.0
20783017.000000 9843500.0
20787784.500000 9845600.0
20792551.500000 9847700.0
20797319.500000 9849800.0
20802088.000000 9851900.0
20806855.500000 9854000.0
20811623.500000 9856100.0
20816392.000000 9858200.0
20821160.000000 9860300.0
20825928.500000 9862400.0
20830697.000000 9864500.0
20835465.000000 9866600.0
20840233.000000 9868700.0
20845001.000000 9870800.0
20849769.500000 9872900.0
20854538.500000 9875000.0
20859307.000000 9877100.0
20864075.500000 9879200.0
20868844.500000 9881300.0
20873613.500000 9883400.0
20878382.500000 9885500.0
20883152.000000 9887600.0
20887921.500000 9889700.0
20892690.000000 9891800.0
20897459.000000 9893900.0
20902228.500000 9896000.0
20906997.500000 9898100.0
20911767.000000 9900200.0
20916537.000000 9902300.0
20921306.500000 9904400.0
20926076.000000 9906500.0
20930846.000000 9908600.0
20935616.000000 9910700.0
20940386.000000 9912800.0
20945155.500000 9914900.0
20949925.000000 9917000.0
20954695.500000 9919100.0
20959466.000000 9921200.0
20964236.000000 9923300.0
20969006.000000 9925400.0
20973776.500000 9927500.0
20978547.000000 9929600.0
20983317.500000 9931700.0
20988088.500000 9933800.0
20992859.000000 9935900.0
20997629.500000 9938000.0
21002400.500000 9940100.0
21007171.500000 9942200.0
21011942.500000 9944300.0
21016713.500000 9946400.0
21021484.500000 9948500.0
21026255.500000 9950600.0
21031027.000000 9952700.0
21035798.500000 9954800.0
21040569.500000 9956900.0
21045341.000000 9959000.0
21050112.500000 9961100.0
21054884.000000 9963200.0
21059656.000000 9965300.0
21064427.500000 9967400.0
21069199.000000 9969500.0
21073971.000000 9971600.0
21078742.500000 9973700.0
21083515.000000 9975800.0
21088287.500000 9977900.0
21093059.500000 9980000.0
21097832.000000 9982100.0
21102604.000000 9984200.0
21107376.000000 9986300.0
21112148.500000 9988400.0
21116921.500000 9990500.0
21121693.500000 9992600.0
21126465.500000 9994700.0
21131238.500000 9996800.0
