1 14.1347251417348900304205017164349556
2 21.0220396388392458675298257730901241
3 25.0108575779062931587759521789848804
4 30.4248761541664585195121617289260030
5 32.9350616400806615047258674167096615
6 37.5861770208319398989260662347078323
7 40.9187160909778597783770237583667040
8 43.3270742709445286777736328076571226
9 48.0051510630425042336355545558035374
10 49.7738350687533426253139623440802097
11 52.9703232881465737591497600078582764
12 56.4462491165477757704138639383018017
13 59.3470440431402579406494623981416225
14 60.8317768003997230152890551835298538
15 65.1125449681901500298408791422843933
16 67.0798092701752040056817349977791309
17 69.5463996485298565630728262476623058
18 72.0671569481877014595738728530704975
19 75.7046890577266822219826281070709229
20 77.1448383973316254014207515865564346
21 79.3373760690361109482182655483484268
22 82.9103814886094596658949740231037140
23 84.7354940670707605931966099888086319
24 87.4252762928788342833286151289939880
25 88.8091129109895973670063540339469910
26 92.4919004252366221408010460436344147
27 94.6513447324022365592099959030747414
28 95.8706332464972774687339551746845245
29 98.8311937336356720607000170275568962
30 101.3178521221585413059074198827147484
31 103.7255376207272377087065251544117928
32 105.4466225768560718734079273417592049
33 107.1686105809111779763043159618973732
34 111.0295342086902792289038188755512238
35 111.8746571981870658873958745971322060
36 114.3202209730826552913640625774860382
37 116.2266797369755693125625839456915855
38 118.7907829604469895912188803777098656
39 121.3701229659214959610835649073123932
40 122.9468306097027721079939510673284531
41 124.2568201723628362742601893842220306
42 127.5166842467575065711571369320154190
43 129.5787031954456836047029355540871620
44 131.0876897592831653582834405824542046
45 133.4977379996738306999759515747427940
46 134.7565094481047651697736000642180443
47 138.1160427523637679314560955390334129
48 139.7362106914075354779924964532256126
49 141.1237088631077938316593645140528679
50 143.1118451827460091863031266257166862
51 146.0009821046694753476913319900631905
52 147.4227645710193712602631421759724617
53 150.0535191236824346106004668399691582
54 150.9252559320676425613783067092299461
55 153.0246929557765440677030710503458977
56 156.1129091473365804176864912733435631
57 157.5975910015984595702320802956819534
58 158.8499881177912982366251526400446892
59 161.1889645615233064290805486962199211
60 163.0307096024764348385360790416598320
61 165.5370693259581003076164051890373230
62 167.1844397405463666927971644327044487
63 169.0945170546698363978066481649875641
64 169.9119770460725646898936247453093529
65 173.4115371005640042767481645569205284
66 174.7541927463434205947123700752854347
67 176.4414351990118632329540560021996498
68 178.3774087502738723287620814517140388
69 179.9164850329209741630620555952191353
70 182.2070788556248714940011268481612206
71 184.8744691799264785458944970741868019
72 185.5987822234724831105268094688653946
73 187.2289222379697264386777533218264580
74 189.4161581712858719583891797810792923
75 192.0266577085494361654127715155482292
76 193.0797255048627505402691895142197609
77 195.2653965356797698404989205300807953
78 196.8764808179893464057386154308915138
79 198.0153093253206009194400394335389137
80 201.2647512010782691049826098605990410
81 202.4935930999593836077110609039664268
82 204.1896703041253715582570293918251991
83 205.3946978349981407063751248642802238
84 207.9062580872694354638952063396573067
85 209.5765097613417253796797012910246849
86 211.6908615136981666182691697031259537
87 213.3479197876576449743879493325948715
88 214.5470457954174321457685437053442001
89 216.1695387573892901400540722534060478
90 219.0675958301295622732141055166721344
91 220.7149204710488277214608388021588326
92 221.4307063692396866372291697189211845
93 224.0070008987010794498928589746356010
94 224.9833245099481189299694960936903954
95 227.4214448199810476580751128494739532
96 229.3374139615284263982175616547465324
97 231.2501905069620136146113509312272072
98 231.9872335505233991170825902372598648
99 233.6934036629999695833248551934957504
100 236.5242297147646581834123935550451279
101 237.7698202690048390195443062111735344
102 239.5554767426762623472313862293958664
103 241.0491568654649370273546082898974419
104 242.8232714896898016831983113661408424
105 244.0708984629894757745205424726009369
106 247.1369909781024887251987820491194725
107 248.1019891854221555149706546217203140
108 249.5736886127129423584847245365381241
109 251.0149469196218774413864593952894211
110 253.0699865529405485631286865100264549
111 255.3062564164925731802213704213500023
112 256.3807141775479294665274210274219513
113 258.6104382963746957102557644248008728
114 259.8744082825329542174586094915866852
115 260.8050854093501129682408645749092102
116 263.5738942729535665421281009912490845
117 265.5578513986515645228791981935501099
118 266.6149742392052530703949742019176483
119 267.9219154421580242342315614223480225
120 269.9704496556246340333018451929092407
121 271.4940557223982295909081585705280304
122 273.4596097493963497981894761323928833
123 275.5874936774276875439682044088840485
124 276.4520495780317332901176996529102325
125 278.2507447090600862793507985770702362
126 279.2292502994382630276959389448165894
127 282.4651154809823765390319749712944031
128 283.2111845705526320671197026968002319
129 284.8359635503809386136708781123161316
130 286.6674460471549537032842636108398438
131 287.9119197224307526994380168616771698
132 289.5798544563635914528276771306991577
133 291.8462908764868188882246613502502441
134 293.5584339639234485730412416160106659
135 294.9653682057600008192821405827999115
136 295.5732561016485533400555141270160675
137 297.9792765594755792335490696132183075
138 299.8403257131525379008962772786617279
139 301.6493245235772064916091039776802063
140 302.6967503136207824354642070829868317
141 304.8643702883199466668884269893169403
142 305.7289126267804704184527508914470673
143 307.2194965816009926129481755197048187
144 310.1094623502601734799100086092948914
145 311.1651425253478464583167806267738342
146 312.4278021747807088104309514164924622
147 313.9852861556489642680389806628227234
148 315.4756164507259654783410951495170593
149 317.7348059620549065584782510995864868
150 318.8531044435793546654167585074901581
151 321.1601346639149596740026026964187622
152 322.1445582984697466599754989147186279
153 323.4669693464502415736205875873565674
154 324.8628660776730612269602715969085693
155 327.4439016074639994258177466690540314
156 329.0330729047886961780022829771041870
157 329.9532386445658858065144158899784088
158 331.4744669813089785748161375522613525
159 333.6453797666811169619904831051826477
160 334.2113547007249962916830554604530334
161 336.8418505922866188484476879239082336
162 338.3399921771072058618301525712013245
163 339.8582158615572552662342786788940430
164 341.0422598458720813141553662717342377
165 342.0548780887368138792226091027259827
166 344.6617026192017192443017847836017609
167 346.3478698836322564602596685290336609
168 347.2726774657177202243474312126636505
169 349.3162600197822484915377572178840637
170 350.4084199529328316202736459672451019
171 351.8786491748666094281361438333988190
172 353.4889008323899588503991253674030304
173 356.0175742226988404581788927316665649
174 357.1513006476988039139541797339916229
175 357.9526859202090918188332580029964447
176 359.7437555120840215749922208487987518
177 361.2893618454705801923410035669803619
178 363.3313309328887044102884829044342041
179 364.7360244048772983660455793142318726
180 366.2127107847493334702448919415473938
181 367.9935763568024640335352160036563873
182 368.9684394660554289657738991081714630
183 370.0509186571108557473053224384784698
184 373.0619283611471246331348083913326263
185 373.8648736215765211454709060490131378
186 375.8259145662407263444038107991218567
187 376.3240914928202300870907492935657501
188 378.4366799467519513200386427342891693
189 379.8729752704858810830046422779560089
190 381.4844682252564780355896800756454468
191 383.4435295767972320390981622040271759
192 384.9561157844232184288557618856430054
193 385.8612999850529376999475061893463135
194 387.2228895882848291876143775880336761
195 388.8461284429815805196994915604591370
196 391.4560836235241367830894887447357178
197 392.2450821663278475170955061912536621
198 393.4277441496199116954812780022621155
199 395.5828690784443324446328915655612946
200 396.3818534483846178773092105984687805
201 397.9187365236083451236481778323650360
202 399.9851194965627882993430830538272858
203 401.8392282193726714467629790306091309
204 402.8619177665788129161228425800800323
205 404.2364413558989326702430844306945801
206 405.1343876568109863001154735684394836
207 407.5814602767103451697039417922496796
208 408.9472459783175963821122422814369202
209 410.5138696612378907957463525235652924
210 411.9722680346336574075394310057163239
211 413.2627364935389095990103669464588165
212 415.0188111274452467114315368235111237
213 415.4552149901887787564191967248916626
214 418.3877061543593072201474569737911224
215 419.8613653808002936784760095179080963
216 420.6438267693785064693656750023365021
217 422.0767098673862847135751508176326752
218 423.7165800490103038100642152130603790
219 425.0698821141285179692204110324382782
220 427.2088256429253760870778933167457581
221 428.1279135657388223989983089268207550
222 430.3287459103596575005212798714637756
223 431.3013068343522036229842342436313629
224 432.1386419856461316157947294414043427
225 433.8892181692831400141585618257522583
226 436.1610060661631678158300928771495819
227 437.5816974526038620751933194696903229
228 438.6217376725523990899091586470603943
229 439.9184425290642366235260851681232452
230 441.6831987476223275734810158610343933
231 442.9045458161583610490197315812110901
232 444.3193365446863936085719615221023560
233 446.8606221331149299658136442303657532
234 447.4417031188876308078761212527751923
235 449.1485457970958350415457971394062042
236 450.1269463912040009745396673679351807
237 451.4033086836797110663610510528087616
238 453.9867374756180424810736440122127533
239 454.9746836519369708184967748820781708
240 456.3284272536398020747583359479904175
241 457.9038935218205779165145941078662872
242 459.5134162118943095265422016382217407
243 460.0879438247430925912340171635150909
244 462.0653675870438519268645904958248138
245 464.0572872344457664439687505364418030
246 465.6715400219392222425085492432117462
247 466.5702884753080752489040605723857880
248 467.4390454012836926267482340335845947
249 469.5360047950885018508415669202804565
250 470.7736557510289685524185188114643097
251 472.7991749006774853114620782434940338
252 473.8352323989039405205403454601764679
253 475.6003389352116528243641369044780731
254 476.7690146219329108134843409061431885
255 478.0752632993313682163716293871402740
256 478.9421809401308109954698011279106140
257 481.8303397182606886417488567531108856
258 482.8347830336314245869289152324199677
259 483.8514268017479480477049946784973145
260 485.5391474202820063510444015264511108
261 486.5287176054523570201126858592033386
262 488.3805668045986294600879773497581482
263 489.6617612243754820156027562916278839
264 491.3988215602621494326740503311157227
265 493.3144405937741794332396239042282104
266 493.9579970084473643510136753320693970
267 495.3588295262733254276099614799022675
268 496.4296967082884748379001393914222717
269 498.5807821550624794326722621917724609
270 500.3090848487865969218546524643898010
271 501.6044464176384281017817556858062744
272 502.2762711029748743385425768792629242
273 504.4997736132075942805386148393154144
274 505.4152325777599799039307981729507446
275 506.4641532376734858189593069255352020
276 508.8007005585936894931364804506301880
277 510.2642279470966286680777557194232941
278 511.5622904662966448086081072688102722
279 512.6231452512627129181055352091789246
280 513.6689858422053021058673039078712463
281 515.4350570708884333726018667221069336
282 517.5896691087320959923090413212776184
283 518.2342237616755937779089435935020447
284 520.1063105908408488176064565777778625
285 521.5251941943504334631143137812614441
286 522.4566954922863715182757005095481873
287 523.9605304132735454913927242159843445
288 525.0773853424227581854211166501045227
289 527.9036423358036245190305635333061218
290 528.4062127898325798014411702752113342
291 529.8062260392373445938574150204658508
292 530.8669177819522246863925829529762268
293 532.6881825719719927292317152023315430
294 533.7796303055647513247095048427581787
295 535.6643137432492949301376938819885254
296 537.0697586329424666473641991615295410
297 538.4285261286795503110624849796295166
298 540.2131646191276104218559339642524719
299 540.6313907045046107668895274400711060
300 541.8474371710544801317155361175537109
301 544.3238898288670952751999720931053162
302 545.6368327085658620489994063973426819
303 547.0109122858193586580455303192138672
304 547.9316139822665263636736199259757996
305 549.4975674845045432448387145996093750
306 550.9700105539031937951222062110900879
307 552.0495726518529409077018499374389648
308 553.7649722804294469824526458978652954
309 555.7920206131500435731140896677970886
310 556.8994767169740498502505943179130554
311 557.5646603958170999248977750539779663
312 559.3162374641549376974580809473991394
313 560.2408075850044042454101145267486572
314 562.5592078632269021909451112151145935
315 564.1608803356707539933267980813980103
316 564.5060559398443729151040315628051758
317 566.6987879327466544054914265871047974
318 567.7317580042779354698723182082176208
319 568.9239553414922738738823682069778442
320 570.0511144985393912065774202346801758
321 572.4199844441693585395114496350288391
322 573.6146100675587149453349411487579346
323 575.0938857695489332400029525160789490
324 575.8072460135651908785803243517875671
325 577.0390029935176698927534744143486023
326 579.0988343358797010296257212758064270
327 580.1369589577100214228266850113868713
328 581.9465759228185106621822342276573181
329 583.2360876960078712727408856153488159
330 584.5617053492660488700494170188903809
331 585.9845628148984815197763964533805847
332 586.7427723467512805655132979154586792
333 588.1396632398289057164220139384269714
334 590.6603971134961739153368398547172546
335 591.7258571814779770647874101996421814
336 592.5713579007731368619715794920921326
337 593.9747151304263752535916864871978760
338 595.7281533509899418277200311422348022
339 596.3627688828923965047579258680343628
340 598.4930775370771698362659662961959839
341 599.5456406381899796542711555957794189
342 601.6021370763510276447050273418426514
343 602.5791687431624268356245011091232300
344 603.6256198666717409651027992367744446
345 604.6162190876937074790475890040397644
346 606.3834605797562744555762037634849548
347 608.4132173014897944085532799363136292
348 609.3895753409244662179844453930854797
349 610.8391635731875339843099936842918396
350 611.7742099990309725399129092693328857
351 613.5997787717799383244710043072700500
352 614.6462378245716990932123735547065735
353 615.5385630677062636095797643065452576
354 618.1128316389820156473433598875999451
355 619.1844830372565411380492150783538818
356 620.2728940811928168841404840350151062
357 621.7092937668980994203593581914901733
358 622.3750021612029286188771948218345642
359 624.2698999738527163572143763303756714
360 626.0192831773929356131702661514282227
361 627.2683965964852177421562373638153076
362 628.3258623301485386036802083253860474
363 630.4738870278986269113374873995780945
364 630.8057797770759407285368070006370544
365 632.2251406150664934102678671479225159
366 633.5468583548288279416738077998161316
367 635.5238000812942118500359356403350830
368 637.3971920805449826730182394385337830
369 637.9255139507863532344345003366470337
370 638.9279385042459580290596932172775269
371 640.6947949792038343730382621288299561
372 641.9454998884723408991703763604164124
373 643.2788837838609197206096723675727844
374 644.9905784388056417810730636119842529
375 646.3481916389403068023966625332832336
376 647.7617525635200763645116239786148071
377 648.7864015462923816812690347433090210
378 650.1975203350609717745101079344749451
379 650.6686840272168410592712461948394775
380 653.6495716854374222748447209596633911
381 654.3019212934284496441250666975975037
382 655.7094633919070929550798609852790833
383 656.9640848439744331699330359697341919
384 658.1756147442299607064342126250267029
385 659.6638464743909935350529849529266357
386 660.7167323080552705505397170782089233
387 662.2965865398202822689199820160865784
388 664.2446048038584649475524201989173889
389 665.3427633347710070665925741195678711
390 666.5151482633893920137779787182807922
391 667.1484941606172469619195908308029175
392 668.9758485309789648454170674085617065
393 670.3235850530040806916076689958572388
394 672.4581834919101765990490093827247620
395 673.0435774540521833841921761631965637
396 674.3558974042609861498931422829627991
397 676.1396738245518918120069429278373718
398 677.2301795869093439250718802213668823
399 677.8004447937839813675964251160621643
400 679.7421979028013083734549582004547119
401 681.8949913560256845812546089291572571
402 682.6027342392133050452684983611106873
403 684.0135497222943286033114418387413025
404 684.9726300739976068143732845783233643
405 686.1632236259058572613866999745368958
406 687.9615433223220861691515892744064331
407 689.3689412530338813667185604572296143
408 690.4747349345088878180831670761108398
409 692.4516842044815803092205896973609924
410 693.1769706070722349977586418390274048
411 694.5339087360644043656066060066223145
412 695.7263363935539928206708282232284546
413 696.6260700244233703415375202894210815
414 699.1320957361899672832805663347244263
415 700.2967396703318172512808814644813538
416 701.3017437751968827797099947929382324
417 702.2273437317530806467402726411819458
418 704.0338396189767991018015891313552856
419 705.1258143315938013984123244881629944
420 706.1846550198051772895269095897674561
421 708.2690711686334452679147943854331970
422 709.2295888079227097477996721863746643
423 711.1302745459163361374521628022193909
424 711.9002894386783282243413850665092468
425 712.7493827382179460983024910092353821
426 714.0827716636590594134759157896041870
427 716.1123963942388854775344952940940857
428 717.4825698880015352187911048531532288
429 718.7427860074840282322838902473449707
430 719.6971004876850201981142163276672363
431 721.3511620546569247380830347537994385
432 722.2775045622945526702096685767173767
433 723.8458205453846403543138876557350159
434 724.5626138158659159671515226364135742
435 727.0564029470012883393792435526847839
436 728.4054806259955512359738349914550781
437 728.7587492599191136832814663648605347
438 730.4164815563733554881764575839042664
439 731.4173552289234976342413574457168579
440 732.8180526829455629922449588775634766
441 734.7896431771748666506027802824974060
442 735.7654592626386147458106279373168945
443 737.0529287536103311140323057770729065
444 738.5804214608285747090121731162071228
445 739.9095237470173742622137069702148438
446 740.5738083146495682740351185202598572
447 741.7573358759805159934330731630325317
448 743.8950132408888293866766616702079773
449 745.3449893427514325594529509544372559
450 746.4993065046478477597702294588088989
451 747.6745646710196524509228765964508057
452 748.2427545974935583217302337288856506
453 750.6559513056824926025001332163810730
454 750.9663804601664196525234729051589966
455 752.8876218232674091268563643097877502
456 754.3223705493139732425333932042121887
457 755.8393095065678153332555666565895081
458 756.7682490182160108815878629684448242
459 758.1017288041234678530599921941757202
460 758.9002376375196945446077734231948853
461 760.2823668334337980923010036349296570
462 762.7000335091058786929352208971977234
463 763.5930663030812866054475307464599609
464 764.3075221555068310408387333154678345
465 766.0875396952674236672464758157730103
466 767.2184716487254263483919203281402588
467 768.2814613687332894187420606613159180
468 769.6934071472301184257958084344863892
469 771.0708391040288915974088013172149658
470 772.9616176956103572592837736010551453
471 774.1177439605480685713700950145721436
472 775.0478464250634260679362341761589050
473 775.9997116748465941782342270016670227
474 777.2997482523546750599052757024765015
475 779.1570767521138805022928863763809204
476 780.3489247242921464930986985564231873
477 782.1376637898536046122899278998374939
478 782.5979446373528389813145622611045837
479 784.2888223306636064080521464347839355
480 785.7390900589459761249599978327751160
481 786.4611482076550146302906796336174011
482 787.4684641331330112734576687216758728
483 790.0590923156173630559351295232772827
484 790.8316208235812609927961602807044983
485 792.4277068688729741552378982305526733
486 792.8886535856445334502495825290679932
487 794.4837922431358947505941614508628845
488 795.6065964669076038262574002146720886
489 797.2634701589834094193065539002418518
490 798.7075705289796587749151512980461121
491 799.6543365385930428601568564772605896
492 801.6042469447977509844349697232246399
493 802.5419856469616206595674157142639160
494 803.2430960231495191692374646663665771
495 804.7622394476700264931423589587211609
496 805.8616354422888434783089905977249146
497 808.1518151930679323413642123341560364
498 809.1977832004506581142777577042579651
499 810.0818043625690734188538044691085815
500 811.1843585168937806884059682488441467
501 812.7711086339338635298190638422966003
502 814.0459131721988796925870701670646667
503 814.8705392586371090146712958812713623
504 816.7277377970210636703995987772941589
505 818.3806687300771045556757599115371704
506 819.2046416813193445705110207200050354
507 820.7218985886199789092643186450004578
508 821.7134533620626370975514873862266541
509 822.1977581795472360681742429733276367
510 824.5262937729755776672391220927238464
511 826.0392869830598101543728262186050415
512 826.9058105765313939627958461642265320
513 828.3401738669067526643630117177963257
514 829.4370111262619502667803317308425903
515 830.8958836969891308399382978677749634
516 831.7997775356134297908283770084381104
517 833.0036411799053439608542248606681824
518 834.6519151658803821192122995853424072
519 836.6935759791192595002939924597740173
520 837.3473358515941527002723887562751770
521 838.2490227416374182212166488170623779
522 839.4653951629547918855678290128707886
523 841.0363901325779352191602811217308044
524 842.0413544366685982822673395276069641
525 844.1661962204393603315111249685287476
526 844.8059942084346403134986758232116699
527 846.1947702512286468845559284090995789
528 847.9717173843869204574730247259140015
529 848.4892806842219670215854421257972717
530 849.8622745199363635038025677204132080
531 850.6454482821434339712141081690788269
532 853.1631128479709786915918812155723572
533 854.0955120895694108185125514864921570
534 855.2867107642746304918546229600906372
535 856.4841170590927958983229473233222961
536 857.3107400895792125083971768617630005
537 858.9040264856762405543122440576553345
538 860.4106705682881965913111343979835510
539 861.1710978942383007961325347423553467
540 863.1897199817194632487371563911437988
541 864.3408235279960081243189051747322083
542 865.5946638615669144201092422008514404
543 866.4237392084953626181231811642646790
544 867.6931222349571726226713508367538452
545 868.6704943279657982202479615807533264
546 870.8469022703111477312631905078887939
547 872.1887503600773925427347421646118164
548 873.0989784203320596134290099143981934
549 873.9083891888774360268143936991691589
550 875.9852847254176140268100425601005554
551 876.6008262836319318012101575732231140
552 877.6546985703964764979900792241096497
553 879.3809517694198802928440272808074951
554 880.8346488423633218189934268593788147
555 882.3866961737596739112632349133491516
556 883.4303309481679207237903028726577759
557 884.1987438947908231057226657867431641
558 885.2723048769316847028676420450210571
559 886.8528020331932566477917134761810303
560 888.4755668790471645479556173086166382
561 889.7352944567710437695495784282684326
562 890.8131322734197965473867952823638916
563 892.3864337726806752471020445227622986
564 893.1191179830825603858102113008499146
565 894.8862924900201960554113611578941345
566 895.3979190278373607725370675325393677
567 896.6322514365340339281829074025154114
568 899.2215223180521661561215296387672424
569 899.8588848377435169823002070188522339
570 900.8497399191862768930150195956230164
571 902.2432080827877598494524136185646057
572 903.0996746561552299681352451443672180
573 904.7029026388784131995635107159614563
574 905.8299407308561512763844802975654602
575 907.6567293894947852095356211066246033
576 908.3335432515966658684192225337028503
577 910.1863343905504279973683878779411316
578 911.2349508758970841881819069385528564
579 912.3310445762044764705933630466461182
580 912.8239991262373678182484582066535950
581 914.7300968724723588820779696106910706
582 916.3550006187183498695958405733108521
583 917.8253775875377868942450731992721558
584 918.8365351430193186388351023197174072
585 919.4483448648686589876888319849967957
586 921.1563952008161777484929189085960388
587 922.5006288883664637978654354810714722
588 923.2857201502110910951159894466400146
589 924.7734838927065084135392680764198303
590 926.5515525996593169111292809247970581
591 927.8508586385514718131162226200103760
592 928.6636593507157613203162327408790588
593 929.8740926239479449577629566192626953
594 931.0092118265140470612095668911933899
595 931.8527409607279423653380945324897766
596 934.3853064606762472976697608828544617
597 934.9954253961127506045158952474594116
598 936.2286497236045761383138597011566162
599 937.5329258492813551129074767231941223
600 939.0243015100566026376327499747276306
601 939.6609408746612643881235271692276001
602 941.1570000150240957736968994140625000
603 942.0523419057190039893612265586853027
604 944.1880359971412417507963255047798157
605 945.3335627718881823966512456536293030
606 946.7658436253309446328785270452499390
607 947.0791817058886863378575071692466736
608 948.3466461076086488901637494564056396
609 950.1516129868862208240898326039314270
610 951.0332484899893188412534072995185852
611 952.7279887958213748788693919777870178
612 954.1297197373316976154455915093421936
613 954.8293084880845071893418207764625549
614 956.6754797308569777669617906212806702
615 957.5100527434972264018142595887184143
616 958.4145931114994709787424653768539429
617 959.4591686838846271712100133299827576
618 961.6695726119041864876635372638702393
619 963.1820865208153463754570111632347107
620 963.5670393572229386336402967572212219
621 965.0555792715495044831186532974243164
622 966.1107548437778405059361830353736877
623 967.3711535941210968303494155406951904
624 968.6363016590307779551949352025985718
625 970.1256105147579091863008216023445129
626 971.0714915243943323730491101741790771
627 973.1853612341924417705740779638290405
628 973.8730781675499201810453087091445923
629 974.7746355268593561049783602356910706
630 976.1785023156210172601277008652687073
631 976.9172023755636473651975393295288086
632 978.7666716326052664953749626874923706
633 980.5780002090016296278918161988258362
634 981.2886149590697186795296147465705872
635 982.3964856189961665222654119133949280
636 983.5750763262408327136654406785964966
637 985.1869284458700803952524438500404358
638 986.1305156502126010309439152479171753
639 986.7560082691957177303265780210494995
640 988.9926223497236605908256024122238159
641 990.2239181099598681612405925989151001
642 991.3742945691219574655406177043914795
643 992.7286968058660932001657783985137939
644 993.2145818372355279279872775077819824
645 994.4045903276853550778469070792198181
646 996.2053363556458407401805743575096130
647 997.5119346937485715898219496011734009
648 998.8275473222490745683899149298667908
649 999.7915716705342674686107784509658813
650 1001.3494830347785864432808011770248413
651 1002.4043052278545928857056424021720886
652 1003.2678077566959018440684303641319275
653 1004.6750441504743776022223755717277527
654 1005.5434202304159043706022202968597412
655 1008.0067046512988326867343857884407043
656 1008.7957103243516030488535761833190918
657 1009.8065900220469757186947390437126160
658 1010.5697567407160022412426769733428955
659 1012.4100424211612789804348722100257874
660 1013.0586376630487848160555586218833923
661 1014.6896324298893432569457218050956726
662 1016.0601787317814341804478317499160767
663 1017.2664022914875658898381516337394714
664 1018.6055722216074173047672957181930542
665 1019.9124392495671145297819748520851135
666 1020.9174741414171876385807991027832031
667 1021.5443451440407898189732804894447327
668 1022.8852710563451182679273188114166260
669 1025.2657238631154541508294641971588135
670 1025.7079448158042396244127303361892700
671 1027.4676929684364949935115873813629150
672 1028.1289642150823055999353528022766113
673 1029.2272977448415076651144772768020630
674 1030.8973688696601129777263849973678589
675 1031.8331805190809973282739520072937012
676 1032.8128830495297734159976243972778320
677 1034.6129156499723649176303297281265259
678 1036.1959170344907761318609118461608887
679 1037.0247081531088042538613080978393555
680 1038.0877527677243961079511791467666626
681 1039.0774018236525080283172428607940674
682 1040.2640382267986751685384660959243774
683 1041.6215280120400166197214275598526001
684 1043.6239544283052964601665735244750977
685 1044.5149763037370576057583093643188477
686 1045.1070418315830465871840715408325195
687 1047.0898178801635367562994360923767090
688 1047.9871480480151149095036089420318604
689 1048.9537847167002837522886693477630615
690 1049.9962839757467918389011174440383911
691 1051.5765718884199486637953668832778931
692 1053.2457851246149402868468314409255981
693 1054.7810411631344322813674807548522949
694 1055.0021448510665322828572243452072144
695 1056.6888465262441059167031198740005493
696 1057.1000438436431068112142384052276611
697 1059.1337690201626173802651464939117432
698 1060.1395184404645988252013921737670898
699 1061.5013042504438089963514357805252075
700 1062.9153813253392399928998202085494995
701 1064.0715509457932057557627558708190918
702 1065.1218549009440721420105546712875366
703 1066.4632229566323076141998171806335449
704 1067.4188594264242055942304432392120361
705 1067.9900001663154398556798696517944336
706 1070.5350418191064818529412150382995605
707 1071.6186228534711517568212002515792847
708 1072.5439982642146787839010357856750488
709 1073.5703533925170631846413016319274902
710 1074.7477710686803220596630126237869263
711 1076.2666259413804255018476396799087524
712 1076.9240563976732119044754654169082642
713 1078.6471984791346585552673786878585815
714 1079.8099653349740947305690497159957886
715 1081.1710025271622725995257496833801270
716 1082.9527484122259011201094835996627808
717 1083.2954676937483782239723950624465942
718 1084.1832640731845458503812551498413086
719 1085.6478314024607243482023477554321289
720 1086.9119991661627864232286810874938965
721 1088.7557249031819992524106055498123169
722 1089.7953383199665040592662990093231201
723 1090.8631915285527611558791249990463257
724 1091.7284726408452115720137953758239746
725 1093.4408736209575181419495493173599243
726 1094.2844577596179078682325780391693115
727 1095.4330850452579397824592888355255127
728 1096.4019175898783942102454602718353271
729 1098.8410156901736627332866191864013672
730 1099.3606677542284160153940320014953613
731 1100.5744603338798697222955524921417236
732 1101.8391111746095702983438968658447266
733 1102.5517794275879168708343058824539185
734 1103.7322971105559190618805587291717529
735 1105.6171887854861779487691819667816162
736 1106.7743717267294414341449737548828125
737 1107.7745317278618131240364164113998413
738 1109.1589185854450079204980283975601196
739 1110.4441428236627871228847652673721313
740 1111.4435046173612136044539511203765869
741 1112.4329953248625315609388053417205811
742 1113.3975951184661425941158086061477661
743 1115.0653593257943612115923315286636353
744 1116.7872536401891920831985771656036377
745 1117.9659191230193755473010241985321045
746 1118.6841340051055340154562145471572876
747 1119.4732479034655625582672655582427979
748 1121.1559376333361797151155769824981689
749 1122.4586209992444310046266764402389526
750 1123.1011174423738339100964367389678955
751 1125.3147290035058176727034151554107666
752 1125.7634427143316315778065472841262817
753 1127.6580236591116772615350782871246338
754 1128.4302250930800255446229130029678345
755 1129.7289969580601791676599532365798950
756 1130.3915985095841278962325304746627808
757 1131.4950854881203667900990694761276245
758 1133.7086256405518724932335317134857178
759 1134.8856542973858267941977828741073608
760 1135.5622141425469635578338056802749634
761 1136.9292938302564834884833544492721558
762 1138.1515901910174761724192649126052856
763 1138.9923415378052595769986510276794434
764 1140.7218485965167928952723741531372070
765 1141.2610228680305226589553058147430420
766 1142.8586595009442135051358491182327271
767 1144.7822998814531274547334760427474976
768 1145.4853280234019621275365352630615234
769 1146.5768154965394387545529752969741821
770 1147.5017760287182682077400386333465576
771 1148.6152769307091148220933973789215088
772 1149.9826010039587345090694725513458252
773 1151.5628146000831293349619954824447632
774 1152.9431286412473127711564302444458008
775 1153.8903037707691510149743407964706421
776 1154.6975194534229558485094457864761353
777 1156.6215677727741422131657600402832031
778 1157.4323139433618052862584590911865234
779 1158.0016084875769593054428696632385254
780 1159.4806570147493403055705130100250244
781 1161.3966445684004611393902450799942017
782 1162.4875284227491647470742464065551758
783 1163.7010312332372450327966362237930298
784 1164.7375855055693136819172650575637817
785 1165.2712278442331808037124574184417725
786 1166.9436135297396504029165953397750854
787 1168.0862716443184581294190138578414917
788 1169.6983565941150118305813521146774292
789 1170.4636388572635041782632470130920410
790 1172.1206817452634822984691709280014038
791 1173.3056873816508414165582507848739624
792 1174.2327673799168223922606557607650757
793 1175.2154528090563871955964714288711548
794 1176.6328760658875580702442675828933716
795 1177.1063047550883311487268656492233276
796 1179.7012234256344527238979935646057129
797 1180.6535437048000858339946717023849487
798 1181.2673187515601966879330575466156006
799 1182.5822705423556726600509136915206909
800 1183.7127755436713414383120834827423096
801 1185.1558431584003301395568996667861938
802 1185.8753590526457628584466874599456787
803 1187.3451615575404503033496439456939697
804 1188.8564444992075550544541329145431519
805 1189.9636364549623976927250623703002930
806 1191.4826064278563535481225699186325073
807 1192.2186118266990888514555990695953369
808 1193.3240219931294632260687649250030518
809 1193.8574270932690524205099791288375854
810 1196.0346718370537928421981632709503174
811 1197.0717867820958417723886668682098389
812 1198.6865691493062513472978025674819946
813 1199.3565132862759128329344093799591064
814 1200.5326918765972550318110734224319458
815 1201.8103345862677997502032667398452759
816 1203.1373504677562777942512184381484985
817 1203.8552471758448518812656402587890625
818 1204.9854919701620019623078405857086182
819 1206.8704996563419626909308135509490967
820 1208.4714603109582640172448009252548218
821 1208.9894834018787150853313505649566650
822 1209.8980303244343303958885371685028076
823 1211.4161155120341391011606901884078979
824 1212.1131530349739477969706058502197266
825 1213.5983727920984165393747389316558838
826 1215.3899747842056058289017528295516968
827 1216.1837217094703191833104938268661499
828 1217.1744822793430103047285228967666626
829 1219.0500276825823675608262419700622559
830 1219.6144714502843271475285291671752930
831 1220.8163475060237033176235854625701904
832 1221.6922427166705347190145403146743774
833 1222.9524842519731464562937617301940918
834 1225.0183297882213082630187273025512695
835 1225.8550210813723424507770687341690063
836 1227.2318277094518634839914739131927490
837 1227.9171422831709605816286057233810425
838 1228.7931547578450590663123875856399536
839 1230.5846034074556882842443883419036865
840 1231.5622742020091209269594401121139526
841 1232.5295872684264395502395927906036377
842 1234.2778168356030619179364293813705444
843 1235.5025488271053291100542992353439331
844 1236.3990178388748972793109714984893799
845 1237.9772992069797510339412838220596313
846 1238.4572323343172683962620794773101807
847 1239.4908069872003579803276807069778442
848 1240.8134718571336634340696036815643311
849 1243.0780767900682803883682936429977417
850 1243.5381467223860454396344721317291260
851 1244.8514344118511871783994138240814209
852 1245.6558658209860368515364825725555420
853 1247.3725621792245874530635774135589600
854 1248.0630608191063402045983821153640747
855 1249.1598878127642819890752434730529785
856 1250.6723971004716986499261111021041870
857 1251.6598318461769849818665534257888794
858 1253.6735777571466314839199185371398926
859 1254.4313278892987000290304422378540039
860 1255.4082300039858637319412082433700562
861 1256.1812137043716575135476887226104736
862 1257.5412194127798102272208780050277710
863 1258.7792333731745202385354787111282349
864 1260.3445482005795383884105831384658813
865 1261.6117169262515744776464998722076416
866 1262.5566137573600826726760715246200562
867 1263.6767325573896414425689727067947388
868 1264.9572231320553328259848058223724365
869 1266.1790376505423409980721771717071533
870 1267.2003453550860285758972167968750000
871 1267.5705724039812594128306955099105835
872 1270.1189217633436783216893672943115234
873 1271.1342993707307869044598191976547241
874 1272.0839593373830211930908262729644775
875 1273.2611450679710287658963352441787720
876 1274.1962213800452445866540074348449707
877 1275.0920306212269679235760122537612915
878 1276.8421717641294890199787914752960205
879 1277.7630921863301409757696092128753662
880 1279.3328433837455122557003051042556763
881 1280.1557946106504459748975932598114014
882 1281.8287272293887326668482273817062378
883 1283.0004920124852105800528079271316528
884 1283.3350326613067409198265522718429565
885 1284.8547950687625416321679949760437012
886 1285.6950231644209452497307211160659790
887 1287.4100267418639305105898529291152954
888 1289.1653518637494926224462687969207764
889 1290.1047727823015520698390901088714600
890 1290.4177071289213927229866385459899902
891 1291.9458711469169429619796574115753174
892 1293.4939815965867637714836746454238892
893 1294.1184739862292190082371234893798828
894 1295.3653634375978072057478129863739014
895 1296.8011108424029771413188427686691284
896 1298.2565270893132947094272822141647339
897 1299.4051714332463234313763678073883057
898 1300.4900185259448335273191332817077637
899 1301.4955161029533883265685290098190308
900 1302.3467419188768872118089348077774048
901 1303.2732000385976789402775466442108154
902 1305.4016720435788556642364710569381714
903 1306.5083930810214951634407043457031250
904 1307.2672417618350664270110428333282471
905 1308.9881959186241147108376026153564453
906 1309.4215326245348478551022708415985107
907 1311.0565701702430487785022705793380737
908 1311.9669408964414287765976041555404663
909 1313.0315995508908599731512367725372314
910 1314.0525657478001448907889425754547119
911 1316.2121124599575523461680859327316284
912 1317.0729859308485174551606178283691406
913 1318.1712788075806201959494501352310181
914 1318.9478806765596345940139144659042358
915 1319.9310830527419966529123485088348389
916 1321.6281386554564960533753037452697754
917 1322.2580673973097873385995626449584961
918 1324.2249788689177876221947371959686279
919 1325.2376246321773578529246151447296143
920 1325.9819699710401437187101691961288452
921 1327.6352813558232810464687645435333252
922 1329.0435192379545696894638240337371826
923 1329.2050186154397124482784420251846313
924 1330.4299372953078091086354106664657593
925 1331.8275913273673722869716584682464600
926 1333.6735227573594784189481288194656372
927 1334.7473292860827314143534749746322632
928 1335.6949744960602401988580822944641113
929 1336.6901846215446312271524220705032349
930 1337.6887917872945763519965112209320068
931 1338.9231647454726044088602066040039062
932 1340.4264004347160152974538505077362061
933 1341.1662720387071203731466084718704224
934 1342.6085079638260140200145542621612549
935 1344.1560439800441599800251424312591553
936 1345.4771072517905849963426589965820312
937 1345.7314120288474441622383892536163330
938 1347.5194711682838715205434709787368774
939 1348.0172378408938129723537713289260864
940 1349.0851939166673219006042927503585815
941 1351.2962062101883020659442991018295288
942 1352.2104648551430727820843458175659180
943 1353.4833379795186374394688755273818970
944 1353.8867815007447461539413779973983765
945 1355.6805950877314899116754531860351562
946 1356.6056554735791905841324478387832642
947 1357.7717424349661996529903262853622437
948 1358.4601603206979234528262168169021606
949 1360.3931446377159772964660078287124634
950 1361.3930745596549058973323553800582886
951 1363.0223284128219347621779888868331909
952 1363.8791907201643880398478358983993530
953 1364.5765854400110583810601383447647095
954 1365.4937338574568457261193543672561646
955 1367.1040911352902185171842575073242188
956 1368.3301934242708739475347101688385010
957 1369.6869489992900525976438075304031372
958 1370.9735230719993523962330073118209839
959 1371.6865538919173559406772255897521973
960 1373.2029146463105462316889315843582153
961 1374.1547988113334213267080485820770264
962 1375.3023926578302962298039346933364868
963 1376.1617801500806308467872440814971924
964 1377.1776337265082474914379417896270752
965 1379.6832831087795057101175189018249512
966 1380.1485791172026438289321959018707275
967 1381.0739775582078436855226755142211914
968 1382.3456628364720017998479306697845459
969 1383.2975908354605962813366204500198364
970 1384.4444158422465989133343100547790527
971 1385.6637771260093359160237014293670654
972 1387.3266477960746669850777834653854370
973 1387.9214539099139074096456170082092285
974 1389.5658320096176794322673231363296509
975 1390.7054901051997148897498846054077148
976 1391.8532003851628360280301421880722046
977 1392.6440273518651338235940784215927124
978 1393.4334013642524041642900556325912476
979 1394.8841845720630772120784968137741089
980 1396.5441631013709411490708589553833008
981 1397.8346235228586920129600912332534790
982 1398.8376747723655171284917742013931274
983 1399.8394723076880836742930114269256592
984 1400.4269461244107333186548203229904175
985 1402.5643466922983861877582967281341553
986 1402.9737477564344771963078528642654419
987 1404.0062921795870352070778608322143555
988 1405.6669749378170308773405849933624268
989 1407.0851425867840589489787817001342773
990 1408.1363071837963616417255252599716187
991 1409.3206805563495436217635869979858398
992 1410.0248112501267314655706286430358887
993 1411.2570570418424722447525709867477417
994 1411.9656537411838144180364906787872314
995 1413.8431488868609449127689003944396973
996 1415.5857837032772295060567557811737061
997 1415.7815823754090160946361720561981201
998 1417.1028229487769749539438635110855103
999 1418.6969640330298716435208916664123535
1000 1419.4224814240415071253664791584014893
1001 1420.4165266399404572439379990100860596
1002 1421.8505674395501046092249453067779541
1003 1422.4613109116071427706629037857055664
1004 1424.4630456979798509564716368913650513
1005 1425.8734696095020808570552617311477661
1006 1426.6459803430166175530757755041122437
1007 1427.3656713255118120287079364061355591
1008 1428.5923061743833386572077870368957520
1009 1429.6504770969145283743273466825485229
1010 1431.2183138365767263167072087526321411
1011 1432.0497409686240644077770411968231201
1012 1433.8219408645686598902102559804916382
1013 1434.5849421026823620195500552654266357
1014 1435.6929074345343906315974891185760498
1015 1437.2267220166172592143993824720382690
1016 1438.0062843447135492169763892889022827
1017 1438.9495522515444463351741433143615723
1018 1439.6227928413804875162895768880844116
1019 1441.9609874664733979443553835153579712
1020 1442.9110594855524141166824847459793091
1021 1444.0419307443253273959271609783172607
1022 1445.0722785864813886291813105344772339
1023 1445.8300846582069425494410097599029541
1024 1447.2262268460822269844356924295425415
1025 1448.3238532894556556129828095436096191
1026 1449.4887712429076600528787821531295776
1027 1450.7735616828545062162447720766067505
1028 1451.8352978317593624524306505918502808
1029 1453.7375962827309194835834205150604248
1030 1454.2260109911408108018804341554641724
1031 1455.3120908985533787927124649286270142
1032 1456.1677974918279687699396163225173950
1033 1457.5390018453999800840392708778381348
1034 1458.3937775284371127781923860311508179
1035 1460.6882704742761234228964895009994507
1036 1461.2454436861489739385433495044708252
1037 1462.2661234970955774770118296146392822
1038 1463.2868913350403090589679777622222900
1039 1464.6969030932655186916235834360122681
1040 1465.8895579633867782831657677888870239
1041 1466.5056215027125290362164378166198730
1042 1467.7039897542108519701287150382995605
1043 1469.3476500004358058504294604063034058
1044 1470.9665889025923206645529717206954956
1045 1471.3887650748101805220358073711395264
1046 1473.0201328710377310926560312509536743
1047 1473.7456498448073034523986279964447021
1048 1474.2032210312781899119727313518524170
1049 1476.0921271706233710574451833963394165
1050 1477.4351912738684404757805168628692627
1051 1478.4413961320360613171942532062530518
1052 1479.7599189491129436646588146686553955
1053 1480.7668789124900285969488322734832764
1054 1481.9646843068558155209757387638092041
1055 1483.0329601626490330090746283531188965
1056 1484.1435812816694124194327741861343384
1057 1484.8178829804342058196198195219039917
1058 1486.1713489152689362526871263980865479
1059 1488.1163381366727662680204957723617554
1060 1489.2524669915974300238303840160369873
1061 1489.9708917053608274727594107389450073
1062 1490.6706933230916547472588717937469482
1063 1492.1800905575678370951209217309951782
1064 1493.3308351316090920590795576572418213
1065 1494.1553684338709899748209863901138306
1066 1495.7688329434677143581211566925048828
1067 1497.0655052913730287400539964437484741
1068 1497.7473607778292716830037534236907959
1069 1499.6408249072787839395459741353988647
1070 1500.3519513030396410613320767879486084
1071 1501.1193250984201768005732446908950806
1072 1502.3460631367856876750010997056961060
1073 1503.0909331939787989540491253137588501
1074 1505.2615295063496887451037764549255371
1075 1506.1529859436122933402657508850097656
1076 1507.4075048004142445279285311698913574
1077 1508.2530313862221191811840981245040894
1078 1509.2804196164406675961799919605255127
1079 1510.3917975470226338075008243322372437
1080 1511.9230057411000416323076933622360229
1081 1512.5897650382439678651280701160430908
1082 1513.5897656998286038287915289402008057
1083 1515.7083433559641889587510377168655396
1084 1516.4359900472663866821676492691040039
1085 1517.7198064647918727132491767406463623
1086 1518.4147919834358617663383483886718750
1087 1519.7410096194766992994118481874465942
1088 1520.2736219109301600838080048561096191
1089 1521.9019091793852567207068204879760742
1090 1523.4860471459501241042744368314743042
1091 1524.7248926361726262257434427738189697
1092 1525.2278372932896672864444553852081299
1093 1526.5523121269729927007574588060379028
1094 1528.0409305960570236493367701768875122
1095 1529.0344572528451863036025315523147583
1096 1529.3699745669191543129272758960723877
1097 1531.0207430729615225573070347309112549
1098 1532.2223268377010754193179309368133545
1099 1533.8869780905974948836956173181533813
1100 1535.0422779375317077210638672113418579
1101 1535.7695017777973589545581489801406860
1102 1536.6207013482862748787738382816314697
1103 1537.6510619166965625481680035591125488
1104 1539.3028550013018502795603126287460327
1105 1540.0302700104257382918149232864379883
1106 1541.7422487337225902592763304710388184
1107 1542.4965227417692403832916170358657837
1108 1544.1186697758607806463260203599929810
1109 1544.8346078778636183415073901414871216
1110 1546.0911975045178223808761686086654663
1111 1547.2975808421847432327922433614730835
1112 1547.8065642756682791514322161674499512
1113 1548.8713482857906456047203391790390015
1114 1551.2738450972919963533058762550354004
1115 1552.0068725130640814313665032386779785
1116 1552.7361053472077401238493621349334717
1117 1554.1565187317823983903508633375167847
1118 1554.9212849124583044613245874643325806
1119 1556.1629876621254879864864051342010498
1120 1557.3945070025888526288326829671859741
1121 1558.3391528585898413439281284809112549
1122 1559.7811545150043457397259771823883057
1123 1560.8764758562765564420260488986968994
1124 1562.4101529079966894641984254121780396
1125 1563.3854014157159326714463531970977783
1126 1564.1779411289680865593254566192626953
1127 1564.9157885636136597895529121160507202
1128 1566.2664157606363914965186268091201782
1129 1567.6234508152720081852748990058898926
1130 1569.0224779190548360929824411869049072
1131 1570.5092775078037448110990226268768311
1132 1571.0453815842556650750339031219482422
1133 1571.8453519530830817529931664466857910
1134 1573.8065635095467769133392721414566040
1135 1574.2309159323540370678529143333435059
1136 1575.6381549800094035163056105375289917
1137 1576.1613520563082602166105061769485474
1138 1578.1188270596749134710989892482757568
1139 1579.5140552551911241607740521430969238
1140 1580.3720818029682959604542702436447144
1141 1581.3635519939298319513909518718719482
1142 1582.3294871430794046318624168634414673
1143 1583.3946931022901480901055037975311279
1144 1584.2348478795329356216825544834136963
1145 1586.2932109656394459307193756103515625
1146 1587.0043418322939032805152237415313721
1147 1588.1634038362676619726698845624923706
1148 1589.3579458809745119651779532432556152
1149 1590.8359038460603187559172511100769043
1150 1591.2938841169666375208180397748947144
1151 1592.6371667115590753383003175258636475
1152 1593.5848078643580265634227544069290161
1153 1594.4426898145120503613725304603576660
1154 1596.4844923149507849302608519792556763
1155 1597.7158959582566239987500011920928955
1156 1598.4207985687376094574574381113052368
1157 1599.6193484902387353940866887569427490
1158 1600.0480454079101946263108402490615845
1159 1601.9119460025608532305341213941574097
1160 1602.8154049908685010450426489114761353
1161 1603.6552031792489287909120321273803711
1162 1605.5216464449217710352968424558639526
1163 1606.2934183593956731783691793680191040
1164 1607.5569052715154612087644636631011963
1165 1608.8362950822984203114174306392669678
1166 1610.0032627826112729962915182113647461
1167 1610.2538229394581321685109287500381470
1168 1611.4371413730750646209344267845153809
1169 1613.0788554945124815276358276605606079
1170 1614.7106279785512015223503112792968750
1171 1615.5746090356960849021561443805694580
1172 1616.3983951923319182242266833782196045
1173 1617.7346849251407547853887081146240234
1174 1618.5375178322665306041017174720764160
1175 1619.9525015414183144457638263702392578
1176 1620.7743110474825698474887758493423462
1177 1622.0987516539116768399253487586975098
1178 1622.9777676254243488074280321598052979
1179 1625.0218566925086634000763297080993652
1180 1625.9870206303858140017837285995483398
1181 1626.3999185891707384143956005573272705
1182 1627.7554413075231423135846853256225586
1183 1628.7153168789473056676797568798065186
1184 1629.6586689529040086199529469013214111
1185 1631.1948144948155459132976830005645752
1186 1632.7981838343075651209801435470581055
1187 1633.5125171414761098276358097791671753
1188 1634.5168223825648965430445969104766846
1189 1635.7183661718850089528132230043411255
1190 1637.0891903629776606976520270109176636
1191 1637.9946430711875109409447759389877319
1192 1638.5996583087689941748976707458496094
1193 1639.8212356294470737338997423648834229
1194 1641.8998188190403197950217872858047485
1195 1642.4897796149707573931664228439331055
1196 1644.1520659530638113210443407297134399
1197 1644.7137450554669158009346574544906616
1198 1645.5737607060759728483390063047409058
1199 1646.6248667182439930911641567945480347
1200 1648.2705980259493117046076804399490356
1201 1649.1185352086727107234764844179153442
1202 1650.4169889904383126122411340475082397
1203 1651.7326931513748604629654437303543091
1204 1652.6710656981113061192445456981658936
1205 1654.2058965133360288746189326047897339
1206 1654.7266528730160644045099616050720215
1207 1655.8227758340462969499640166759490967
1208 1657.1142361772704134637024253606796265
1209 1657.5671010828600628883577883243560791
1210 1660.0199801581857173005118966102600098
1211 1660.8600565165843363502062857151031494
1212 1661.8368934788090882648248225450515747
1213 1662.3772027508562132425140589475631714
1214 1664.0572655168830351612996309995651245
1215 1664.9680046650360054627526551485061646
1216 1665.8776404274699416419025510549545288
1217 1667.2411252165143196179997175931930542
1218 1668.3682294791192362026777118444442749
1219 1669.6697285420618754869792610406875610
1220 1671.0471826747329942008946090936660767
1221 1671.9842597392189418314956128597259521
1222 1672.9633706133668056281749159097671509
1223 1673.6874448871717504516709595918655396
1224 1674.6484619007824221625924110412597656
1225 1676.3624864360926949302665889263153076
1226 1677.6912271603264343866612762212753296
1227 1678.6303680974187955143861472606658936
1228 1680.0779472821673152793664485216140747
1229 1680.5047700333598186261951923370361328
1230 1681.8123199588885654520709067583084106
1231 1683.2732893448433060257229954004287720
1232 1684.1716568763599752855952829122543335
1233 1684.5588627392767193668987601995468140
1234 1686.4211218565619674336630851030349731
1235 1688.0801428915015094389673322439193726
1236 1688.9338680781847870093770325183868408
1237 1689.7031539404588329489342868328094482
1238 1691.0515594103467265085782855749130249
1239 1691.5151926509188342606648802757263184
1240 1693.0530209290636776131577789783477783
1241 1694.0175646498605601664166897535324097
1242 1695.8325544035851635271683335304260254
1243 1696.6549974405002103594597429037094116
1244 1697.3425145044902819790877401828765869
1245 1699.2295469177743143518455326557159424
1246 1699.9668167510662897257134318351745605
1247 1700.8203036622403487854171544313430786
1248 1701.8255512579653441207483410835266113
1249 1702.9232498731835221406072378158569336
1250 1704.2914123653426941018551588058471680
1251 1706.2560319219751363561954349279403687
1252 1706.6156652906065573915839195251464844
1253 1707.9123121474872277758549898862838745
1254 1708.5121163147155129991006106138229370
1255 1709.7808425012590305414050817489624023
1256 1711.1376033648152770183514803647994995
1257 1712.1553977370504071586765348911285400
1258 1713.0553417699793499195948243141174316
1259 1714.7171453411410766420885920524597168
1260 1715.8252830666210684285033494234085083
1261 1716.7699838873900262115057557821273804
1262 1717.9744854140608367742970585823059082
1263 1718.9541529984271619468927383422851562
1264 1719.7244696913335246790666133165359497
1265 1720.4980707640734181040897965431213379
1266 1722.8446618569191741698887199163436890
1267 1723.5328229146712146757636219263076782
1268 1724.7339587433566521212924271821975708
1269 1725.6386279654657300852704793214797974
1270 1726.6057007063009223202243447303771973
1271 1728.1665065492020403326023370027542114
1272 1728.6444860980609519174322485923767090
1273 1730.0238724117120909795630723237991333
1274 1731.0141936692098170169629156589508057
1275 1732.4301697407704523357097059488296509
1276 1733.8408250276265789580065757036209106
1277 1735.1754667880977649474516510963439941
1278 1735.6247149149626238795462995767593384
1279 1736.3056629805369084351696074008941650
1280 1737.8938845721681900613475590944290161
1281 1738.7832374082131536852102726697921753
1282 1740.1691156375736682093702256679534912
1283 1741.7791676556435049860738217830657959
1284 1742.4676803468473735847510397434234619
1285 1743.4264365844592248322442173957824707
1286 1744.7215118547251222480554133653640747
1287 1746.0974980865048564737662672996520996
1288 1746.5954564783546629769261926412582397
1289 1747.7816958063212950946763157844543457
1290 1748.5639875416877657698933035135269165
1291 1750.8228183625706151360645890235900879
1292 1751.6177951100839891296345740556716919
1293 1752.5115113678293710108846426010131836
1294 1753.6613552729440925759263336658477783
1295 1754.7633696209986737812869250774383545
1296 1755.1696945873291042516939342021942139
1297 1757.0465185706748343363869935274124146
1298 1757.9840771682047488866373896598815918
1299 1759.2400856113927147816866636276245117
1300 1760.2151663883419132616836577653884888
1301 1761.8548998937467331415973603725433350
1302 1762.4976891865553625393658876419067383
1303 1763.7191217603813129244372248649597168
1304 1764.5914770573704117850866168737411499
1305 1765.4004939978676702594384551048278809
1306 1766.6762437077154572762083262205123901
1307 1768.2959712188535377208609133958816528
1308 1769.9409520232034083164762705564498901
1309 1770.2436781537799106445163488388061523
1310 1771.2129446247008672798983752727508545
1311 1772.3280002156893715437036007642745972
1312 1773.8949157949523396382573992013931274
1313 1774.6604312506492533429991453886032104
1314 1775.3419874458845697517972439527511597
1315 1777.2558603089814823761116713285446167
1316 1778.0417347615207290800753980875015259
1317 1779.5522707070686010411009192466735840
1318 1780.6652284906049317214637994766235352
1319 1781.3556373173710198898334056138992310
1320 1782.4390671127098357828799635171890259
1321 1783.0848297172865386528428643941879272
1322 1784.6079462986408543656580150127410889
1323 1786.3422013018625875702127814292907715
1324 1787.0492729331167538475710898637771606
1325 1788.2151232351698126876726746559143066
1326 1789.2421796996986813610419631004333496
1327 1790.4495621474034123821184039115905762
1328 1791.2544099494102738390211015939712524
1329 1792.6161025232449901523068547248840332
1330 1793.5253904152932591387070715427398682
1331 1794.1784820587849935691338032484054565
1332 1796.4651403796733575291000306606292725
1333 1797.3763352929731809126678854227066040
1334 1798.1470670679136674152687191963195801
1335 1799.2316475250840994704049080610275269
1336 1800.0247243506037193583324551582336426
1337 1801.3096370055955048883333802223205566
1338 1802.3012835168997298751492053270339966
1339 1803.7968439050355300423689186573028564
1340 1804.9041610113126807846128940582275391
1341 1806.2896664334616616542916744947433472
1342 1806.5783916489349394396413117647171021
1343 1808.7144315329683195159304887056350708
1344 1809.1192745275216111622285097837448120
1345 1810.1088934052822878584265708923339844
1346 1810.8737189517778460867702960968017578
1347 1812.4200770880156596831511706113815308
1348 1814.0241403386653473717160522937774658
1349 1814.9730825276915311405900865793228149
1350 1816.3386117715067484823521226644515991
1351 1816.7580237044635396159719675779342651
1352 1817.7106086943686023005284368991851807
1353 1819.2603341146204911638051271438598633
1354 1820.1878821865634563437197357416152954
1355 1821.3057084626675532490480691194534302
1356 1822.4276713041645052726380527019500732
1357 1823.7662659017159967334009706974029541
1358 1825.2136772178796491061802953481674194
1359 1825.9156839836209655913989990949630737
1360 1826.7954549238575054914690554141998291
1361 1828.2112703963143758301157504320144653
1362 1828.6210912708452269725967198610305786
1363 1829.8325295973572792718186974525451660
1364 1831.9363799573980031709652394056320190
1365 1832.9849407601031998638063669204711914
1366 1833.2732382292351758223958313465118408
1367 1834.7215595680372643982991576194763184
1368 1835.8837541674870408314745873212814331
1369 1836.8276722383038759289775043725967407
1370 1838.0869432063836939050815999507904053
1371 1838.6402889652163139544427394866943359
1372 1840.1955633752404537517577409744262695
1373 1841.4785824577056700945831835269927979
1374 1842.8759550563477205287199467420578003
1375 1843.7710574011293829244095832109451294
1376 1844.7590431092994549544528126716613770
1377 1845.4175340397900981770362704992294312
1378 1846.3532535898275455110706388950347900
1379 1848.3309803473084684810601174831390381
1380 1848.7227610874128913565073162317276001
1381 1850.6011840297082926554139703512191772
1382 1851.4003621162105446273926645517349243
1383 1852.3422048452425769937690347433090210
1384 1853.5193428466591285541653633117675781
1385 1854.8556323585703466960694640874862671
1386 1855.5929354088111722376197576522827148
1387 1856.3891794464148006227333098649978638
1388 1857.4980747449576483631972223520278931
1389 1859.4952716055590826726984232664108276
1390 1860.5413880947012330580037087202072144
1391 1861.3796717017798982851672917604446411
1392 1862.1214648456484610505867749452590942
1393 1863.4254650756133742106612771749496460
1394 1864.3539815489025386341381818056106567
1395 1865.3674336342974129365757107734680176
1396 1866.8365470845978961733635514974594116
1397 1868.0851912534958501055371016263961792
1398 1868.7067457815028319600969552993774414
1399 1870.4214718787002311728429049253463745
1400 1871.4160433400320471264421939849853516
1401 1872.4415670663092896575108170509338379
1402 1872.8656672303100094723049551248550415
1403 1874.5083611626282618090044707059860229
1404 1874.9137738388767502328846603631973267
1405 1877.0950643018891241808887571096420288
1406 1878.0222513157677894923835992813110352
1407 1879.1533030065952516451943665742874146
1408 1880.0823252448353741783648729324340820
1409 1880.6117660458489808661397546529769897
1410 1882.3219746015752207313198596239089966
1411 1883.4087239481996221002191305160522461
1412 1884.0057780786228249780833721160888672
1413 1885.1980751993683043110650032758712769
1414 1887.0538946895376284373924136161804199
1415 1887.8088411631756571296136826276779175
1416 1888.9381826253720646491274237632751465
1417 1890.3481275239291790057905018329620361
1418 1890.6121293063833945780061185359954834
1419 1891.6785106136198919557500630617141724
1420 1892.8677014551535648934077471494674683
1421 1894.5585374980241795128677040338516235
1422 1895.6971554327878948242869228124618530
1423 1896.5854940748113222070969641208648682
1424 1897.5136930930266316863708198070526123
1425 1898.8293728317007662553805857896804810
1426 1900.0061445404958249127957969903945923
1427 1900.5718844900011390564031898975372314
1428 1901.8913059684832660423126071691513062
1429 1902.8050593756292983016464859247207642
1430 1904.0893253809231282502878457307815552
1431 1906.1027559734307033068034797906875610
1432 1906.5976785749476221099030226469039917
1433 1907.3327806422744288283865898847579956
1434 1908.4330633247118385042995214462280273
1435 1909.4659300226758205099031329154968262
1436 1910.7336597745947983639780431985855103
1437 1911.7046910827320971293374896049499512
1438 1913.1824898521058457845356315374374390
1439 1914.3523003019777206645812839269638062
1440 1915.0546294606842820940073579549789429
1441 1916.6063718912291733431629836559295654
1442 1917.3447038923327454540412873029708862
1443 1918.7864995402196655049920082092285156
1444 1919.2077779766123057925142347812652588
1445 1919.9374571187763649504631757736206055
1446 1922.1016256646521469519939273595809937
1447 1923.2808381617164741328451782464981079
1448 1924.0558312900652708776760846376419067
1449 1925.2319877233826446172315627336502075
1450 1926.2115827478091887314803898334503174
1451 1926.8200924611801383434794843196868896
1452 1928.4175183992401798604987561702728271
1453 1929.4875599405736465996596962213516235
1454 1930.2583870245935031562112271785736084
1455 1931.7600693897970813850406557321548462
1456 1932.8757544266372860874980688095092773
1457 1934.4164363028453408333007246255874634
1458 1934.9079428254262893460690975189208984
1459 1935.9248484112781625299248844385147095
1460 1936.8730939725087409897241741418838501
1461 1937.9686335121336924203205853700637817
1462 1939.0500291080325041548348963260650635
1463 1940.9773265356698175310157239437103271
1464 1941.8228619048659311374649405479431152
1465 1942.6335684494870292837731540203094482
1466 1943.3679474860264235758222639560699463
1467 1945.1537962153884109284263104200363159
1468 1945.9227170578828918223734945058822632
1469 1946.6099456604415536276064813137054443
1470 1947.9170478593400730460416525602340698
1471 1949.0300301847059927240479737520217896
1472 1950.7432014101086679147556424140930176
1473 1951.5366957628998534346465021371841431
1474 1952.8501295056266826577484607696533203
1475 1953.4485568748395962757058441638946533
1476 1954.4185885369934112532064318656921387
1477 1955.3158094817576966306660324335098267
1478 1956.8481646637983430991880595684051514
1479 1958.3144036725252590258605778217315674
1480 1958.8518837193769286386668682098388672
1481 1960.4188454425820964388549327850341797
1482 1961.3592781377997198433149605989456177
1483 1962.2335720475675771012902259826660156
1484 1963.6211845625239220680668950080871582
1485 1964.3573906942951907694805413484573364
1486 1965.3778293798141021397896111011505127
1487 1966.1176584249915322288870811462402344
1488 1968.4716022209295260836370289325714111
1489 1969.0476175610160680662374943494796753
1490 1970.3050099663660148507915437221527100
1491 1970.8555474811432759452145546674728394
1492 1971.9703125767300662118941545486450195
1493 1973.1826632346997030253987759351730347
1494 1974.3472018418624429614283144474029541
1495 1975.0806101504713296890258789062500000
1496 1977.1739443377823590708430856466293335
1497 1977.2714452130721838329918682575225830
1498 1978.8014481208988399885129183530807495
1499 1980.3717720458821531792636960744857788
1500 1980.9100424602806924667675048112869263
1501 1981.7487685325781967549119144678115845
1502 1982.6632790092903633194509893655776978
1503 1983.9238046724508421903010457754135132
1504 1985.4165400739225333381909877061843872
1505 1986.7571076448571147921029478311538696
1506 1987.8734728485751475091092288494110107
1507 1988.2518772721819004800636321306228638
1508 1989.7020024993357765197288244962692261
1509 1990.4783524548274726839736104011535645
1510 1992.0017064197686522675212472677230835
1511 1992.7849880586923063674475997686386108
1512 1993.5774933102220529690384864807128906
1513 1995.1687397009704909578431397676467896
1514 1996.7961767065812637156341224908828735
1515 1997.3909141129556701343972235918045044
1516 1998.2790070215801279118750244379043579
1517 1999.5457645149349446000996977090835571
1518 2000.4345158050682584871537983417510986
1519 2000.9296206765238821390084922313690186
1520 2002.8964084583458316046744585037231445
1521 2004.1396693932056223275139927864074707
1522 2005.0778483748563303379341959953308105
1523 2005.9009351498525575152598321437835693
1524 2007.1251802297592803370207548141479492
1525 2008.4182406404665925947483628988265991
1526 2009.1766344236771146825049072504043579
1527 2010.1533250311003939714282751083374023
1528 2011.0207048953084267850499600172042847
1529 2012.5389355161864841647911816835403442
1530 2013.8720978388141702453140169382095337
1531 2015.1867287775235126900952309370040894
1532 2016.0296382071619518683291971683502197
1533 2016.8000755112198021379299461841583252
1534 2017.3867668610701002762652933597564697
1535 2019.2646000942349928664043545722961426
1536 2019.8843669109605798439588397741317749
1537 2021.1960427198655452230013906955718994
1538 2022.5456175334911677055060863494873047
1539 2023.5729115848903347796294838190078735
1540 2024.4882619644472470099572092294692993
1541 2025.8789063157310010865330696105957031
1542 2026.7382585877085148240439593791961670
1543 2027.5733168475780985318124294281005859
1544 2028.5824591510627215029671788215637207
1545 2029.3854794934700294106733053922653198
1546 2031.7505506286943273153156042098999023
1547 2032.4207804082534494227729737758636475
1548 2033.0178924525453112437389791011810303
1549 2034.5548286048610862053465098142623901
1550 2035.0774403987443292862735688686370850
1551 2036.5275262864552132668904960155487061
1552 2037.2171110910762763523962348699569702
1553 2038.8417382565448860987089574337005615
1554 2039.4432189379026567621622234582901001
1555 2040.8391196279981159023009240627288818
1556 2042.3445862572193618689198046922683716
1557 2043.2171166469865966064389795064926147
1558 2044.1215934323531655536498874425888062
1559 2045.0373210280267812777310609817504883
1560 2045.8027606693153757078107446432113647
1561 2047.0983364511112085892818868160247803
1562 2048.4540941314007795881479978561401367
1563 2049.8475254835675514186732470989227295
1564 2050.9060556591739441500976681709289551
1565 2051.7183886309130684821866452693939209
1566 2052.4077904136265715351328253746032715
1567 2054.0599170525401859777048230171203613
1568 2055.1802679243919556029140949249267578
1569 2055.5726027228756720433011651039123535
1570 2056.6208667025694012409076094627380371
1571 2058.4506511922099889488890767097473145
1572 2059.4480218696999145322479307651519775
1573 2060.8682474322276902967132627964019775
1574 2061.3670596733500133268535137176513672
1575 2062.5726507982608382008038461208343506
1576 2063.2835591827888492844067513942718506
1577 2064.3048675825366444769315421581268311
1578 2065.8326721808016372960992157459259033
1579 2066.9852293269996152957901358604431152
1580 2068.3456389322354880277998745441436768
1581 2068.6699407135483852471224963665008545
1582 2070.5047175260497169801965355873107910
1583 2071.3770829491541007882915437221527100
1584 2071.9904544174223701702430844306945801
1585 2073.3976037237371201626956462860107422
1586 2074.1710648262096583493985235691070557
1587 2075.0280655416208901442587375640869141
1588 2077.1175702252930932445451617240905762
1589 2078.1554843338235514238476753234863281
1590 2078.9392875690500659402459859848022461
1591 2079.5676282934582559391856193542480469
1592 2080.9103432172551038092933595180511475
1593 2081.7996866951534684631042182445526123
1594 2083.3002765883520623901858925819396973
1595 2083.7799926346870051929727196693420410
1596 2085.3898137373971621855162084102630615
1597 2086.5803184500964562175795435905456543
1598 2087.4733409171303719631396234035491943
1599 2088.7122809896363833104260265827178955
1600 2090.0362065073795747593976557254791260
1601 2090.4475508792829714366234838962554932
1602 2091.2215809884628470172174274921417236
1603 2092.4732181924164251540787518024444580
1604 2094.3359174760998939746059477329254150
1605 2095.1382567519585791160352528095245361
1606 2096.3465298736427939729765057563781738
1607 2097.3716067803734404151327908039093018
1608 2097.9519223334300477290526032447814941
1609 2099.3116514484745493973605334758758545
1610 2100.5937452832049530115909874439239502
1611 2101.1354892701019707601517438888549805
1612 2102.5351003440209751715883612632751465
1613 2103.3904548856962719582952558994293213
1614 2105.3722068087727166130207479000091553
1615 2105.9947045975150103913620114326477051
1616 2107.1723630514061369467526674270629883
1617 2107.6179114187107188627123832702636719
1618 2108.9383846956934576155617833137512207
1619 2109.9631430450226616812869906425476074
1620 2110.8223717413266058429144322872161865
1621 2112.9070876503510589827783405780792236
1622 2113.4839662578460774966515600681304932
1623 2114.3961371709165177890099585056304932
1624 2115.5066027887660311535000801086425781
1625 2116.9000558788384296349249780178070068
1626 2117.7223991025093710049986839294433594
1627 2118.6186458855245291488245129585266113
1628 2119.4564282467645170981995761394500732
1629 2120.6915625715537316864356398582458496
1630 2122.4651511650463362457230687141418457
1631 2123.3440422476232924964278936386108398
1632 2124.3703687636188988108187913894653320
1633 2125.5123994002606195863336324691772461
1634 2125.9587848644514451734721660614013672
1635 2126.9757111425806215265765786170959473
1636 2128.7522904225834281533025205135345459
1637 2129.4060802632302511483430862426757812
1638 2130.5551022108256802312098443508148193
1639 2132.0806208917429103166796267032623291
1640 2132.7985165695981777389533817768096924
1641 2134.1549337618316712905652821063995361
1642 2134.9507723390688624931499361991882324
1643 2136.0868971977442924981005489826202393
1644 2136.9674709622049704194068908691406250
1645 2137.5099406698363964096643030643463135
1646 2139.3807599409874455886892974376678467
1647 2140.9493625479726688354276120662689209
1648 2141.7100360299800740904174745082855225
1649 2142.3550435926181307877413928508758545
1650 2143.3744443443592899711802601814270020
1651 2144.8953376957260843482799828052520752
1652 2145.5057539876906957942992448806762695
1653 2146.6258946540356191690079867839813232
1654 2147.7853674390835294616408646106719971
1655 2149.1518495435975637519732117652893066
1656 2149.9106399805395994917489588260650635
1657 2151.7768848282203180133365094661712646
1658 2152.3902270097041764529421925544738770
1659 2153.0119639909171382896602153778076172
1660 2154.2636241770587730570696294307708740
1661 2154.9353458202731417259201407432556152
1662 2156.3947271965425898088142275810241699
1663 2157.8564896810894424561411142349243164
1664 2158.8780724891084901173599064350128174
1665 2159.9022858806329168146476149559020996
1666 2160.8530621878189776907674968242645264
1667 2161.6921720202954020351171493530273438
1668 2163.1071224567385797854512929916381836
1669 2164.0497200690233512432314455509185791
1670 2165.0114368012327759061008691787719727
1671 2165.5039489305117967887781560420989990
1672 2167.6934443623467814177274703979492188
1673 2168.8906158860554569400846958160400391
1674 2169.2638287941344970022328197956085205
1675 2170.7870750658275937894359230995178223
1676 2171.3963615473385289078578352928161621
1677 2172.2509629080805098055861890316009521
1678 2173.5282968640412946115247905254364014
1679 2174.7450206964949757093563675880432129
1680 2176.2041192864653567085042595863342285
1681 2176.9394515512194629991427063941955566
1682 2178.0042089872913493309170007705688477
1683 2179.2321848773744932259432971477508545
1684 2180.4953179591075240750797092914581299
1685 2181.2523667515170018305070698261260986
1686 2181.7257834605561583884991705417633057
1687 2183.3305838657652202527970075607299805
1688 2184.1031908840122923720628023147583008
1689 2185.9655282027515568188391625881195068
1690 2187.0856906749113477417267858982086182
1691 2187.7984562846950211678631603717803955
1692 2188.5587636190803095814771950244903564
1693 2189.4970731216653803130611777305603027
1694 2191.0933628757920814678072929382324219
1695 2191.7780175794832757674157619476318359
1696 2192.8267706774850012152455747127532959
1697 2194.2315300877444315119646489620208740
1698 2195.2316877742832730291411280632019043
1699 2196.7159778068817104212939739227294922
1700 2197.2587473768271593144163489341735840
1701 2198.6875127121738842106424272060394287
1702 2199.3029651722927155788056552410125732
1703 2200.3510209443738858681172132492065430
1704 2200.9159528246982517885044217109680176
1705 2203.2774538911853596800938248634338379
1706 2203.9063646798531408421695232391357422
1707 2204.9978019713471439899876713752746582
1708 2205.8557614155706687597557902336120605
1709 2207.1721618281089831725694239139556885
1710 2207.8027410523545768228359520435333252
1711 2209.1537444344185132649727165699005127
1712 2210.2080151513919190620072185993194580
1713 2210.8509410272590685053728520870208740
1714 2212.3435683347152007627300918102264404
1715 2213.7002563306168667622841894626617432
1716 2214.9499254889979056315496563911437988
1717 2215.8205652507176637300290167331695557
1718 2216.2963754086995322722941637039184570
1719 2217.4693748808540476602502167224884033
1720 2218.5210067812022316502407193183898926
1721 2219.7998155904224404366686940193176270
1722 2220.8521587399318377720192074775695801
1723 2222.6366049919643046450801193714141846
1724 2223.0550577206267917063087224960327148
1725 2223.7777725973046472063288092613220215
1726 2225.5646449956266224035061895847320557
1727 2226.3327340781952443649061024188995361
1728 2227.2462294915267193573527038097381592
1729 2227.9705741074812976876273751258850098
1730 2229.1279589285450128954835236072540283
1731 2230.8986908204888095497153699398040771
1732 2231.9771539130942983319982886314392090
1733 2232.9248535859096591593697667121887207
1734 2233.7202220637600476038642227649688721
1735 2234.8149348500164705910719931125640869
1736 2235.5466623937199983629398047924041748
1737 2236.7736439456602965947240591049194336
1738 2238.1547994242637287243269383907318115
1739 2239.1677441384545090841129422187805176
1740 2240.0212096246705186786130070686340332
1741 2241.5361864535507265827618539333343506
1742 2242.6211804443983055534772574901580811
1743 2243.3736687524014996597543358802795410
1744 2244.3707019858147759805433452129364014
1745 2245.5652868153156305197626352310180664
1746 2246.0165584448559457086957991123199463
1747 2247.3644312446558615192770957946777344
1748 2249.5501980555291083874180912971496582
1749 2249.7707672119840935920365154743194580
1750 2251.0466421490145876305177807807922363
1751 2251.8453184383606640039943158626556396
1752 2252.6784326697616052115336060523986816
1753 2254.5622476436210490646772086620330811
1754 2254.7590781159406105871312320232391357
1755 2255.8245654245529294712468981742858887
1756 2257.3463847737339165178127586841583252
1757 2258.5018472154624760150909423828125000
1758 2259.5178420189295138698071241378784180
1759 2260.8902596994330451707355678081512451
1760 2261.6600647769373608753085136413574219
1761 2262.6744294809004713897593319416046143
1762 2262.8783059337938539101742208003997803
1763 2264.6763996352747199125587940216064453
1764 2265.7684461033150000730529427528381348
1765 2267.3845010420036487630568444728851318
1766 2267.8791750293949007755145430564880371
1767 2269.2269982367361080832779407501220703
1768 2269.9191032393391651567071676254272461
1769 2271.3262822081396734574809670448303223
1770 2272.0490154852104751626029610633850098
1771 2273.3475338127373106544837355613708496
1772 2273.9562893899856135249137878417968750
1773 2275.0686648282207897864282131195068359
1774 2277.0793177605673918151296675205230713
1775 2278.0126280309668800327926874160766602
1776 2278.5259424279593076789751648902893066
1777 2279.5073059294209087966009974479675293
1778 2280.8707194978005645680241286754608154
1779 2281.3564837109015570604242384433746338
1780 2282.6903752475182045600377023220062256
1781 2284.0560114248482932453043758869171143
1782 2285.2222422048962471308186650276184082
1783 2286.1498143413818979752250015735626221
1784 2287.0461588414218567777425050735473633
1785 2288.5788492534229590091854333877563477
1786 2289.3362845988895060145296156406402588
1787 2290.2414585269989402149803936481475830
1788 2291.0976638290721894009038805961608887
1789 2291.9289013258821796625852584838867188
1790 2293.8961452191551870782859623432159424
1791 2294.6879185607922408962622284889221191
1792 2296.1150912126904586330056190490722656
1793 2296.9985226348489959491416811943054199
1794 2297.3726469383582298178225755691528320
1795 2298.6123633321858505951240658760070801
1796 2299.9615777700155376805923879146575928
1797 2301.2341258816877598292194306850433350
1798 2301.4548399245595646789297461509704590
1799 2303.2954820722679869504645466804504395
1800 2304.3051388110416155541315674781799316
1801 2305.5083567581141323898918926715850830
1802 2306.5177331210688862483948469161987305
1803 2307.3555533267681312281638383865356445
1804 2308.2102845344525121618062257766723633
1805 2309.3703579705179436132311820983886719
1806 2309.9311223721224450855515897274017334
1807 2312.0479965383801754796877503395080566
1808 2313.1909139750223403098061680793762207
1809 2313.6893595572764752432703971862792969
1810 2314.6211818984384080977179110050201416
1811 2316.0494546796244321740232408046722412
1812 2316.9624943533390251104719936847686768
1813 2317.8515317441269871778786182403564453
1814 2318.8260352229544878355227410793304443
1815 2320.0885230608919300721026957035064697
1816 2320.9495317000373688642866909503936768
1817 2322.8126325059238297399133443832397461
1818 2323.5342739467923820484429597854614258
1819 2324.5124549228894466068595647811889648
1820 2325.5570963642776405322365462779998779
1821 2325.9030165181065967772156000137329102
1822 2327.3768558026686150697059929370880127
1823 2328.6348749830722226761281490325927734
1824 2329.7057234673193306662142276763916016
1825 2331.0131101700553699629381299018859863
1826 2331.9427076358933845767751336097717285
1827 2332.9877656710568771813996136188507080
1828 2333.7208635981905899825505912303924561
1829 2335.5317119257933882181532680988311768
1830 2335.8671542896099708741530776023864746
1831 2336.6210366666218760656192898750305176
1832 2337.7617301984400910441763699054718018
1833 2339.6156838528177104308269917964935303
1834 2340.8267269575408136006444692611694336
1835 2341.3245964654597628396004438400268555
1836 2342.6540419576522253919392824172973633
1837 2343.2591593222377923666499555110931396
1838 2344.3112164425019727787002921104431152
1839 2345.5704837105458864243701100349426270
1840 2346.4641195848498682607896625995635986
1841 2347.9342547495152757619507610797882080
1842 2348.8434236193252218072302639484405518
1843 2349.7300542326756840338930487632751465
1844 2351.4550470643116568680852651596069336
1845 2352.1957020364370691822841763496398926
1846 2352.7508695876504134503193199634552002
1847 2353.9121356931527770939283072948455811
1848 2354.9510811739974087686277925968170166
1849 2355.8108139193645911291241645812988281
1850 2357.6083159357067415839992463588714600
1851 2358.9047055490073034889064729213714600
1852 2359.4348591532034333795309066772460938
1853 2360.3142848635461632511578500270843506
1854 2361.3425414590492437127977609634399414
1855 2362.7183178491986836888827383518218994
1856 2363.4956174813387406175024807453155518
1857 2364.7511758138371078530326485633850098
1858 2365.1915151788571165525354444980621338
1859 2367.2492198850795830367133021354675293
1860 2367.9577017441497446270659565925598145
1861 2369.2205775315751452581025660037994385
1862 2370.0933899679394016857258975505828857
1863 2371.1007475437736502499319612979888916
1864 2371.9381381634848366957157850265502930
1865 2372.4403474824575823731720447540283203
1866 2374.4442306249584362376481294631958008
1867 2375.5439668865783460205420851707458496
1868 2376.3554636222143017221242189407348633
1869 2377.7554076103224360849708318710327148
1870 2378.2129618489416316151618957519531250
1871 2379.7265027150060632266104221343994141
1872 2380.5456574780864684726111590862274170
1873 2381.5001239165967490407638251781463623
1874 2382.5308306834967879694886505603790283
1875 2383.3560140227191368467174470424652100
1876 2384.9650717010135849704965949058532715
1877 2386.4309369250358940917067229747772217
1878 2387.2990836637582106050103902816772461
1879 2387.8135687342601158889010548591613770
1880 2388.7482077382965144352056086063385010
1881 2389.9559882769399337121285498142242432
1882 2391.2605499710998628870584070682525635
1883 2391.7549821542652352945879101753234863
1884 2393.6305933987796379369683563709259033
1885 2394.4853680645537679083645343780517578
1886 2395.2701701999440047075040638446807861
1887 2396.6038788683645179844461381435394287
1888 2397.7916440590270212851464748382568359
1889 2398.5583117558753656339831650257110596
1890 2399.4338325455710219102911651134490967
1891 2400.1523563158070828649215400218963623
1892 2401.4829983339868704206310212612152100
1893 2403.4187985607231894391588866710662842
1894 2403.9753149703756207600235939025878906
1895 2404.9215933752948330948129296302795410
1896 2406.2539890863181426539085805416107178
1897 2406.7328509334638511063531041145324707
1898 2407.7159103374542610254138708114624023
1899 2409.4415023940036917338147759437561035
1900 2409.8816023794943248503841459751129150
1901 2411.1261933367786696180701255798339844
1902 2412.2229357480910039157606661319732666
1903 2413.9761234541610974702052772045135498
1904 2414.3798794627537063206546008586883545
1905 2415.5768932505507109453901648521423340
1906 2416.5340543113570674904622137546539307
1907 2417.2780872811326844384893774986267090
1908 2418.2294431744130633887834846973419189
1909 2419.5079172036084855790250003337860107
1910 2421.1429438828654383542016148567199707
1911 2422.1520847284273258992470800876617432
1912 2422.9962302479798381682485342025756836
1913 2423.5041472438388154841959476470947266
1914 2425.1247600907863670727238059043884277
1915 2426.1934372304040152812376618385314941
1916 2426.9070646589434545603580772876739502
1917 2427.6408971023720368975773453712463379
1918 2429.1855960035290991072542965412139893
1919 2430.2658125893703982001170516014099121
1920 2431.6111351515073693008162081241607666
1921 2432.7275692112561955582350492477416992
1922 2433.7058961414049917948432266712188721
1923 2433.9168743788586652954109013080596924
1924 2435.3488944974460537196137011051177979
1925 2436.1916004412387337652035057544708252
1926 2437.7940761416593886679038405418395996
1927 2438.6717908475584408733993768692016602
1928 2439.9271273857502819737419486045837402
1929 2440.8261604880108279758132994174957275
1930 2441.9298367122364652459509670734405518
1931 2443.0335601944243535399436950683593750
1932 2443.7754363802150692208670079708099365
1933 2445.1543813605649120290763676166534424
1934 2445.7449522833003356936387717723846436
1935 2446.3985232295544847147539258003234863
1936 2448.9883123426388920051977038383483887
1937 2449.2310323628362311865203082561492920
1938 2450.5036504519821392023004591464996338
1939 2451.1817079899265081621706485748291016
1940 2452.2833656177990633295848965644836426
1941 2453.2574857482386505580507218837738037
1942 2454.3005618663592031225562095642089844
1943 2455.4822882550715803517960011959075928
1944 2456.5145517496930551715195178985595703
1945 2457.9079992301894890260882675647735596
1946 2458.5467997184696287149563431739807129
1947 2460.0135793826475492096506059169769287
1948 2461.2022955820093557122163474559783936
1949 2461.7316281414068726007826626300811768
1950 2462.4642951438245290773920714855194092
1951 2463.5696672987951387767679989337921143
1952 2464.9278162712871562689542770385742188
1953 2466.1830969801148967235349118709564209
1954 2467.6408605674487262149341404438018799
1955 2468.1868159828045463655143976211547852
1956 2469.3362634393070038640871644020080566
1957 2469.7814849406622670358046889305114746
1958 2471.5392975971162741188891232013702393
1959 2472.3364174658518095384351909160614014
1960 2473.1071247447271161945536732673645020
1961 2474.2378498500156638328917324542999268
1962 2475.5393538846947194542735815048217773
1963 2477.0217549308035813737660646438598633
1964 2478.0148542121114587644115090370178223
1965 2478.3975980109735246514901518821716309
1966 2479.9773519110385677777230739593505859
1967 2480.4336074792645376874133944511413574
1968 2481.3567674660480406600981950759887695
1969 2482.6834115799047140171751379966735840
1970 2484.5032381063365392037667334079742432
1971 2485.0875906217124793329276144504547119
1972 2485.7856206707683668355457484722137451
1973 2487.3338366232992484583519399166107178
1974 2488.1138320045056389062665402889251709
1975 2489.2611576330500611220486462116241455
1976 2490.0510904262473559356294572353363037
1977 2491.1055164586232422152534127235412598
1978 2491.9074739076677360571920871734619141
1979 2493.4892955162858925177715718746185303
1980 2494.8661779812482564011588692665100098
1981 2495.8468407889213267480954527854919434
1982 2496.4853369880847822059877216815948486
1983 2497.6484648238229056005366146564483643
1984 2497.9699737791097504668869078159332275
1985 2499.8620429224383769906125962734222412
1986 2500.5643863995956053258851170539855957
1987 2501.5777445703779449104331433773040771
1988 2503.1852272679034285829402506351470947
1989 2504.0089336798728254507295787334442139
1990 2504.7721524290964225656352937221527100
1991 2506.3053518096576226525940001010894775
1992 2507.1518853560028219362720847129821777
1993 2507.8710391803024322143755853176116943
1994 2508.7660458487907817470841109752655029
1995 2509.6529975232342621893621981143951416
1996 2511.6601897754180754418484866619110107
1997 2512.5382209445360786048695445060729980
1998 2513.5795167458954892936162650585174561
1999 2514.2598589739745875704102218151092529
2000 2515.2864827889643493108451366424560547
2001 2516.5710488833110503037460148334503174
2002 2517.1469316887187233078293502330780029
2003 2518.5528520114630737225525081157684326
2004 2519.6342525120089703705161809921264648
2005 2520.4023234692513142363168299198150635
2006 2521.8851756472258784924633800983428955
2007 2523.2634798850695005967281758785247803
2008 2523.9670554254917078651487827301025391
2009 2524.6420457428057488868944346904754639
2010 2525.6879935548049616045318543910980225
2011 2526.8688102390469794045202434062957764
2012 2527.4187913274490711046382784843444824
2013 2529.3780435309736276394687592983245850
2014 2530.2736723838170291855931282043457031
2015 2531.5439610146186169004067778587341309
2016 2531.9693845000674627954140305519104004
2017 2533.0673171508560699294321238994598389
2018 2534.4086142713886147248558700084686279
2019 2535.5058863005797320511192083358764648
2020 2536.0918853131606738315895199775695801
2021 2536.8674850513198180124163627624511719
2022 2538.5598270090658843400888144969940186
2023 2539.9984071191238399478606879711151123
2024 2540.5316621866431887610815465450286865
2025 2541.9987294850880061858333647251129150
2026 2542.6876508638270024675875902175903320
2027 2543.3439550174116448033601045608520508
2028 2544.2909536525321527733467519283294678
2029 2545.8780177288635968579910695552825928
2030 2546.7611412726027992903254926204681396
2031 2548.1816155696496934979222714900970459
2032 2548.8959873777284883544780313968658447
2033 2549.9964844001488017966039478778839111
2034 2551.4111423153726718737743794918060303
2035 2551.8804458180738947703503072261810303
2036 2553.2756776534015443758107721805572510
2037 2553.7230690123624299303628504276275635
2038 2555.0508751470488277846015989780426025
2039 2555.8323506410943082300946116447448730
2040 2558.0091060305830978904850780963897705
2041 2558.7522113341374279116280376911163330
2042 2559.2342960511878118268214166164398193
2043 2560.2632892869951319880783557891845703
2044 2561.4056356515920924721285700798034668
2045 2562.4261131916682643350213766098022461
2046 2563.5017187207977258367463946342468262
2047 2564.3321079735214880201965570449829102
2048 2565.9752703071690120850689709186553955
2049 2566.5575578308234980795532464981079102
2050 2567.9585996004052503849379718303680420
2051 2569.0430900942101288819685578346252441
2052 2569.9481114876125502632930874824523926
2053 2570.9585253481754989479668438434600830
2054 2571.5407743087971539353020489215850830
2055 2572.3682082086497757700271904468536377
2056 2574.2071639300065726274624466896057129
2057 2575.4045118347830793936736881732940674
2058 2576.1410113774709316203370690345764160
2059 2577.5198355344582523684948682785034180
2060 2578.0701303140504023758694529533386230
2061 2578.9712985425985607434995472431182861
2062 2580.3461117154247403959743678569793701
2063 2581.3981408248200750676915049552917480
2064 2582.1387341564141024718992412090301514
2065 2583.0032946438022918300703167915344238
2066 2584.7584025373607801157049834728240967
2067 2585.7727395491219795076176524162292480
2068 2586.9251790481594071025028824806213379
2069 2587.5910013387565413722768425941467285
2070 2588.3682102121883872314356267452239990
2071 2589.5792646264117138343863189220428467
2072 2590.3716929165175315574742853641510010
2073 2591.5493785178423422621563076972961426
2074 2593.2758769554393438738770782947540283
2075 2594.0236185330377338686957955360412598
2076 2594.9050117512242650263942778110504150
2077 2595.6875302108164760284125804901123047
2078 2597.5461419301445857854560017585754395
2079 2597.9793532329731533536687493324279785
2080 2598.5987679725485577364452183246612549
2081 2600.1213548468449516803957521915435791
2082 2600.6419522565456645679660141468048096
2083 2602.4123005779129016445949673652648926
2084 2603.6287809822451890795491635799407959
2085 2604.5735645929662496200762689113616943
2086 2605.3680755524001142475754022598266602
2087 2606.2436641931753911194391548633575439
2088 2607.0036388861326486221514642238616943
2089 2608.3648995849789571366272866725921631
2090 2609.5520865962334937648847699165344238
2091 2610.4445207906155701493844389915466309
2092 2611.5436703975337877636775374412536621
2093 2612.9568068635580857517197728157043457
2094 2613.7319292186475649941712617874145508
2095 2614.7371359464468696387484669685363770
2096 2615.8477072843543282942846417427062988
2097 2616.9021180123445446952246129512786865
2098 2617.3350473681703078909777104854583740
2099 2618.2929155810179508989676833152770996
2100 2620.2793936575371844810433685779571533
2101 2621.4290549658062445814721286296844482
2102 2622.0486966817588836420327425003051758
2103 2622.9945078480768643203191459178924561
2104 2624.0506040848849806934595108032226562
2105 2624.9095019683163627632893621921539307
2106 2626.4605018498505160096101462841033936
2107 2626.7104719092531013302505016326904297
2108 2628.0980266133046825416386127471923828
2109 2629.6041395118600121350027620792388916
2110 2629.9948009850868402281776070594787598
2111 2632.0431166859298173221759498119354248
2112 2632.4436594087592311552725732326507568
2113 2633.6764004827027747523970901966094971
2114 2633.9665436541808958281762897968292236
2115 2635.2173315019854271668009459972381592
2116 2636.4325860230874241096898913383483887
2117 2637.5106834275993605842813849449157715
2118 2639.0625731441068637650460004806518555
2119 2640.0542462748881007428281009197235107
2120 2640.4629425919465575134381651878356934
2121 2641.8017449376811782713048160076141357
2122 2642.7557592351422499632462859153747559
2123 2643.9709009280213649617508053779602051
2124 2644.8878671150978334480896592140197754
2125 2645.3955669893812228110618889331817627
2126 2646.6899401674927503336220979690551758
2127 2648.5774294105140143074095249176025391
2128 2649.3256536961189340217970311641693115
2129 2650.0585444336320506408810615539550781
2130 2651.2273310644977755146101117134094238
2131 2652.1607748641054058680310845375061035
2132 2652.7706426201339127146638929843902588
2133 2653.8970696338019479298964142799377441
2134 2655.6157721939589464454911649227142334
2135 2656.2389983409457272500731050968170166
2136 2657.5377606538622785592451691627502441
2137 2658.3415574831496996921487152576446533
2138 2659.6583158505218307254835963249206543
2139 2660.6102455433592695044353604316711426
2140 2661.5825733698602562071755528450012207
2141 2662.1835732362278577056713402271270752
2142 2663.3939457185588253196328878402709961
2143 2664.2354891615223095868714153766632080
2144 2666.0301014076940191444009542465209961
2145 2666.9828490485379006713628768920898438
2146 2668.2918583424043390550650656223297119
2147 2668.6636516497865159180946648120880127
2148 2669.2537452704491443000733852386474609
2149 2670.9989986870095890481024980545043945
2150 2671.9183828204841120168566703796386719
2151 2672.6037797830713316216133534908294678
2152 2673.8746187223523520515300333499908447
2153 2675.2717592198778220335952937602996826
2154 2676.0664903745546325808390974998474121
2155 2677.2461939092945613083429634571075439
2156 2678.5381568845587025862187147140502930
2157 2679.0252818810358803602866828441619873
2158 2680.0390218161892335047014057636260986
2159 2680.8431172759055698406882584095001221
2160 2681.8410515396672053611837327480316162
2161 2683.8822756179397401865571737289428711
2162 2684.5291571585639758268371224403381348
2163 2685.3771136573559488169848918914794922
2164 2686.4961601617014821385964751243591309
2165 2687.4899398973848292371258139610290527
2166 2688.3850816779449814930558204650878906
2167 2689.4232761158409630297683179378509521
2168 2690.6331867754015547689050436019897461
2169 2691.3183826600925385719165205955505371
2170 2692.3687189051534005557186901569366455
2171 2694.1028206101564137497916817665100098
2172 2695.2089581941918368102051317691802979
2173 2695.7500490109105157898738980293273926
2174 2696.6953724726363361696712672710418701
2175 2697.8575578315749226021580398082733154
2176 2698.2909614132195201818831264972686768
2177 2699.9420274139602042851038277149200439
2178 2700.7312069087438430869951844215393066
2179 2702.4335447406156163197010755538940430
2180 2703.1436572483498821384273469448089600
2181 2703.9817140048862711410038173198699951
2182 2704.9557373954667127691209316253662109
2183 2706.5282470369838847545906901359558105
2184 2707.0907643873588312999345362186431885
2185 2708.1170687641561016789637506008148193
2186 2708.4765252156666974769905209541320801
2187 2710.3683597952913260087370872497558594
2188 2711.4582277764502578065730631351470947
2189 2712.7866872170161514077335596084594727
2190 2713.5252889888161007547751069068908691
2191 2714.3679068549172370694577693939208984
2192 2715.3398717136660707183182239532470703
2193 2716.0250492300692712888121604919433594
2194 2717.6657749788419096148572862148284912
2195 2718.3086526338120165746659040451049805
2196 2719.7709989277364002191461622714996338
2197 2720.4934749402273155283182859420776367
2198 2721.7987757270111615071073174476623535
2199 2723.0860826955386073677800595760345459
2200 2723.7689290589150914456695318222045898
2201 2724.5239246867731708334758877754211426
2202 2725.8829894890595824108459055423736572
2203 2726.4797011261161969741806387901306152
2204 2727.2744594253854302223771810531616211
2205 2729.3950417605656184605322778224945068
2206 2730.4928920915526759927161037921905518
2207 2730.7977023750909211230464279651641846
2208 2732.0040501665343981585465371608734131
2209 2732.8301237603163826861418783664703369
2210 2734.2007830976872355677187442779541016
2211 2734.9388561128444052883423864841461182
2212 2736.0004792193440152914263308048248291
2213 2736.9220485303230816498398780822753906
2214 2738.2664441654960683081299066543579102
2215 2739.5135474369590156129561364650726318
2216 2740.3111095549320452846586704254150391
2217 2741.8788528922841578605584800243377686
2218 2742.2541072360463658696971833705902100
2219 2742.9930677567253951565362513065338135
2220 2743.9534696529935899889096617698669434
2221 2745.3218318204235401935875415802001953
2222 2746.7147989312024947139434516429901123
2223 2747.5140979293446434894576668739318848
2224 2748.9161908717824189807288348674774170
2225 2749.6436494440122260130010545253753662
2226 2750.3140832553426662343554198741912842
2227 2751.8236714020931685809046030044555664
2228 2752.7155024051426153164356946945190430
2229 2753.4877964077277283649891614913940430
2230 2754.4586630322664859704673290252685547
2231 2755.4168761454493505880236625671386719
2232 2757.3018681047442441922612488269805908
2233 2758.2781030235610160161741077899932861
2234 2758.8586706797441365779377520084381104
2235 2759.8986136078829076723195612430572510
2236 2760.6571513476746986270882189273834229
2237 2762.0828800163581036031246185302734375
2238 2762.4445807693064125487580895423889160
2239 2764.0418461817816933034919202327728271
2240 2765.4076911017546080984175205230712891
2241 2766.1570356456422814517281949520111084
2242 2766.8872698722898348933085799217224121
2243 2768.6645239050667441915720701217651367
2244 2769.1446991662014625035226345062255859
2245 2770.2790938387352071003988385200500488
2246 2771.0173924357213763869367539882659912
2247 2771.8962938342183406348340213298797607
2248 2773.0297134536049270536750555038452148
2249 2774.6700107457800186239182949066162109
2250 2775.7257072693146255915053188800811768
2251 2776.6191605609756152261979877948760986
2252 2777.5121255246895088930614292621612549
2253 2778.2896955278865789296105504035949707
2254 2779.1275392342568011372350156307220459
2255 2780.7711185048074185033328831195831299
2256 2781.6560705444690029253251850605010986
2257 2781.9892393498303135856986045837402344
2258 2783.9436653467100768466480076313018799
2259 2784.7052838449844784918241202831268311
2260 2786.0433359607113743550144135951995850
2261 2786.7025664870352557045407593250274658
2262 2787.9320215550005741533823311328887939
2263 2788.7962776278300225385464727878570557
2264 2789.1975608498851215699687600135803223
2265 2790.4930807137807278195396065711975098
2266 2792.1133784983285295311361551284790039
2267 2793.3014692712422402109950780868530273
2268 2794.2380934817865636432543396949768066
2269 2794.6538242732340222573839128017425537
2270 2796.0347614593365506152622401714324951
2271 2797.1745391466592991491779685020446777
2272 2797.9729009571065034833736717700958252
2273 2798.7981399846212298143655061721801758
2274 2800.0674447623478044988587498664855957
2275 2800.9376030770881698117591440677642822
2276 2802.2248014580745802959427237510681152
2277 2803.8649554057001296314410865306854248
2278 2804.4189353306956036249175667762756348
2279 2805.2053001772901552612893283367156982
2280 2806.0027323831582179991528391838073730
2281 2807.1323182327678296132944524288177490
2282 2808.1535012998192541999742388725280762
2283 2809.2916522528921632329002022743225098
2284 2810.7246339465900746290571987628936768
2285 2811.4609920629891348653472959995269775
2286 2812.8619973307149848551489412784576416
2287 2813.2014884012769471155479550361633301
2288 2814.6567578709500594413839280605316162
2289 2815.8386541986201336840167641639709473
2290 2816.3379551834941594279371201992034912
2291 2817.4589075832009257283061742782592773
2292 2817.9494622625879856059327721595764160
2293 2820.4888416170842901919968426227569580
2294 2820.6608416536264485330320894718170166
2295 2821.8919301674222879228182137012481689
2296 2822.9230262098690218408592045307159424
2297 2823.8669924733421794371679425239562988
2298 2824.2818838739894999889656901359558105
2299 2825.8726568249394404119811952114105225
2300 2826.7121705101671977899968624114990234
2301 2828.0299740360260329907760024070739746
2302 2828.8515266560207237489521503448486328
2303 2830.0875454125625765300355851650238037
2304 2831.1284255503605891135521233081817627
2305 2832.4165511400242394302040338516235352
2306 2833.1380361992969483253546059131622314
2307 2833.6587169935473866644315421581268311
2308 2834.9802486076850982499308884143829346
2309 2835.7758476096869344473816454410552979
2310 2837.0144720438775038928724825382232666
2311 2838.8128816159905909444205462932586670
2312 2839.4857532337582597392611205577850342
2313 2840.2857546111436022329144179821014404
2314 2840.9206726914762839442119002342224121
2315 2842.3326410994905018014833331108093262
2316 2843.4698376617488975170999765396118164
2317 2844.1989867191186931449919939041137695
2318 2845.0254334795663453405722975730895996
2319 2846.3907761699456386850215494632720947
2320 2847.5359354395923219271935522556304932
2321 2848.7703084595023028668947517871856689
2322 2849.7970865777342623914591968059539795
2323 2850.4718879311594719183631241321563721
2324 2851.6789377445684294798411428928375244
2325 2852.3037265860211846302263438701629639
2326 2852.9262149414053055807016789913177490
2327 2854.8323941888402259792201220989227295
2328 2855.8537211059046967420727014541625977
2329 2856.8161333995267341379076242446899414
2330 2857.7361396499272814253345131874084473
2331 2858.8578604416361486073583364486694336
2332 2859.8387489912947785342112183570861816
2333 2860.5774366319374166778288781642913818
2334 2862.1202078287278709467500448226928711
2335 2862.5069663466438214527443051338195801
2336 2863.3635896251098529319278895854949951
2337 2864.9114267777849818230606615543365479
2338 2866.4932096058055321918800473213195801
2339 2867.1493563375279336469247937202453613
2340 2868.2241638578043421148322522640228271
2341 2868.6576296353987345355562865734100342
2342 2869.8434567251142652821727097034454346
2343 2870.9095064396342422696761786937713623
2344 2872.0235112482278054812923073768615723
2345 2872.8585552795047988183796405792236328
2346 2874.5691542329095682362094521522521973
2347 2875.2821194093085068743675947189331055
2348 2875.8899143385442584985867142677307129
2349 2877.5466492236482736188918352127075195
2350 2878.5270028708700920105911791324615479
2351 2879.1199073679226785316132009029388428
2352 2879.8689737230542959878221154212951660
2353 2880.9789947274439327884465456008911133
2354 2882.1536464475002503604628145694732666
2355 2884.0136578078727325191721320152282715
2356 2884.3467578007821430219337344169616699
2357 2885.7730557297709310660138726234436035
2358 2886.3088749020562318037264049053192139
2359 2887.2248852847615125938318669795989990
2360 2888.3943823695371975190937519073486328
2361 2889.4041680258069391129538416862487793
2362 2890.6426261852020616061054170131683350
2363 2891.2800780713214408024214208126068115
2364 2892.4626239398967300076037645339965820
2365 2894.1744489424299899837933480739593506
2366 2894.7465500461930787423625588417053223
2367 2895.6411036137733390205539762973785400
2368 2896.8254049752194987377151846885681152
2369 2897.4283002357860823394730687141418457
2370 2898.5413531899494046228937804698944092
2371 2899.1777799468809462268836796283721924
2372 2901.2638503798634701524861156940460205
2373 2902.0651023533291663625277578830718994
2374 2902.8557854616892655030824244022369385
2375 2903.9578788130029352032579481601715088
2376 2904.5981959832988650305196642875671387
2377 2906.1764175424705172190442681312561035
2378 2906.9233394216362285078503191471099854
2379 2907.6057371236547623993828892707824707
2380 2908.6580455635375983547419309616088867
2381 2910.0282335072488422156311571598052979
2382 2911.1429036867175454972311854362487793
2383 2912.3459046156913245795294642448425293
2384 2913.5227854556778765982016921043395996
2385 2914.0446116412758783553726971149444580
2386 2914.8027025206411053659394383430480957
2387 2915.6859754620772946509532630443572998
2388 2917.2741734063592957681976258754730225
2389 2917.9824167545730233541689813137054443
2390 2919.3217724149144487455487251281738281
2391 2920.6155559110393369337543845176696777
2392 2921.0831991897321131546050310134887695
2393 2922.3960847055877820821478962898254395
2394 2923.3909325680024267057888209819793701
2395 2924.3334352354522707173600792884826660
2396 2925.2615093594313293579034507274627686
2397 2926.2954362311302247690036892890930176
2398 2926.6240144106286606984212994575500488
2399 2928.7610738913908789982087910175323486
2400 2930.0043666191013471689075231552124023
2401 2930.7111691428444828488864004611968994
2402 2931.0691006246906908927485346794128418
2403 2932.8064148059829676640219986438751221
2404 2933.1748571776251992559991776943206787
2405 2934.2907176927355976658873260021209717
2406 2935.5524636848758746054954826831817627
2407 2936.5503748743158212164416909217834473
2408 2937.7089588605485914740711450576782227
2409 2938.5812202298329793848097324371337891
2410 2939.8475291772683704039081931114196777
2411 2941.2616025079305472900159657001495361
2412 2941.4252175287592763197608292102813721
2413 2942.7248855408042800263501703739166260
2414 2943.3536847618024694384075701236724854
2415 2944.3216486938572415965609252452850342
2416 2945.9444992087592254392802715301513672
2417 2946.9223947952377784531563520431518555
2418 2948.3742620133143645944073796272277832
2419 2948.8675768780549333314411342144012451
2420 2949.7901430195142893353477120399475098
2421 2950.5211084511911394656635820865631104
2422 2952.2838295025139814242720603942871094
2423 2952.8271762297599707380868494510650635
2424 2953.5890311984685467905364930629730225
2425 2954.7112753417204658035188913345336914
2426 2956.2587303320024147978983819484710693
2427 2957.2362592853278329130262136459350586
2428 2958.2907761884289357112720608711242676
2429 2959.2210140917050011921674013137817383
2430 2960.0336177322724324767477810382843018
2431 2960.8148393064839183352887630462646484
2432 2961.8259707131392133305780589580535889
2433 2962.8196364218329108553007245063781738
2434 2964.6339213638430010178126394748687744
2435 2965.3983418165589682757854461669921875
2436 2966.0652699543852577335201203823089600
2437 2967.2701905331368834595195949077606201
2438 2968.4053489797915972303599119186401367
2439 2969.4011369381814802181906998157501221
2440 2970.0499302263779100030660629272460938
2441 2971.1222382710930105531588196754455566
2442 2972.3088842771030613221228122711181641
2443 2972.8116862433980713831260800361633301
2444 2975.0180204139633133308961987495422363
2445 2975.6199574034562829183414578437805176
2446 2976.5262323734668825636617839336395264
2447 2977.5535750823291891720145940780639648
2448 2977.9819781213791429763659834861755371
2449 2979.3190422561365267029032111167907715
2450 2980.4873811441257203114219009876251221
2451 2981.3439473676235138555057346820831299
2452 2982.5237198900285875424742698669433594
2453 2983.8253334118217026116326451301574707
2454 2984.6391776252703493810258805751800537
2455 2985.5476660881713542039506137371063232
2456 2986.8053934234167172689922153949737549
2457 2987.8561517690241089439950883388519287
2458 2988.6346987177994378725998103618621826
2459 2988.8550470973941628471948206424713135
2460 2990.4232705098738733795471489429473877
2461 2992.1636687854716001311317086219787598
2462 2992.8688662079230198287405073642730713
2463 2993.9743529071010925690643489360809326
2464 2994.8655067758663790300488471984863281
2465 2995.5402666429736200370825827121734619
2466 2996.7365059878138708882033824920654297
2467 2997.6472030754357547266408801078796387
2468 2998.9593008963665852206759154796600342
2469 2999.4944928978447933332063257694244385
2470 3001.0233311056554157403297722339630127
2471 3001.7073324832663274719379842281341553
2472 3003.4770428095289389602839946746826172
2473 3004.2909757224788336316123604774475098
2474 3004.6623090175780816935002803802490234
2475 3005.7729294230075538507662713527679443
2476 3006.9907382354776927968487143516540527
2477 3007.4686994029552806750871241092681885
2478 3008.8821209381812877836637198925018311
2479 3010.5149620080264867283403873443603516
2480 3011.3443799426095210947096347808837891
2481 3012.0746950987204400007613003253936768
2482 3012.7884506803766271332278847694396973
2483 3014.4590821135698206489905714988708496
2484 3014.9116667899852473055943846702575684
2485 3016.3483945742946161772124469280242920
2486 3016.7000606839610554743558168411254883
2487 3017.7834402285752730676904320716857910
2488 3019.4617757745363633148372173309326172
2489 3020.4876340361006441526114940643310547
2490 3021.4204008877741216565482318401336670
2491 3022.4474840376551583176478743553161621
2492 3023.3385094512696014135144650936126709
2493 3023.9309957061368550057522952556610107
2494 3024.7939637231966116814874112606048584
2495 3026.5108270168684612144716084003448486
2496 3027.2995229364041733788326382637023926
2497 3028.4015224908571326523087918758392334
2498 3029.4993884279074336518533527851104736
2499 3030.5945298470387569977901875972747803
2500 3031.2892175724991830065846443176269531
2501 3032.7560294447312116972170770168304443
2502 3033.2181236158894535037688910961151123
2503 3034.3609071170376410009339451789855957
2504 3035.0741037964999122777953743934631348
2505 3036.1331132017721756710670888423919678
2506 3037.9803836573810258414596319198608398
2507 3039.0336513935335460701026022434234619
2508 3039.5216012729897556710056960582733154
2509 3040.5004272924834367586299777030944824
2510 3041.2568034173409614595584571361541748
2511 3042.6530497613457555416971445083618164
2512 3043.6705414333127919235266745090484619
2513 3044.0551282171682032640092074871063232
2514 3046.0500301606680295662954449653625488
2515 3046.4545040110897389240562915802001953
2516 3047.7088176309844129718840122222900391
2517 3048.9226323562525067245587706565856934
2518 3050.0196765043865525512956082820892334
2519 3050.8012328140948739019222557544708252
2520 3051.3423837173604624695144593715667725
2521 3052.4768486678240151377394795417785645
2522 3053.3482660238933021901175379753112793
2523 3054.9865207932652992894873023033142090
2524 3056.2429231796240856056101620197296143
2525 3056.7651382608182757394388318061828613
2526 3058.0137028707194986054673790931701660
2527 3058.9014944622504117432981729507446289
2528 3059.4378618247819758835248649120330811
2529 3061.0627001567927436553873121738433838
2530 3061.8375845786104036960750818252563477
2531 3062.7268732844795522396452724933624268
2532 3063.4350864343477951479144394397735596
2533 3065.2865555939115438377484679222106934
2534 3066.3202503185711975675076246261596680
2535 3067.0713204224775836337357759475708008
2536 3068.0135015585365181323140859603881836
2537 3068.9842664680963935097679495811462402
2538 3069.7829050216259929584339261054992676
2539 3070.5426216385994848678819835186004639
2540 3072.0009933989213095628656446933746338
2541 3073.1852378677613160107284784317016602
2542 3074.5234943246787224779836833477020264
2543 3075.0338726631698591518215835094451904
2544 3075.8334790944527412648312747478485107
2545 3077.4274734846449064207263290882110596
2546 3078.2862272755228332243859767913818359
2547 3078.8973788213488660403527319431304932
2548 3079.8713944570490639307536184787750244
2549 3080.8563822426131082465872168540954590
2550 3082.1631637885193413239903748035430908
2551 3083.3613579297607429907657206058502197
2552 3084.8384518176198980654589831829071045
2553 3085.3772690439973303000442683696746826
2554 3085.9655219007163395872339606285095215
2555 3087.0188152744512990466319024562835693
2556 3088.0834369190879442612640559673309326
2557 3089.2223088353830462438054382801055908
2558 3090.2821948421214983682148158550262451
2559 3091.1544696684104565065354108810424805
2560 3092.6876669455714363721199333667755127
2561 3093.1854455266966397175565361976623535
2562 3094.8330680073540861485525965690612793
2563 3095.1320314354470610851421952247619629
2564 3096.5154852802188543137162923812866211
2565 3097.3426062156750049325637519359588623
2566 3098.0383548265272111166268587112426758
2567 3098.7580899317754301591776311397552490
2568 3101.0793730260384108987636864185333252
2569 3101.6573705176951989415101706981658936
2570 3102.4360893231214504339732229709625244
2571 3103.5899160804601706331595778465270996
2572 3104.3625464496471977327018976211547852
2573 3105.3914023586030452861450612545013428
2574 3106.3963527958048871369101107120513916
2575 3107.4842559996595809934660792350769043
2576 3108.3035963980919405003078281879425049
2577 3109.5330997971959732240065932273864746
2578 3110.5572004684554485720582306385040283
2579 3111.9207277386331043089739978313446045
2580 3112.8407378674091887660324573516845703
2581 3113.7552136322001388180069625377655029
2582 3114.4734163522180097061209380626678467
2583 3115.0026721690628619398921728134155273
2584 3116.7204509460243571083992719650268555
2585 3117.2697234886973092216067016124725342
2586 3118.9550137553542299428954720497131348
2587 3119.9575567676192804356105625629425049
2588 3120.9862153088552076951600611209869385
2589 3121.3372199703953810967504978179931641
2590 3122.6101288174932051333598792552947998
2591 3124.1502255514160424354486167430877686
2592 3124.5259226959360603359527885913848877
2593 3125.3744414702368885627947747707366943
2594 3126.4501163330169219989329576492309570
2595 3127.6930123506690506474114954471588135
2596 3129.4686127051609219051897525787353516
2597 3129.7962058255179726984351873397827148
2598 3130.8776635684534994652494788169860840
2599 3131.8610901123347503016702830791473389
2600 3132.6983312081974872853606939315795898
2601 3133.3988836298822207027114927768707275
2602 3134.6354458323266953811980783939361572
2603 3136.0155607119322667131200432777404785
2604 3137.1751727970113279297947883605957031
2605 3137.6134950099503839737735688686370850
2606 3139.0495083801733926520682871341705322
2607 3140.1384940262241798336617648601531982
2608 3141.0011746486488846130669116973876953
2609 3141.7480326302802495774812996387481689
2610 3142.9794565194615643122233450412750244
2611 3143.5674992178210231941193342208862305
2612 3144.4904881430566092603839933872222900
2613 3146.2835283169306421768851578235626221
2614 3147.3446064750551158795133233070373535
2615 3148.3790415229996142443269491195678711
2616 3148.8612284663677201024256646633148193
2617 3149.7717389311419537989422678947448730
2618 3150.8246528297077020397409796714782715
2619 3152.1510593585899187019094824790954590
2620 3152.9945598603908365475945174694061279
2621 3153.5969765924482999253086745738983154
2622 3155.3121081924564350629225373268127441
2623 3156.3003578310645025339908897876739502
2624 3156.9057615081119365640915930271148682
2625 3158.5782876652056074817664921283721924
2626 3159.2652049059688579291105270385742188
2627 3159.8040979972292916500009596347808838
2628 3161.0619127122336067259311676025390625
2629 3161.4024349157525648479349911212921143
2630 3163.3119596143706075963564217090606689
2631 3164.3505313584100804291665554046630859
2632 3165.5405981236754087149165570735931396
2633 3166.1395868587333097821101546287536621
2634 3167.1210949128517313511110842227935791
2635 3168.1975158965351511142216622829437256
2636 3169.1797645403521528351120650768280029
2637 3170.0141314851653078221715986728668213
2638 3171.3439582735345538822002708911895752
2639 3171.8377742936218055547215044498443604
2640 3173.0116338450034163543023169040679932
2641 3174.8153861139007858582772314548492432
2642 3175.5287229915784337208606302738189697
2643 3176.4803440122677784529514610767364502
2644 3176.9156359568969492102041840553283691
2645 3178.3717048988009992172010242938995361
2646 3178.9025952809588488889858126640319824
2647 3180.0112132989625024492852389812469482
2648 3181.3285016417030419688671827316284180
2649 3182.8394470912198812584392726421356201
2650 3183.2056730625845375470817089080810547
2651 3184.4514999941620772005990147590637207
2652 3185.2143444906687363982200622558593750
2653 3186.5458692973252254887484014034271240
2654 3187.6461626361242451821453869342803955
2655 3188.0554818235659695346839725971221924
2656 3188.8774608883777545997872948646545410
2657 3190.1686619449219506350345909595489502
2658 3191.7062563198696807376109063625335693
2659 3192.6817915299398009665310382843017578
2660 3193.5572083635979652171954512596130371
2661 3194.7867069624862779164686799049377441
2662 3195.3266994994801279972307384014129639
2663 3195.7938959034381696255877614021301270
2664 3197.5471656562385760480538010597229004
2665 3198.4301257633205750607885420322418213
2666 3199.2489771358013967983424663543701172
2667 3200.6632702982560658711008727550506592
2668 3201.4248664698125139693729579448699951
2669 3202.7782864026139577617868781089782715
2670 3203.6308910235939038102515041828155518
2671 3204.5574104335582887870259582996368408
2672 3205.4975808428107484360225498676300049
2673 3206.2288935392953135306015610694885254
2674 3207.2700625027837304514832794666290283
2675 3208.0861339780440175672993063926696777
2676 3210.3524202451953897252678871154785156
2677 3210.6703886309869631077162921428680420
2678 3211.6188326932278869207948446273803711
2679 3212.3192272495289216749370098114013672
2680 3213.6064989321912435116246342658996582
2681 3214.6675627149570573237724602222442627
2682 3215.3252990779483297956176102161407471
2683 3216.4915246453074360033497214317321777
2684 3217.4308047638533025747165083885192871
2685 3218.6599838318743422860279679298400879
2686 3219.6391714013843738939613103866577148
2687 3221.1983419906482595251873135566711426
2688 3221.6094762798611554899252951145172119
2689 3222.8138411775880740606226027011871338
2690 3223.3725663719997100997716188430786133
2691 3224.2137064039734468678943812847137451
2692 3225.3667158834941801615059375762939453
2693 3227.0441025227210047887638211250305176
2694 3227.5251495120228355517610907554626465
2695 3229.0163116055728096398524940013885498
2696 3229.9810670307952022994868457317352295
2697 3230.3366363279737925040535628795623779
2698 3231.7413479476626889663748443126678467
2699 3232.7387129556409490760415792465209961
2700 3233.9133603575619417824782431125640869
2701 3234.3065909516290048486553132534027100
2702 3235.1546171059935659286566078662872314
2703 3237.0875794648000010056421160697937012
2704 3237.9982362198770715622231364250183105
2705 3239.0904345337066843057982623577117920
2706 3239.7673138193576960475184023380279541
2707 3240.6057473212767945369705557823181152
2708 3241.5953128889868821715936064720153809
2709 3242.5683074921962543157860636711120605
2710 3243.5016526337212781072594225406646729
2711 3244.8841570671111185220070183277130127
2712 3246.0401576723661491996608674526214600
2713 3246.8416759816564081120304763317108154
2714 3247.5705034591946969158016145229339600
2715 3249.3080855170846916735172271728515625
2716 3249.9064462059286597650498151779174805
2717 3250.6133243783860962139442563056945801
2718 3251.5106377915462871897034347057342529
2719 3252.7239910609896469395607709884643555
2720 3253.3690173356617378885857760906219482
2721 3255.1420765306656903703697025775909424
2722 3256.3466128494792428682558238506317139
2723 3256.9419435036770664737559854984283447
2724 3257.8313402675412362441420555114746094
2725 3258.7067144954298782977275550365447998
2726 3259.5397306208042209618724882602691650
2727 3261.1921246299471022211946547031402588
2728 3261.5353127413936817902140319347381592
2729 3262.7189688089765695622190833091735840
2730 3263.7849404810567648382857441902160645
2731 3265.1987717092051752842962741851806641
2732 3266.1537866084509005304425954818725586
2733 3266.8039546947902636020444333553314209
2734 3268.1885180509534620796330273151397705
2735 3268.9094087093199050286784768104553223
2736 3269.5167851258365772082470357418060303
2737 3270.3108033409025665605440735816955566
2738 3272.0193975920983575633727014064788818
2739 3273.3630331122903953655622899532318115
2740 3274.0599531711704912595450878143310547
2741 3274.8635677310912797111086547374725342
2742 3276.1241548736898039351217448711395264
2743 3276.6945544488589803222566843032836914
2744 3278.0594783246033330215141177177429199
2745 3278.9861938506828664685599505901336670
2746 3279.4895096740592634887434542179107666
2747 3280.9764186117536155506968498229980469
2748 3281.7066907198268381762318313121795654
2749 3283.2391242196954408427700400352478027
2750 3284.4998630879099437152035534381866455
2751 3285.2028283424187975469976663589477539
2752 3285.6822593063916428945958614349365234
2753 3286.7185401392725907498970627784729004
2754 3287.7730920156482170568779110908508301
2755 3288.9369727499170039664022624492645264
2756 3289.7243064831945957848802208900451660
2757 3291.3857258265497875981964170932769775
2758 3292.2226418578238735790364444255828857
2759 3292.8567160830853026709519326686859131
2760 3293.9758691347487911116331815719604492
2761 3295.2666632125637988792732357978820801
2762 3296.0217548520304262638092041015625000
2763 3296.8731422604741965187713503837585449
2764 3297.8368423274241649778559803962707520
2765 3298.3578787797041513840667903423309326
2766 3300.4505761398731920053251087665557861
2767 3301.4137761194870108738541603088378906
2768 3302.0170976491417604847811162471771240
2769 3303.3172620657214793027378618717193604
2770 3303.8137195029321446781978011131286621
2771 3305.0761774564534789533354341983795166
2772 3305.4720888834608558681793510913848877
2773 3307.2217117150967169436626136302947998
2774 3308.0454023816228072973899543285369873
2775 3308.8328776210455544060096144676208496
2776 3310.2357067914008439402095973491668701
2777 3311.1553062099883391056209802627563477
2778 3312.3494596337386610684916377067565918
2779 3313.1998769946831089328043162822723389
2780 3313.8426625376478114048950374126434326
2781 3315.0150137730706774163991212844848633
2782 3315.6197423542016622377559542655944824
2783 3316.7524533998466722550801932811737061
2784 3318.3874701815993830678053200244903564
2785 3319.4126490899034251924604177474975586
2786 3320.4767001476720906794071197509765625
2787 3320.8879413243821545620448887348175049
2788 3321.6635725826617999700829386711120605
2789 3323.4909233217813380178995430469512939
2790 3323.8751245688936251099221408367156982
2791 3324.9256840336392997414804995059967041
2792 3325.6916269341281804372556507587432861
2793 3327.3384416925237019313499331474304199
2794 3327.9882690903814363991841673851013184
2795 3329.4655840533669106662273406982421875
2796 3330.2904001383976719807833433151245117
2797 3331.2994038043934779125265777111053467
2798 3331.8922879087995170266367495059967041
2799 3332.7008984298290670267306268215179443
2800 3333.7813828582175119663588702678680420
2801 3335.0459963902867457363754510879516602
2802 3336.5759683853084425209090113639831543
2803 3337.0442116634758349391631782054901123
2804 3338.1504073638561749248765408992767334
2805 3339.2566735648661051527597010135650635
2806 3340.1171525461440978688187897205352783
2807 3340.9722635197440467891283333301544189
2808 3342.2115549197023938177153468132019043
2809 3343.0517223986707904259674251079559326
2810 3343.6049087172550571267493069171905518
2811 3344.8522558813619980355724692344665527
2812 3346.8484306147220195271074771881103516
2813 3347.3978308479599945712834596633911133
2814 3347.9360018757679426926188170909881592
2815 3349.3010276816421537660062313079833984
2816 3349.8562522829643057775683701038360596
2817 3350.8037041372426756424829363822937012
2818 3352.1538041689709643833339214324951172
2819 3352.8453646556718013016507029533386230
2820 3354.2782313684820110211148858070373535
2821 3355.4836803909038280835375189781188965
2822 3355.8805784223923183162696659564971924
2823 3357.1981541672648745588958263397216797
2824 3358.4026998101662684348411858081817627
2825 3359.3592835052513692062348127365112305
2826 3359.8524046348811680218204855918884277
2827 3360.5841533036555119906552135944366455
2828 3361.8875885694396856706589460372924805
2829 3363.2338784061848855344578623771667480
2830 3364.3557636485611510579474270343780518
2831 3365.6009576844944604090414941310882568
2832 3366.1208836642963433405384421348571777
2833 3367.0555424908106942893937230110168457
2834 3367.7694437347090570256114006042480469
2835 3369.1837286843438050709664821624755859
2836 3370.0616516043155570514500141143798828
2837 3370.9975360334801735007204115390777588
2838 3371.9224455361245418316684663295745850
2839 3373.1601409761278773657977581024169922
2840 3374.4274719616214497364126145839691162
2841 3375.3799557689262655912898480892181396
2842 3376.2983861328766579390503466129302979
2843 3376.8209705710296475444920361042022705
2844 3378.2589566743617979227565228939056396
2845 3378.7806083115883666323497891426086426
2846 3379.4601926844179615727625787258148193
2847 3381.6346473627718296484090387821197510
2848 3382.2967147418403328629210591316223145
2849 3383.3484893357172040850855410099029541
2850 3383.8712122086490126093849539756774902
2851 3385.1773108099532691994681954383850098
2852 3386.1662956549062073463574051856994629
2853 3387.1495642574691373738460242748260498
2854 3387.8087777413647927460260689258575439
2855 3389.0918802584701552405022084712982178
2856 3389.6488791697875058162026107311248779
2857 3391.4812336281320312991738319396972656
2858 3392.1475725209365918999537825584411621
2859 3393.6517856315103927045129239559173584
2860 3394.1376665681482336367480456829071045
2861 3394.9911065130145289003849029541015625
2862 3395.6148511946803409955464303493499756
2863 3396.8900663811164122307673096656799316
2864 3398.2716772483145177830010652542114258
2865 3398.8411973547090383362956345081329346
2866 3400.3224764844972014543600380420684814
2867 3401.3874508686558328918181359767913818
2868 3402.0004416360379764228127896785736084
2869 3403.0088649607878323877230286598205566
2870 3404.3627614953411466558463871479034424
2871 3405.1329189366642822278663516044616699
2872 3405.8099428408213498187251389026641846
2873 3406.6794828317861174582503736019134521
2874 3407.7283143384138384135439991950988770
2875 3409.5787369408617450972087681293487549
2876 3410.4245654185806415625847876071929932
2877 3411.2236338312877705902792513370513916
2878 3411.8558304699527070624753832817077637
2879 3413.2190360674094335990957915782928467
2880 3413.7108192377072555245831608772277832
2881 3415.0064153541461564600467681884765625
2882 3415.8066235922642590594477951526641846
2883 3417.2017254990360015654005110263824463
2884 3418.1948427398665444343350827693939209
2885 3418.7442465489430105662904679775238037
2886 3420.5405829904057100065983831882476807
2887 3421.3075371997283582459203898906707764
2888 3421.8824200833514623809605836868286133
2889 3423.1285941806054324842989444732666016
2890 3423.6113943648888380266726016998291016
2891 3424.7289898348180940956808626651763916
2892 3425.8309176764887524768710136413574219
2893 3427.4318110615977275301702320575714111
2894 3428.3450144485723285470157861709594727
2895 3429.0771612471207845374010503292083740
2896 3430.1588091918620193609967827796936035
2897 3430.6116185764230976928956806659698486
2898 3432.0263664466183399781584739685058594
2899 3433.3063308520886494079604744911193848
2900 3433.7697101591547834686934947967529297
2901 3434.4329302916130473022349178791046143
2902 3436.1836075617065944243222475051879883
2903 3437.2191615327055842499248683452606201
2904 3438.2126160037305453442968428134918213
2905 3439.1124299630346285994164645671844482
2906 3440.2292996413016226142644882202148438
2907 3440.8440261681553238304331898689270020
2908 3441.4679779155148935387842357158660889
2909 3442.6833925006103527266532182693481445
2910 3444.0365707684777589747682213783264160
2911 3445.2774324592592165572568774223327637
2912 3446.0153862218830909114331007003784180
2913 3447.1589252879603009205311536788940430
2914 3447.7005177163755433866754174232482910
2915 3449.4970024120784728438593447208404541
2916 3449.6850017663227845332585275173187256
2917 3450.7234877754472108790650963783264160
2918 3451.9406695391062385169789195060729980
2919 3452.5698167394475603941828012466430664
2920 3453.6778939596224518027156591415405273
2921 3455.4887993389265830046497285366058350
2922 3456.2586147966076168813742697238922119
2923 3457.1841734485060442239046096801757812
2924 3457.5735987924444998498074710369110107
2925 3458.6654107267759172827936708927154541
2926 3460.0460640628498367732390761375427246
2927 3460.4842302624438161728903651237487793
2928 3461.9159712574810328078456223011016846
2929 3462.8967324905879650032147765159606934
2930 3464.0838321495302807306870818138122559
2931 3464.9776952544516461784951388835906982
2932 3465.8271557202260737540200352668762207
2933 3467.2044041922663382138125598430633545
2934 3467.9094708040547629934735596179962158
2935 3468.7755510891593075939454138278961182
2936 3469.5519128659470879938453435897827148
2937 3470.2141088549169580801390111446380615
2938 3472.2490181971625133883208036422729492
2939 3473.1687633728834043722599744796752930
2940 3473.8148818709041734109632670879364014
2941 3475.2191070093222151626832783222198486
2942 3475.7177926356216630665585398674011230
2943 3476.5199317183087259763851761817932129
2944 3477.7001901695875858422368764877319336
2945 3479.0498301807447205646894872188568115
2946 3479.4659654930283068097196519374847412
2947 3480.6829159100580000085756182670593262
2948 3481.7763966170859930571168661117553711
2949 3483.0578567643233327544294297695159912
2950 3484.1593878405747091164812445640563965
2951 3484.8845851339101500343531370162963867
2952 3485.6914975704139578738249838352203369
2953 3486.5343395683257767814211547374725342
2954 3487.5394779923799433163367211818695068
2955 3488.4557767165815675980411469936370850
2956 3489.6651233135826259967871010303497314
2957 3491.5505608576631857431493699550628662
2958 3491.8111005011123779695481061935424805
2959 3492.4144358886405825614929199218750000
2960 3493.7206131030670803738757967948913574
2961 3494.8164083873261915869079530239105225
2962 3495.9889321863029181258752942085266113
2963 3496.3503616502885051886551082134246826
2964 3497.3729606724418772500939667224884033
2965 3498.5761365849621142842806875705718994
2966 3499.6865538821466543595306575298309326
2967 3501.1459195766728953458368778228759766
2968 3501.8970953041134634986519813537597656
2969 3502.7758680196975547005422413349151611
2970 3503.6362159280351988854818046092987061
2971 3504.5889280597966717323288321495056152
2972 3504.9926269858860905515030026435852051
2973 3506.8607790308360563358291983604431152
2974 3507.5452737707646519993431866168975830
2975 3508.7725009700379814603365957736968994
2976 3509.6364081491783508681692183017730713
2977 3510.8450836424663066281937062740325928
2978 3511.7310911266849871026352047920227051
2979 3512.4735867724748459295369684696197510
2980 3513.8775741734443727182224392890930176
2981 3514.3667523172362052719108760356903076
2982 3515.4168086000936455093324184417724609
2983 3515.9018144517986002028919756412506104
2984 3518.0264453186555329011753201484680176
2985 3518.8684091098357384908013045787811279
2986 3519.8701866806441103108227252960205078
2987 3520.4916656700324892881326377391815186
2988 3521.3650407114191693835891783237457275
2989 3522.3822128231950046028941869735717773
2990 3523.6358355350175770581699907779693604
2991 3524.2152206263172047329135239124298096
2992 3525.3865665490711762686260044574737549
2993 3526.6702566300828038947656750679016113
2994 3527.6152069118552390136756002902984619
2995 3528.3518244959341245703399181365966797
2996 3529.9557444025977019919082522392272949
2997 3530.8350462209536999580450356006622314
2998 3531.2010243615559375029988586902618408
2999 3532.0385090007321196026168763637542725
3000 3533.3282433015074275317601859569549561
3001 3534.0625882489375726436264812946319580
3002 3535.7725768711015916778706014156341553
3003 3536.6332505908994789933785796165466309
3004 3537.7080128476827667327597737312316895
3005 3538.5005691423539246898144483566284180
3006 3539.0899367658648770884610712528228760
3007 3540.4567588035606604535132646560668945
3008 3541.3575223488051051390357315540313721
3009 3542.3408840798983874265104532241821289
3010 3543.3223067479539167834445834159851074
3011 3543.8167963565038007800467312335968018
3012 3545.6992121092553134076297283172607422
3013 3546.8641346575177522026933729648590088
3014 3547.3147817205854153144173324108123779
3015 3548.3512531476098956773057579994201660
3016 3549.4583568420230221818201243877410889
3017 3550.0650591103149054106324911117553711
3018 3550.8532982756823912495747208595275879
3019 3552.0802097921268796199001371860504150
3020 3553.8406804295382244163192808628082275
3021 3554.1650346946935314917936921119689941
3022 3555.5341452828151886933483183383941650
3023 3556.0652345896096448996104300022125244
3024 3557.4271024813824624288827180862426758
3025 3558.3493450251935428241267800331115723
3026 3559.2656647332632928737439215183258057
3027 3560.0192487551666999934241175651550293
3028 3560.7761832455562398536130785942077637
3029 3562.1624350186975789256393909454345703
3030 3563.2151214581417661975137889385223389
3031 3564.7607708681207441259175539016723633
3032 3565.3964231734953500563278794288635254
3033 3566.2849104500328394351527094841003418
3034 3566.9166835601154161849990487098693848
3035 3567.7332516035421576816588640213012695
3036 3569.3431321783682506065815687179565430
3037 3570.0086712423290009610354900360107422
3038 3570.8229164969143312191590666770935059
3039 3572.5139656905421361443586647510528564
3040 3573.0798041936823210562579333782196045
3041 3574.1000162289219588274136185646057129
3042 3575.4931556244382591103203594684600830
3043 3575.9553793610020875348709523677825928
3044 3577.2052838554227491840720176696777344
3045 3577.9811841351765906438231468200683594
3046 3578.4103829140258312691003084182739258
3047 3579.7501026086756610311567783355712891
3048 3581.5853381404886022210121154785156250
3049 3582.3949163605911962804384529590606689
3050 3582.9230422215568978572264313697814941
3051 3583.9455746987223392352461814880371094
3052 3585.2062784456838926416821777820587158
3053 3585.6844489268560209893621504306793213
3054 3586.8407450949734993628226220607757568
3055 3587.9688136419081274652853608131408691
3056 3588.8594444787640895810909569263458252
3057 3589.7450066376113682053983211517333984
3058 3590.9834713336695131147280335426330566
3059 3592.4058889089046715525910258293151855
3060 3593.0285587052612754632718861103057861
3061 3594.2272751636637622141279280185699463
3062 3594.4692729210937613970600068569183350
3063 3595.7790639444265252677723765373229980
3064 3596.4217726808210500166751444339752197
3065 3597.8026413395691633922979235649108887
3066 3598.9485602816375831025652587413787842
3067 3600.1663238110932070412673056125640869
3068 3601.1040138885709893656894564628601074
3069 3601.7912828514490684028714895248413086
3070 3602.4188941611419068067334592342376709
3071 3604.2480536729763116454705595970153809
3072 3604.7549844039667732431553304195404053
3073 3605.4944747373519930988550186157226562
3074 3606.3593175070673169102519750595092773
3075 3607.5748096572533540893346071243286133
3076 3609.2833331699021073291078209877014160
3077 3609.7002660380312590859830379486083984
3078 3611.1016317582016199594363570213317871
3079 3611.9109951373693547793664038181304932
3080 3612.3241924516678409418091177940368652
3081 3613.5490210638408825616352260112762451
3082 3614.3278145180038336548022925853729248
3083 3615.6062680974300747038796544075012207
3084 3616.8406890356491203419864177703857422
3085 3617.8028422571824194164946675300598145
3086 3618.4525583703207303187809884548187256
3087 3619.8857235508194207795895636081695557
3088 3620.7055703020359942456707358360290527
3089 3621.8861319393454323289915919303894043
3090 3622.1792744753820443293079733848571777
3091 3623.5584683136657986324280500411987305
3092 3624.4375033282813092228025197982788086
3093 3624.8817267553713463712483644485473633
3094 3627.0603155023327417438849806785583496
3095 3627.9491147682037990307435393333435059
3096 3628.6103750690399465383961796760559082
3097 3629.4072176813606347423046827316284180
3098 3630.3634250310806237393990159034729004
3099 3631.3086842346328921848908066749572754
3100 3632.4781784352862814557738602161407471
3101 3633.4401578579017950687557458877563477
3102 3634.0561932253494887845590710639953613
3103 3635.6736333294047653907909989356994629
3104 3636.4396384761284934938885271549224854
3105 3637.5406577690837366390042006969451904
3106 3638.5537076606115078902803361415863037
3107 3639.6798062587349704699590802192687988
3108 3640.3629769071703776717185974121093750
3109 3641.0105383073578195762820541858673096
3110 3641.7071232189900911180302500724792480
3111 3643.4795736449896139674820005893707275
3112 3644.4033584178860110114328563213348389
3113 3645.6321167366686495370231568813323975
3114 3646.4508945354509705794043838977813721
3115 3647.2842618700387902208603918552398682
3116 3648.1584548380042178905569016933441162
3117 3649.1661641861701355082914233207702637
3118 3650.3020437245086213806644082069396973
3119 3651.2531064067288752994500100612640381
3120 3651.7835234740077794413082301616668701
3121 3653.0883261810222393251024186611175537
3122 3654.2114375467817808385007083415985107
3123 3655.9057262375536083709448575973510742
3124 3656.3345296918378153350204229354858398
3125 3656.8928292816299290279857814311981201
3126 3658.1293722241080104140564799308776855
3127 3658.9216895310319159762002527713775635
3128 3659.9075007998335422598756849765777588
3129 3660.7356657377222290961071848869323730
3130 3662.3689493481697354582138359546661377
3131 3663.4482890686294922488741576671600342
3132 3664.0020068717240064870566129684448242
3133 3664.8781375938388009672053158283233643
3134 3666.2370259631888984586112201213836670
3135 3667.3073394603725319029763340950012207
3136 3667.7356386695346373016946017742156982
3137 3669.0301908526707848068326711654663086
3138 3669.4237463627723627723753452301025391
3139 3670.7319972079103536088950932025909424
3140 3672.3493512090071817510761320590972900
3141 3673.1591759941084092133678495883941650
3142 3674.0876087880669729202054440975189209
3143 3675.2626100947081795311532914638519287
3144 3675.6624836748733287095092236995697021
3145 3676.3689383548116893507540225982666016
3146 3677.8932955839936767006292939186096191
3147 3678.8477829394514628802426159381866455
3148 3679.8183117352873523486778140068054199
3149 3680.5839839946911524748429656028747559
3150 3682.4187311270379723282530903816223145
3151 3682.5717305779007801902480423450469971
3152 3683.9710242680457668029703199863433838
3153 3684.8598931521146369050256907939910889
3154 3685.9744418298569144099019467830657959
3155 3686.2713376900965158711187541484832764
3156 3687.5384138761883150436915457248687744
3157 3688.1770279747252061497420072555541992
3158 3690.1842580354368692496791481971740723
3159 3691.0391620745531326974742114543914795
3160 3691.7569399697804328752681612968444824
3161 3692.6476541779184117331169545650482178
3162 3693.3709848839971527922898530960083008
3163 3694.7911267375802708556875586509704590
3164 3695.6727903393484666594304144382476807
3165 3696.1219824667914508609101176261901855
3166 3697.5859637396351899951696395874023438
3167 3698.5473628729450865648686885833740234
3168 3699.4302925940310160513035953044891357
3169 3700.8383168529653630685061216354370117
3170 3702.0507570905747343203984200954437256
3171 3702.4601564009626599727198481559753418
3172 3703.3474758292650221846997737884521484
3173 3704.2098942083903239108622074127197266
3174 3705.1292281012811145046725869178771973
3175 3706.2947213806273794034495949745178223
3176 3707.5790553278602601494640111923217773
3177 3708.6584529106803529430180788040161133
3178 3709.5822718266008450882509350776672363
3179 3710.3714918420264439191669225692749023
3180 3711.4048179929286561673507094383239746
3181 3712.1701393121447836165316402912139893
3182 3713.5835811096976613043807446956634521
3183 3714.4246769723113175132311880588531494
3184 3714.7393331499579289811663329601287842
3185 3715.8464590377307104063220322132110596
3186 3717.7510959722603729460388422012329102
3187 3718.4983555139988311566412448883056641
3188 3719.4834951682933024130761623382568359
3189 3720.1820487401655555004253983497619629
3190 3721.2960397593415109440684318542480469
3191 3722.0588364511731924721971154212951660
3192 3722.6273204683238873258233070373535156
3193 3724.3881273702463658992201089859008789
3194 3724.8823199815551561187021434307098389
3195 3726.5177182305387759697623550891876221
3196 3727.1052960582892410457134246826171875
3197 3727.9384660183959567802958190441131592
3198 3729.4727915460171061567962169647216797
3199 3730.1873204082949087023735046386718750
3200 3731.0751594948533238493837416172027588
3201 3731.6529375593563599977642297744750977
3202 3732.8474756885689203045330941677093506
3203 3733.6716968694181559840217232704162598
3204 3735.0076446906250566826201975345611572
3205 3736.4628555289164069108664989471435547
3206 3737.4267023600905304192565381526947021
3207 3737.8477795171129400841891765594482422
3208 3738.5880554694413149263709783554077148
3209 3739.8316907863063534023240208625793457
3210 3740.8751538023925604647956788539886475
3211 3741.9250794123017840320244431495666504
3212 3742.4850134512635122518986463546752930
3213 3743.8596162907706457190215587615966797
3214 3744.8466720503820397425442934036254883
3215 3746.1359724872245351434685289859771729
3216 3746.8409531718725702376104891300201416
3217 3747.9971272617249269387684762477874756
3218 3748.7528609743449123925529420375823975
3219 3749.6727082137140314443968236446380615
3220 3750.3031581960876792436465620994567871
3221 3751.1646444227144456817768514156341553
3222 3753.1864491909946082159876823425292969
3223 3753.9469892620982136577367782592773438
3224 3754.5073216880127802141942083835601807
3225 3755.9228189781561013660393655300140381
3226 3756.5249726594820458558388054370880127
3227 3757.4814398731759865768253803253173828
3228 3758.6964261528228234965354204177856445
3229 3759.3592164912479347549378871917724609
3230 3760.5827290824890951626002788543701172
3231 3761.0853347896900231717154383659362793
3232 3762.4750790432517533190548419952392578
3233 3763.9998427605714823585003614425659180
3234 3764.6442801126240738085471093654632568
3235 3765.7460262446093111066147685050964355
3236 3766.4559671186352716176770627498626709
3237 3766.8724217474518809467554092407226562
3238 3768.3386400435501855099573731422424316
3239 3769.2933941941346347448416054248809814
3240 3770.1054979533791993162594735622406006
3241 3771.7289926742332681897096335887908936
3242 3772.5123310524832049850374460220336914
3243 3773.4673275225186444004066288471221924
3244 3773.9415805209127938724122941493988037
3245 3775.7527116189903608756139874458312988
3246 3776.2588071191403287230059504508972168
3247 3777.1432441223132627783343195915222168
3248 3777.8333707725114436470903456211090088
3249 3778.8393738716495136031880974769592285
3250 3780.2264864330691125360317528247833252
3251 3781.6686460430628358153626322746276855
3252 3782.3905757463016925612464547157287598
3253 3783.1266496287362315342761576175689697
3254 3784.2655502805746436933986842632293701
3255 3784.8651052837722090771421790122985840
3256 3785.7910186481840355554595589637756348
3257 3786.9356979952808615053072571754455566
3258 3788.2636648723819234874099493026733398
3259 3788.8000504780075061717070639133453369
3260 3790.0417767511844431282952427864074707
3261 3791.0209144941072736401110887527465820
3262 3792.5602473764492970076389610767364502
3263 3792.8724799475803592940792441368103027
3264 3793.7909902473156762425787746906280518
3265 3795.0216536297320999437943100929260254
3266 3795.8085885138052617548964917659759521
3267 3796.1391776780828877235762774944305420
3268 3797.8540558358154157758690416812896729
3269 3799.2984971724608840304426848888397217
3270 3800.1324266124056521221064031124114990
3271 3800.8776358765753684565424919128417969
3272 3801.5906169527552265208214521408081055
3273 3802.6402396524608775507658720016479492
3274 3803.8292005449002317618578672409057617
3275 3804.7908405790049073402769863605499268
3276 3805.4346465808321227086707949638366699
3277 3806.2978966721839242381975054740905762
3278 3808.0930500614222182775847613811492920
3279 3808.4595077538615441881120204925537109
3280 3809.8742482435181955224834382534027100
3281 3811.1847128435883860220201313495635986
3282 3811.4282210549672527122311294078826904
3283 3812.5447542479187177377752959728240967
3284 3812.9783086095176258822903037071228027
3285 3814.3270174119106741272844374179840088
3286 3815.5318197893047909019514918327331543
3287 3816.6025980948434153106063604354858398
3288 3817.7687077686050542979501187801361084
3289 3818.5055337959975076955743134021759033
3290 3819.4144983883197710383683443069458008
3291 3820.4383132241027851705439388751983643
3292 3821.4380596499113380559720098972320557
3293 3822.3719133083341148449108004570007324
3294 3823.1481103891965176444500684738159180
3295 3824.4185525104221596848219633102416992
3296 3824.5410376499858102761209011077880859
3297 3826.9476271457242546603083610534667969
3298 3827.5763354365835766657255589962005615
3299 3828.3395202631218126043677330017089844
3300 3829.1448107182295643724501132965087891
3301 3830.1618240673933541984297335147857666
3302 3831.0346792447971893125213682651519775
3303 3831.9324872047773169470019638538360596
3304 3832.9415489062630513217300176620483398
3305 3834.3530945918855650234036147594451904
3306 3835.2203987638695252826437354087829590
3307 3836.0228820404699945356696844100952148
3308 3837.2388473505470756208524107933044434
3309 3838.0840588073197068297304213047027588
3310 3839.4262683833012488321401178836822510
3311 3839.9740031687688315287232398986816406
3312 3840.5046790440501354169100522994995117
3313 3841.6823448031846055528149008750915527
3314 3842.6785326641829669824801385402679443
3315 3844.4035531515319235040806233882904053
3316 3844.8970109579149720957502722740173340
3317 3846.4874757279494588146917521953582764
3318 3846.7473014881052222335711121559143066
3319 3847.6817498632372007705271244049072266
3320 3848.4153010577801978797651827335357666
3321 3850.1702020342590913060121238231658936
3322 3850.6039203658210681169293820858001709
3323 3851.4101024040382981183938682079315186
3324 3852.7031024079542476101778447628021240
3325 3853.8602938412223011255264282226562500
3326 3854.9025864024524707929231226444244385
3327 3855.9552546685736160725355148315429688
3328 3856.7038671510654239682480692863464355
3329 3857.6105827846458851126953959465026855
3330 3858.4485860135418988647870719432830811
3331 3859.2857380054274472058750689029693604
3332 3860.0930084154024370945990085601806641
3333 3861.8527192960491447593085467815399170
3334 3862.9837837639724966720677912235260010
3335 3863.6582859749269118765369057655334473
3336 3864.1501907290085000568069517612457275
3337 3865.5650770871598069788888096809387207
3338 3866.8224039111255478928796947002410889
3339 3866.9723278944575213245116174221038818
3340 3868.4128590583086406695656478404998779
3341 3869.1446669735878458595834672451019287
3342 3870.1140345320309279486536979675292969
3343 3871.2917501292449742322787642478942871
3344 3872.6665465068845151108689606189727783
3345 3873.8102080414546435349620878696441650
3346 3874.2296147056340487324632704257965088
3347 3875.1051974859274196205660700798034668
3348 3876.1737409435254448908381164073944092
3349 3876.6579650562362076016142964363098145
3350 3878.2561749220149067696183919906616211
3351 3879.1103386869517635204829275608062744
3352 3880.0822136804445108282379806041717529
3353 3881.5403504240330221364274621009826660
3354 3882.1168453759255498880520462989807129
3355 3882.8999926612077615573070943355560303
3356 3884.2097993457045959075912833213806152
3357 3885.1099632678960915654897689819335938
3358 3886.2252099624156471691094338893890381
3359 3886.4512901596817755489610135555267334
3360 3887.3520138352832873351871967315673828
3361 3889.1553463959608052391558885574340820
3362 3890.3091819885839868220500648021697998
3363 3891.0868830867066208156757056713104248
3364 3891.9299370515927876112982630729675293
3365 3893.0011314105067867785692214965820312
3366 3893.4070619204767353949137032032012939
3367 3894.7837304275963106192648410797119141
3368 3895.5679313959581122617237269878387451
3369 3896.6426322414554306305944919586181641
3370 3897.8707503844825623673386871814727783
3371 3898.6519618788615844096057116985321045
3372 3899.6237433725573282572440803050994873
3373 3901.0077646947711400571279227733612061
3374 3902.0774275491512526059523224830627441
3375 3902.4111603300043498165905475616455078
3376 3903.3515430722391101880930364131927490
3377 3904.3791911579137376975268125534057617
3378 3905.3448515443160431459546089172363281
3379 3906.1193190348767529940232634544372559
3380 3908.1881655367487837793305516242980957
3381 3908.6063624149010138353332877159118652
3382 3909.4658472264945885399356484413146973
3383 3910.6327169162650534417480230331420898
3384 3910.9114378681033485918305814266204834
3385 3912.6429484481031977338716387748718262
3386 3913.2591376607888378202915191650390625
3387 3914.2199230867927326471544802188873291
3388 3914.9490011290727125015109777450561523
3389 3916.1765385506396341952495276927947998
3390 3917.6581658894929205416701734066009521
3391 3918.4430528459215565817430615425109863
3392 3919.2227410255700306151993572711944580
3393 3920.5404308019706149934791028499603271
3394 3921.1525700166012029512785375118255615
3395 3921.6525606260101994848810136318206787
3396 3922.6652032508582124137319624423980713
3397 3924.1933105336165681364946067333221436
3398 3925.2471191998711219639517366886138916
3399 3926.1760834801334567600861191749572754
3400 3927.0805175014411361189559102058410645
3401 3928.1422183743425193824805319309234619
3402 3928.8865593352911673719063401222229004
3403 3930.0992812030499408137984573841094971
3404 3930.8910863310802596970461308956146240
3405 3931.7452175251864900928921997547149658
3406 3932.6245682173985187546350061893463135
3407 3933.5168819209657158353365957736968994
3408 3934.9383478532308799913153052330017090
3409 3936.4432860593051373143680393695831299
3410 3936.9742345772792759817093610763549805
3411 3937.9053811923386092530563473701477051
3412 3938.2146168000308534828945994377136230
3413 3939.7751869262474428978748619556427002
3414 3940.4346376131816214183345437049865723
3415 3941.6300297667166887549683451652526855
3416 3942.3527222632719713146798312664031982
3417 3944.0303629410991561599075794219970703
3418 3944.6509157978289294987916946411132812
3419 3945.3330636865639462484978139400482178
3420 3946.8789836147643654840067028999328613
3421 3947.7038641329372694599442183971405029
3422 3948.4341921412669762503355741500854492
3423 3949.3137057963667757576331496238708496
3424 3950.1323754674222072935663163661956787
3425 3950.8594664300298973103053867816925049
3426 3952.9428702955183325684629380702972412
3427 3953.3565265733559499494731426239013672
3428 3954.7786210657095580245368182659149170
3429 3955.1765460858159713097847998142242432
3430 3956.4202170580065285321325063705444336
3431 3957.0199015309844980947673320770263672
3432 3957.9547178345228530815802514553070068
3433 3959.4707553613761774613521993160247803
3434 3960.0710285549694162909872829914093018
3435 3960.7705345444419435807503759860992432
3436 3962.1684618937242703395895659923553467
3437 3963.4703487576416591764427721500396729
3438 3964.3126493435775046236813068389892578
3439 3965.1327068849295756081119179725646973
3440 3966.1387147835503128590062260627746582
3441 3966.7538943134486544295214116573333740
3442 3967.8187614393937110435217618942260742
3443 3968.4846536944523904821835458278656006
3444 3969.9146001667086238740012049674987793
3445 3971.3180701210894767427816987037658691
3446 3972.1157601209060885594226419925689697
3447 3973.0106812198309853556565940380096436
3448 3973.4570149070850675343535840511322021
3449 3974.8934134359260497149080038070678711
3450 3976.0661830719946010503917932510375977
3451 3976.7314189763283138745464384555816650
3452 3977.1139090115811995929107069969177246
3453 3978.6861200666180593543685972690582275
3454 3979.4973412551908040768466889858245850
3455 3980.8440997739153317525051534175872803
3456 3982.0485022132806989247910678386688232
3457 3982.7640683573172282194718718528747559
3458 3983.7497957026535004843026399612426758
3459 3984.2274354827650313382036983966827393
3460 3985.0987253646562749054282903671264648
3461 3986.5161791031405300600454211235046387
3462 3987.2307091703660262282937765121459961
3463 3988.7194493322513153543695807456970215
3464 3989.3521759448867669561877846717834473
3465 3990.4814096492837052210234105587005615
3466 3991.5708911390984212630428373813629150
3467 3992.3311052525732520734891295433044434
3468 3993.2931638906229636631906032562255859
3469 3994.3958739872796286363154649734497070
3470 3995.1684596287759632105007767677307129
3471 3995.7978132188991367002017796039581299
3472 3996.6890401697273773606866598129272461
3473 3998.8092924065404076827690005302429199
3474 3999.5192485092884453479200601577758789
3475 4000.0172850444905634503811597824096680
3476 4001.1442587324190753861330449581146240
3477 4002.1123491817352260113693773746490479
3478 4002.6957192680638399906456470489501953
3479 4004.0224513237853898317553102970123291
3480 4004.8067309355719771701842546463012695
3481 4005.8767373723512719152495265007019043
3482 4006.9319207318358166958205401897430420
3483 4008.1420308532378840027377009391784668
3484 4008.6895961170785085414536297321319580
3485 4010.3610188968350485083647072315216064
3486 4010.9833109170394891407340764999389648
3487 4011.6638812635510475956834852695465088
3488 4012.5689157618171520880423486232757568
3489 4013.2336887295477936277166008949279785
3490 4014.6572947996428410988301038742065430
3491 4015.6576510019895067671313881874084473
3492 4016.9689379591181932482868432998657227
3493 4018.0292682775916546233929693698883057
3494 4018.7769512964141540578566491603851318
3495 4019.1060654612592770718038082122802734
3496 4020.5707730095591614372096955776214600
3497 4021.6280143156272970372810959815979004
3498 4022.3801065890911559108644723892211914
3499 4023.4285050277358095627278089523315430
3500 4023.9051515572391508612781763076782227
3501 4025.5831990758451865985989570617675781
3502 4026.6027591274878432159312069416046143
3503 4027.8662972502770571736618876457214355
3504 4028.2471731087798616499640047550201416
3505 4029.1955572041370032820850610733032227
3506 4030.3832804615740315057337284088134766
3507 4030.9161079904533835360780358314514160
3508 4031.6543117575802170904353260993957520
3509 4033.3744769336499302880838513374328613
3510 4034.5208202755311504006385803222656250
3511 4035.1055992147803408442996442317962646
3512 4036.0793897326830119709484279155731201
3513 4037.1260145930127691826783120632171631
3514 4038.2906990537148885778151452541351318
3515 4038.9483105793624417856335639953613281
3516 4039.8578193605389969889074563980102539
3517 4040.9405631002819063724018633365631104
3518 4041.4646774804332380881533026695251465
3519 4042.7024803760123177198693156242370605
3520 4044.3222870602667171624489128589630127
3521 4045.0551473445702868048101663589477539
3522 4046.2147850761011795839294791221618652
3523 4046.7382106702470991876907646656036377
3524 4047.4680441358350435621105134487152100
3525 4048.3807097629096460877917706966400146
3526 4049.9737046610289326054044067859649658
3527 4050.4313904208602252765558660030364990
3528 4051.3843794700524085783399641513824463
3529 4052.9976258986616812762804329395294189
3530 4053.5662719229821959743276238441467285
3531 4054.6907127755775945843197405338287354
3532 4055.4778523938339276355691254138946533
3533 4056.9963616250861377920955419540405273
3534 4057.4289038216111293877474963665008545
3535 4057.9934936314339211094193160533905029
3536 4059.0854282182481256313621997833251953
3537 4060.0489959510168773704208433628082275
3538 4061.7439329829448979580774903297424316
3539 4062.8502885741427235188893973827362061
3540 4063.1577251825074199587106704711914062
3541 4064.3583800361184330540709197521209717
3542 4065.1784752595585814560763537883758545
3543 4066.1095926578336730017326772212982178
3544 4067.0741068167644698405638337135314941
3545 4068.0832237187460123095661401748657227
3546 4068.9692977265713125234469771385192871
3547 4070.2819124724946959759108722209930420
3548 4070.6036778301186132011935114860534668
3549 4072.7051285536153955035842955112457275
3550 4073.1264503760194202186539769172668457
3551 4074.0876812181577406590804457664489746
3552 4074.8170646903354281676001846790313721
3553 4075.7413467559099444770254194736480713
3554 4076.7197819813745809369720518589019775
3555 4077.4133455091268842807039618492126465
3556 4078.9227713855325418990105390548706055
3557 4080.1083044091956253396347165107727051
3558 4081.0660836093893522047437727451324463
3559 4081.6985686529333179350942373275756836
3560 4082.5883482989374897442758083343505859
3561 4083.6300429637331035337410867214202881
3562 4084.9428834218770134611986577510833740
3563 4085.5153707062318062526173889636993408
3564 4086.3792211863947159145027399063110352
3565 4086.9674789142400186392478644847869873
3566 4088.7818815264181466773152351379394531
3567 4089.7302857361837595817632973194122314
3568 4090.5912660276217138743959367275238037
3569 4091.9108462346121086739003658294677734
3570 4092.2972060510210212669335305690765381
3571 4093.2483620407956550479866564273834229
3572 4093.9059117611186593421734869480133057
3573 4095.1379307508077545207925140857696533
3574 4096.5108472479660122189670801162719727
3575 4097.0636843354841403197497129440307617
3576 4098.4751865115886175772175192832946777
3577 4099.2448453394990792730823159217834473
3578 4100.1075340225834224838763475418090820
3579 4101.5784480097663617925718426704406738
3580 4102.0373622076858737273141741752624512
3581 4102.8259416291530214948579668998718262
3582 4104.1413309826948534464463591575622559
3583 4104.6130986244334053480997681617736816
3584 4105.5128525688378431368619203567504883
3585 4107.3272193818283994914963841438293457
3586 4108.6242332988495036261156201362609863
3587 4108.8524427575848676497116684913635254
3588 4109.7109311284020805032923817634582520
3589 4110.6343197613077791174873709678649902
3590 4111.8598454452621808741241693496704102
3591 4112.6672060431646968936547636985778809
3592 4113.4859892571130330907180905342102051
3593 4114.6875677562366035999730229377746582
3594 4115.6157738708243414293974637985229492
3595 4116.8139808583164267474785447120666504
3596 4117.6007107284094672650098800659179688
3597 4118.9743525078993116039782762527465820
3598 4119.5963331035563896875828504562377930
3599 4120.6342107029049657285213470458984375
3600 4121.3486571372432081261649727821350098
3601 4121.7946589707171369809657335281372070
3602 4123.2400866786811093334108591079711914
3603 4124.6488294103310181526467204093933105
3604 4125.5921284611322334967553615570068359
3605 4126.3780639206415798980742692947387695
3606 4127.5933710109366074902936816215515137
3607 4128.2981670499448227928951382637023926
3608 4128.7776751980873086722567677497863770
3609 4130.4667637845104763982817530632019043
3610 4131.1369800422435218933969736099243164
3611 4131.9280024143918126355856657028198242
3612 4132.7244512778888747561722993850708008
3613 4134.0506488827904831850901246070861816
3614 4135.4417601058503350941464304924011230
3615 4136.3966891104046226246282458305358887
3616 4136.9748536380138830281794071197509766
3617 4137.9629415866402268875390291213989258
3618 4138.8383398030400712741538882255554199
3619 4139.4640989865929441293701529502868652
3620 4140.8928301459473004797473549842834473
3621 4141.3737752138131327228620648384094238
3622 4143.3470625913269032025709748268127441
3623 4143.8976247603950469056144356727600098
3624 4144.6032986441623506834730505943298340
3625 4145.5647925160610611783340573310852051
3626 4147.0719222010393423261120915412902832
3627 4147.5950692708556744037196040153503418
3628 4148.6525205334928614320233464241027832
3629 4149.0694508562246483052149415016174316
3630 4150.4450979084813297959044575691223145
3631 4151.1468515227661555400118231773376465
3632 4152.7687252396553958533331751823425293
3633 4153.8391468059435283066704869270324707
3634 4154.6308990640336560318246483802795410
3635 4155.3347871361911529675126075744628906
3636 4156.2963047539815306663513183593750000
3637 4156.9139079784235946135595440864562988
3638 4158.1293343260877009015530347824096680
3639 4159.4804615561042737681418657302856445
3640 4159.9216659311678085941821336746215820
3641 4161.0962811329154646955430507659912109
3642 4162.3779145226235414156690239906311035
3643 4163.2788530270063347415998578071594238
3644 4164.1353514074307895498350262641906738
3645 4165.1391628326400677906349301338195801
3646 4166.0784278652463399339467287063598633
3647 4166.9841736771795694949105381965637207
3648 4167.5098755820326914545148611068725586
3649 4168.3034536924606072716414928436279297
3650 4170.4828060754971374990418553352355957
3651 4170.8751145631085819331929087638854980
3652 4172.1307580329812481068074703216552734
3653 4172.8769669355606311000883579254150391
3654 4173.4168642569220537552610039710998535
3655 4174.8731820382636215072125196456909180
3656 4175.5120523912191856652498245239257812
3657 4176.6430720669577567605301737785339355
3658 4177.3221887557574518723413348197937012
3659 4178.5303042103023472009226679801940918
3660 4179.5746995066074305213987827301025391
3661 4180.5031818429979466600343585014343262
3662 4181.9224931337957968935370445251464844
3663 4182.8507932911234092898666858673095703
3664 4183.3775045653273991774767637252807617
3665 4183.8463441265776054933667182922363281
3666 4185.3127278093215863918885588645935059
3667 4185.9579367446713149547576904296875000
3668 4187.2007188222705735825002193450927734
3669 4188.4199773007658222923055291175842285
3670 4189.6152799228402727749198675155639648
3671 4190.2332690990806440822780132293701172
3672 4190.9859120573673862963914871215820312
3673 4192.1097123227627889718860387802124023
3674 4193.1758512555061315651983022689819336
3675 4194.0922456829830480273813009262084961
3676 4194.8990136499269283376634120941162109
3677 4195.5413515356285643065348267555236816
3678 4196.6045482962126698112115263938903809
3679 4198.4259890916437143459916114807128906
3680 4199.3351926325376552995294332504272461
3681 4199.6330024755643535172566771507263184
3682 4200.9974634489408344961702823638916016
3683 4201.8270021907319460297003388404846191
3684 4202.4166988293709437130019068717956543
3685 4203.2808136870862654177471995353698730
3686 4204.7360110037116101011633872985839844
3687 4205.6273651958344999002292752265930176
3688 4206.8701917299022170482203364372253418
3689 4207.3545421022281516343355178833007812
3690 4208.7347819998813065467402338981628418
3691 4209.6429026383575546788051724433898926
3692 4210.5497931704285292653366923332214355
3693 4211.5279805444006342440843582153320312
3694 4212.1702281619182031136006116867065430
3695 4212.9672932765788573306053876876831055
3696 4214.1176866582809452665969729423522949
3697 4215.1792933158903906587511301040649414
3698 4216.8321356690630636876448988914489746
3699 4217.4955239927585353143513202667236328
3700 4218.2307888831674063112586736679077148
3701 4219.0864106114713649731129407882690430
3702 4219.6720617028295237105339765548706055
3703 4221.3067396040405583335086703300476074
3704 4222.1266717474954930366948246955871582
3705 4222.5072436796654073987156152725219727
3706 4223.9011800536845839815214276313781738
3707 4225.2823657372628076700493693351745605
3708 4225.7223073470358940539881587028503418
3709 4227.2106305787874589441344141960144043
3710 4227.9847052244313090341165661811828613
3711 4228.9808342093347164336591958999633789
3712 4229.5334113182743749348446726799011230
3713 4230.6578481023552740225568413734436035
3714 4231.0080795179492270108312368392944336
3715 4232.6603274261433398351073265075683594
3716 4234.1372608956280600978061556816101074
3717 4234.6721865795279882149770855903625488
3718 4235.5028148463279649149626493453979492
3719 4236.7087782637881900882348418235778809
3720 4237.3431049055161565775051712989807129
3721 4238.5815624509486951865255832672119141
3722 4239.0833549113795015728101134300231934
3723 4240.6092234802363236667588353157043457
3724 4241.1040243103889224585145711898803711
3725 4241.7837530550641531590372323989868164
3726 4243.5736525307365809567272663116455078
3727 4244.5758227468195400433614850044250488
3728 4245.6210598604484403040260076522827148
3729 4246.0109611353964282898232340812683105
3730 4247.0506661592389718862250447273254395
3731 4247.8828634410037921043112874031066895
3732 4248.7982298117985919816419482231140137
3733 4249.8423605160387523937970399856567383
3734 4251.0245718457517796196043491363525391
3735 4252.0637703241154667921364307403564453
3736 4253.4521565815939538879320025444030762
3737 4253.6419436714750190731137990951538086
3738 4254.6067412260181299643591046333312988
3739 4256.2539779176113370340317487716674805
3740 4256.9039163467896287329494953155517578
3741 4257.3984264022928982740268111228942871
3742 4258.4123095841296162689104676246643066
3743 4259.2199715596616442780941724777221680
3744 4260.8287804120227519888430833816528320
3745 4261.8013161289145500632002949714660645
3746 4262.8349176428091595880687236785888672
3747 4263.8510697453875764040276408195495605
3748 4264.3264839925632259109988808631896973
3749 4265.1977537111397396074607968330383301
3750 4266.1755264144867396680638194084167480
3751 4267.3750181300456461030989885330200195
3752 4268.2230320759135793196037411689758301
3753 4269.3119634802569635212421417236328125
3754 4270.2289459455259930109605193138122559
3755 4271.2193577776615711627528071403503418
3756 4272.6265468172296095872297883033752441
3757 4273.2660706357437447877600789070129395
3758 4274.0061986734690435696393251419067383
3759 4275.1067328171793633373454213142395020
3760 4275.8636482808124128496274352073669434
3761 4276.7331762533431174233555793762207031
3762 4277.4200428809017466846853494644165039
3763 4279.5488671332896046806126832962036133
3764 4280.1616255957251269137486815452575684
3765 4280.9737877828483760822564363479614258
3766 4281.5871596577944728778675198554992676
3767 4282.9434793273885588860139250755310059
3768 4283.4937286908971145749092102050781250
3769 4284.8449653811348980525508522987365723
3770 4285.6290535674343118444085121154785156
3771 4286.1581071220498415641486644744873047
3772 4287.6805182459502248093485832214355469
3773 4288.5047661959415563615038990974426270
3774 4289.8121457935139915207400918006896973
3775 4290.6838264222405996406450867652893066
3776 4291.6749195761676674010232090950012207
3777 4292.7264439164464420173317193984985352
3778 4292.8172638206906412960961461067199707
3779 4293.8138149136739230016246438026428223
3780 4295.3482114343951252521947026252746582
3781 4296.2476874936273816274479031562805176
3782 4297.2696684154780086828395724296569824
3783 4298.6631791837626224150881171226501465
3784 4299.0549470099977042991667985916137695
3785 4300.0891483433388202684000134468078613
3786 4301.0120505420309200417250394821166992
3787 4302.1451947391869907733052968978881836
3788 4303.1833839161827199859544634819030762
3789 4303.5346367250276671256870031356811523
3790 4304.6175280828701943391934037208557129
3791 4305.6138237308350653620436787605285645
3792 4307.4490776273451047018170356750488281
3793 4307.9989917693128518294543027877807617
3794 4309.1729642732989304931834340095520020
3795 4309.3586157897898374358192086219787598
3796 4310.6321760465689294505864381790161133
3797 4311.6620070657081669196486473083496094
3798 4312.2264302435378340305760502815246582
3799 4313.4013703204200282925739884376525879
3800 4314.7992830821622192161157727241516113
3801 4315.5737417156360606895759701728820801
3802 4316.4646564327795204007998108863830566
3803 4317.3561908335304906358942389488220215
3804 4318.8675426474910636898130178451538086
3805 4319.4068283482265542261302471160888672
3806 4320.1622437446767435176298022270202637
3807 4321.0748917609489581082016229629516602
3808 4322.0761653513181954622268676757812500
3809 4322.6645665389205532846972346305847168
3810 4324.5467480727929796557873487472534180
3811 4325.2930858411236840765923261642456055
3812 4326.3501186730209155939519405364990234
3813 4327.3946906319761183112859725952148438
3814 4327.7003620911364123458042740821838379
3815 4328.6157689492138160858303308486938477
3816 4330.0278360217580484459176659584045410
3817 4330.8900659351056674495339393615722656
3818 4331.8519155256217345595359802246093750
3819 4332.3039021417880576336756348609924316
3820 4334.0205811492924112826585769653320312
3821 4335.0631475111003965139389038085937500
3822 4335.6066670051222899928689002990722656
3823 4337.1336629533907398581504821777343750
3824 4337.4518426914237352320924401283264160
3825 4338.7191225057322299107909202575683594
3826 4339.0270611168361938325688242912292480
3827 4340.0878325011035485658794641494750977
3828 4341.4130509251172043150290846824645996
3829 4342.9016182919840503018349409103393555
3830 4343.5632010102326603373512625694274902
3831 4344.3346413041690539103001356124877930
3832 4345.2496570064813568023964762687683105
3833 4346.2428961163495841901749372482299805
3834 4347.6280294445914478274062275886535645
3835 4347.7887357050749415066093206405639648
3836 4348.9754307717266783583909273147583008
3837 4350.0139219973971194121986627578735352
3838 4350.8713842665856645908206701278686523
3839 4351.9525166294806695077568292617797852
3840 4353.7001897989775898167863488197326660
3841 4354.2207572661518497625365853309631348
3842 4354.7245962765045987907797098159790039
3843 4355.8931108124179445439949631690979004
3844 4356.4827665921602601883932948112487793
3845 4357.5875916995264560682699084281921387
3846 4358.7556430419754178728908300399780273
3847 4359.5001856794897321378812193870544434
3848 4361.1910765849988820264115929603576660
3849 4361.4867346047212777193635702133178711
3850 4362.7615830517515860265120863914489746
3851 4363.5255814682313939556479454040527344
3852 4364.5469089320777129614725708961486816
3853 4365.6719969471268996130675077438354492
3854 4366.5273073964235663879662752151489258
3855 4367.0005117811688251094892621040344238
3856 4367.7110483543347072554752230644226074
3857 4369.5379649331061955308541655540466309
3858 4370.7346273806724639143794775009155273
3859 4371.3626332062267465516924858093261719
3860 4372.2279066703322314424440264701843262
3861 4373.4331784422720375005155801773071289
3862 4373.8638047489930613664910197257995605
3863 4374.6950960242247674614191055297851562
3864 4376.0832239807004953036084771156311035
3865 4376.9829534026612236630171537399291992
3866 4377.7684634367396938614547252655029297
3867 4379.1033159102298668585717678070068359
3868 4379.7598644931713351979851722717285156
3869 4381.0910284073288494255393743515014648
3870 4382.1259496596994722494855523109436035
3871 4382.8757483712379325879737734794616699
3872 4383.4664270275588933145627379417419434
3873 4384.4196010149935318622738122940063477
3874 4385.5798863659238122636452317237854004
3875 4386.0836786059899168321862816810607910
3876 4387.7562600132459920132532715797424316
3877 4389.0294785408659663517028093338012695
3878 4389.7196310956078377785161137580871582
3879 4390.3511082881395850563421845436096191
3880 4391.0212130331383377779275178909301758
3881 4392.5743376387363241519778966903686523
3882 4393.3586624522122292546555399894714355
3883 4394.0285109582018776563927531242370605
3884 4395.0608937996676104376092553138732910
3885 4395.9510978857651934958994388580322266
3886 4397.2232226382839144207537174224853516
3887 4398.4517195255193655611947178840637207
3888 4399.1774671886869327863678336143493652
3889 4400.2701798518119176151230931282043457
3890 4401.1754711316989414626732468605041504
3891 4401.5335739552483573788776993751525879
3892 4402.8082346052415232406929135322570801
3893 4403.2395700687065982492640614509582520
3894 4405.2186045696544169913977384567260742
3895 4405.8323038518883549841120839118957520
3896 4406.7068764904470299370586872100830078
3897 4407.9731808251744951121509075164794922
3898 4408.6237078362828469835221767425537109
3899 4409.6660970074117358308285474777221680
3900 4410.4911421292708837427198886871337891
3901 4411.7152015411556931212544441223144531
3902 4412.2372477204007736872881650924682617
3903 4413.2165612581684399629011750221252441
3904 4413.9340445869147515622898936271667480
3905 4415.8509617866093321936205029487609863
3906 4416.5939990045280865160748362541198730
3907 4417.5801168087800760986283421516418457
3908 4418.2415567099942563800141215324401855
3909 4418.9715248901429731631651520729064941
3910 4419.9224576722881465684622526168823242
3911 4421.1412180890092713525518774986267090
3912 4421.9047011652965011307969689369201660
3913 4422.7907496083098521921783685684204102
3914 4424.3396666122862370684742927551269531
3915 4425.2449097174903727136552333831787109
3916 4425.4956489093674463219940662384033203
3917 4427.1647207604055438423529267311096191
3918 4428.0731760506987484404817223548889160
3919 4428.8818027693450858350843191146850586
3920 4429.4880097501882119104266166687011719
3921 4430.2474486550127039663493633270263672
3922 4431.4243404345270391786471009254455566
3923 4432.5756274742579989833757281303405762
3924 4434.0292532304683845723047852516174316
3925 4434.7791048384569876361638307571411133
3926 4435.5290832253831467824056744575500488
3927 4436.4237379638016136595979332923889160
3928 4437.3941737625591485993936657905578613
3929 4437.9768695926668442552909255027770996
3930 4439.5575606942929880460724234580993652
3931 4440.1075853393995203077793121337890625
3932 4441.0649961866220110096037387847900391
3933 4441.9849485547510994365438818931579590
3934 4443.3659418254737829556688666343688965
3935 4444.5644242069156462093815207481384277
3936 4445.2383385299581277649849653244018555
3937 4445.7727583440391754265874624252319336
3938 4447.2630957446890533901751041412353516
3939 4447.7329621935296017909422516822814941
3940 4448.3019011339347343891859054565429688
3941 4449.6352681627358833793550729751586914
3942 4451.0981207362838176777586340904235840
3943 4452.1880835838292114203795790672302246
3944 4452.6807018519684788770973682403564453
3945 4453.7345513323052728082984685897827148
3946 4454.4629055401455843821167945861816406
3947 4455.7626578648705617524683475494384766
3948 4456.7032499424949492095038294792175293
3949 4457.2458265530112839769572019577026367
3950 4458.1887494543389038881286978721618652
3951 4459.1712790825422416673973202705383301
3952 4460.5485292350567760877311229705810547
3953 4461.4041405569223570637404918670654297
3954 4462.7346221378065820317715406417846680
3955 4463.6476477487540250876918435096740723
3956 4464.0385237142254482023417949676513672
3957 4464.8127163515910069691017270088195801
3958 4465.8059975866381137166172266006469727
3959 4467.2285329720689333043992519378662109
3960 4467.7398171270469902083277702331542969
3961 4469.1706628083720715949311852455139160
3962 4469.9780329086861456744372844696044922
3963 4471.3617573343963158549740910530090332
3964 4471.5501958174681931268423795700073242
3965 4472.9592720505861507263034582138061523
3966 4474.1862784427157748723402619361877441
3967 4474.3170911037141195265576243400573730
3968 4475.8011111888627056032419204711914062
3969 4476.2465191813244018703699111938476562
3970 4477.0158570141138625331223011016845703
3971 4479.2694233247402735287323594093322754
3972 4479.7306650138998520560562610626220703
3973 4480.5336299449136276962235569953918457
3974 4481.4100400709812674904242157936096191
3975 4482.3668856058520759688690304756164551
3976 4483.2382774071411404293030500411987305
3977 4484.1236233448489656439051032066345215
3978 4485.0522260273664869600906968116760254
3979 4486.3272191114629094954580068588256836
3980 4487.0841913451149594038724899291992188
3981 4488.0706672260239429306238889694213867
3982 4489.2408954646580241387709975242614746
3983 4490.2955069254239788278937339782714844
3984 4491.2184812009254528675228357315063477
3985 4492.0082777497009374201297760009765625
3986 4492.6380347777158021926879882812500000
3987 4493.5336347616957937134429812431335449
3988 4494.4937558794645156012848019599914551
3989 4495.8100179801876947749406099319458008
3990 4496.8934517246252653421834111213684082
3991 4498.1071119075349997729063034057617188
3992 4498.7783938214979571057483553886413574
3993 4499.5852228286948957247659564018249512
3994 4500.1646023239372880198061466217041016
3995 4501.6271866060396860120818018913269043
3996 4502.6738553511568170506507158279418945
3997 4503.3298541657477471744641661643981934
3998 4503.7155559109778550919145345687866211
3999 4505.4588671022265771171078085899353027
4000 4506.3114967348719801520928740501403809
4001 4507.7451827273052913369610905647277832
4002 4508.2114371357820346020162105560302734
4003 4509.3714447410493448842316865921020508
4004 4509.9436692050185229163616895675659180
4005 4511.0400141343634459190070629119873047
4006 4511.4627188081940403208136558532714844
4007 4512.8099911487861390924081206321716309
4008 4514.0771396328691480448469519615173340
4009 4515.1913067285313445609062910079956055
4010 4516.0898455689875845564529299736022949
4011 4516.3656708167090982897207140922546387
4012 4518.2753891873253451194614171981811523
4013 4518.5846795745601411908864974975585938
4014 4519.5748001892334286822006106376647949
4015 4520.5385550056362262694165110588073730
4016 4521.4754852127098274650052189826965332
4017 4522.1440776950912550091743469238281250
4018 4523.2374644125193299259990453720092773
4019 4524.9733972497742797713726758956909180
4020 4525.7908825466365669853985309600830078
4021 4526.3485865257916884729638695716857910
4022 4527.3536333860738523071631789207458496
4023 4527.9438933430592442164197564125061035
4024 4529.0692344977505854330956935882568359
4025 4530.0252331298561330186203122138977051
4026 4531.3189685321231081616133451461791992
4027 4531.6435758686402550665661692619323730
4028 4533.2979764753144991118460893630981445
4029 4534.1355982517616212135180830955505371
4030 4534.9355559939886006759479641914367676
4031 4535.9075624139695719350129365921020508
4032 4537.2525685465861897682771086692810059
4033 4537.8060980059217399684712290763854980
4034 4538.5089347708599234465509653091430664
4035 4539.1888627833413920598104596138000488
4036 4540.3477266309982951497659087181091309
4037 4542.1296662816876050783321261405944824
4038 4542.6204859696899802656844258308410645
4039 4543.7469221702467621071264147758483887
4040 4544.7202710598539852071553468704223633
4041 4545.2633435588177235331386327743530273
4042 4546.1412073615992994746193289756774902
4043 4547.5934152733752853237092494964599609
4044 4547.9386362433015165152028203010559082
4045 4549.2810717780230334028601646423339844
4046 4550.0686888459549663821235299110412598
4047 4550.9796935441099776653572916984558105
4048 4552.3219261521007865667343139648437500
4049 4553.5368501092871156288310885429382324
4050 4554.1979508199219708330929279327392578
4051 4554.9593912936270498903468251228332520
4052 4555.5954737363881577039137482643127441
4053 4556.8913106424752186285331845283508301
4054 4557.5339742237429163651540875434875488
4055 4558.3966238969896949129179120063781738
4056 4560.2159410977892548544332385063171387
4057 4560.9998335429572762222960591316223145
4058 4561.6293467713312566047534346580505371
4059 4562.5968171614804305136203765869140625
4060 4563.4160462991967506241053342819213867
4061 4564.8159559675586933735758066177368164
4062 4565.4169585152558283880352973937988281
4063 4566.2533262708584516076371073722839355
4064 4567.1214509015953808557242155075073242
4065 4567.9416864269587676972150802612304688
4066 4569.6157703416665754048153758049011230
4067 4570.4333292534065549261868000030517578
4068 4571.4578988851280882954597473144531250
4069 4572.2498605202981707407161593437194824
4070 4573.2461734580792835913598537445068359
4071 4573.9241307577267434680834412574768066
4072 4574.2976211084751412272453308105468750
4073 4576.1899544338302803225815296173095703
4074 4576.7939177514399489155039191246032715
4075 4577.8591114664668566547334194183349609
4076 4578.9270257549196685431525111198425293
4077 4579.9569178167603240581229329109191895
4078 4580.7170844320498872548341751098632812
4079 4581.8941873263866000343114137649536133
4080 4582.5682491082134220050647854804992676
4081 4583.6736877240618923678994178771972656
4082 4584.3807682385595398955047130584716797
4083 4584.9772580810949875740334391593933105
4084 4586.2077625596102734562009572982788086
4085 4587.6748770305275684222579002380371094
4086 4588.9779143720115825999528169631958008
4087 4589.6434495932462596101686358451843262
4088 4589.7488108275974809657782316207885742
4089 4591.2041464547255600336939096450805664
4090 4592.0493090257659787312150001525878906
4091 4593.1597914208741713082417845726013184
4092 4593.8368918679516355041414499282836914
4093 4594.7871906264790595741942524909973145
4094 4596.2636642880952422274276614189147949
4095 4596.8299084029586083488538861274719238
4096 4597.8208122742325940635055303573608398
4097 4599.3736722445864870678633451461791992
4098 4599.9075793582851474639028310775756836
4099 4600.6300541603905003285035490989685059
4100 4601.6029617360163683770224452018737793
4101 4602.2561235741304699331521987915039062
4102 4603.2096906050937832333147525787353516
4103 4604.6416814003587205661460757255554199
4104 4605.8834515727430698461830615997314453
4105 4606.4624725449612014926970005035400391
4106 4607.7530325960215122904628515243530273
4107 4608.2163812137514469213783740997314453
4108 4609.2241608879612613236531615257263184
4109 4610.0842317196165822679176926612854004
4110 4611.4846746044513565720990300178527832
4111 4612.0285976848426798824220895767211914
4112 4612.7888541307675041025504469871520996
4113 4613.6843077014727896312251687049865723
4114 4615.5366161387828469742089509963989258
4115 4616.2223008194341673515737056732177734
4116 4616.9585829546667810063809156417846680
4117 4618.1076789738035586196929216384887695
4118 4618.7671705750271939905360341072082520
4119 4619.4655937717689084820449352264404297
4120 4620.5443656453189760213717818260192871
4121 4621.3482792316008271882310509681701660
4122 4622.8193231343702791491523385047912598
4123 4623.8056120177225238876417279243469238
4124 4624.7262789042488293489441275596618652
4125 4625.4092625894882075954228639602661133
4126 4626.3429856009825016371905803680419922
4127 4627.7902299667566694552078843116760254
4128 4628.4634435082443815190345048904418945
4129 4628.9742345016475155716761946678161621
4130 4629.8887828667684516403824090957641602
4131 4631.2264068927688640542328357696533203
4132 4631.7624009707942605018615722656250000
4133 4633.5644390737579669803380966186523438
4134 4634.3071052869163395371288061141967773
4135 4635.3571607746016525197774171829223633
4136 4636.0283434872198995435610413551330566
4137 4636.3922806117134314263239502906799316
4138 4637.7920719672929408261552453041076660
4139 4638.7481536883005901472643017768859863
4140 4639.7153807263002818217501044273376465
4141 4640.5617396485449717147275805473327637
4142 4641.7582723670820996630936861038208008
4143 4642.6857581312360707670450210571289062
4144 4643.7517357557662762701511383056640625
4145 4644.7531053585935296723619103431701660
4146 4645.3629871776374784531071782112121582
4147 4646.7394858069528709165751934051513672
4148 4647.1172640160821174504235386848449707
4149 4648.1126082244645658647641539573669434
4150 4648.5648869648084655636921525001525879
4151 4650.6143302976688573835417628288269043
4152 4651.6641209307308599818497896194458008
4153 4652.0883991616392449941486120223999023
4154 4653.1191559644557855790480971336364746
4155 4654.0689497572475374909117817878723145
4156 4654.9473241173946007620543241500854492
4157 4655.7215610317798564210534095764160156
4158 4656.9224185673210740787908434867858887
4159 4657.8208903409886261215433478355407715
4160 4658.3949499712471151724457740783691406
4161 4659.9186876457242760807275772094726562
4162 4660.5639640129411418456584215164184570
4163 4662.0800046903732436476275324821472168
4164 4662.9458911237761640222743153572082520
4165 4663.5050259361414646264165639877319336
4166 4664.3228974877110886154696345329284668
4167 4665.1413761108833568869158625602722168
4168 4666.0907986958591209258884191513061523
4169 4667.4244283511779940454289317131042480
4170 4668.0551777865221083629876375198364258
4171 4669.8295136819197068689391016960144043
4172 4670.3506318738236586796119809150695801
4173 4671.0321064770196244353428483009338379
4174 4671.8778479590891947736963629722595215
4175 4673.2826904914236365584656596183776855
4176 4674.1267160035604320000857114791870117
4177 4674.7416396681674086721614003181457520
4178 4675.7275666148252639686688780784606934
4179 4676.3340957114651246229186654090881348
4180 4677.9302191143633535830304026603698730
4181 4679.0874910812144662486389279365539551
4182 4680.0884690664570371154695749282836914
4183 4680.6063970928789785830304026603698730
4184 4681.6048905680963798658922314643859863
4185 4682.6486621382682642433792352676391602
4186 4683.0212909464735275832936167716979980
4187 4684.1869147087218152591958642005920410
4188 4685.4077895976515719667077064514160156
4189 4686.7081550414241064572706818580627441
4190 4687.0721778336592251434922218322753906
4191 4688.2526029351920442422851920127868652
4192 4689.5050623081078811082988977432250977
4193 4690.1788398941498599015176296234130859
4194 4691.2967685623825673246756196022033691
4195 4691.8620999122031207662075757980346680
4196 4692.8664329808616457739844918251037598
4197 4693.9394172841857653111219406127929688
4198 4694.1739430089837696868926286697387695
4199 4696.0958498286181566072627902030944824
4200 4697.3541472907199931796640157699584961
4201 4697.7744038598157203523442149162292480
4202 4698.9245040136756870197132229804992676
4203 4699.4972522880179894855245947837829590
4204 4700.1586034018582722637802362442016602
4205 4701.8425870284008851740509271621704102
4206 4702.4376458823571738321334123611450195
4207 4703.0151739948178146732971072196960449
4208 4704.3381184040808875579386949539184570
4209 4705.4821388515283615561202168464660645
4210 4706.4685709632631187560036778450012207
4211 4707.1871720446415565675124526023864746
4212 4708.5954276060692791361361742019653320
4213 4709.3326785097378888167440891265869141
4214 4709.9449406445055501535534858703613281
4215 4710.5522419992794311838224530220031738
4216 4711.6919802602769777877256274223327637
4217 4712.7777974639448075322434306144714355
4218 4714.2477231761349685257300734519958496
4219 4714.9979629506906348979100584983825684
4220 4715.9526218536939268233254551887512207
4221 4716.6602391383876238251104950904846191
4222 4717.7334011432303668698295950889587402
4223 4718.5298948088966426439583301544189453
4224 4719.5957042998943506972864270210266113
4225 4720.3866942405111331027001142501831055
4226 4721.5375409161097195465117692947387695
4227 4721.9545616529012477258220314979553223
4228 4723.2349349397791229421272873878479004
4229 4724.9964220297260908409953117370605469
4230 4725.4871965430829732213169336318969727
4231 4726.2711437712259794352576136589050293
4232 4726.9492956618232710752636194229125977
4233 4728.2116041402168775675818324089050293
4234 4728.7505071376945124939084053039550781
4235 4729.6615014841336233075708150863647461
4236 4730.9627142885474313516169786453247070
4237 4732.0219070632174407364800572395324707
4238 4733.1937648359271406661719083786010742
4239 4733.8440984948665573028847575187683105
4240 4734.5278177103336929576471447944641113
4241 4736.0449237785869627259671688079833984
4242 4736.5968400096953700995072722434997559
4243 4737.7840352966813952662050724029541016
4244 4738.4325821581678610527887940406799316
4245 4738.7937335322421859018504619598388672
4246 4740.3325659941037883982062339782714844
4247 4741.7218857249845314072445034980773926
4248 4742.4140372212332295021042227745056152
4249 4743.7179205815391469513997435569763184
4250 4744.4218114710165536962449550628662109
4251 4744.9968535273310408229008316993713379
4252 4745.8424191597732715308666229248046875
4253 4746.8395937643817887874320149421691895
4254 4748.3358067043827759334817528724670410
4255 4748.7008813316406303783878684043884277
4256 4749.7281002860527223674580454826354980
4257 4751.2159489325531467329710721969604492
4258 4751.6827326776219706516712903976440430
4259 4753.0840261221837863558903336524963379
4260 4753.9188358739738760050386190414428711
4261 4754.5895651313348935218527913093566895
4262 4755.5889489805667835753411054611206055
4263 4756.3561405670170643134042620658874512
4264 4757.2226717054072651080787181854248047
4265 4757.9706695909026166191324591636657715
4266 4760.1585902323695336235687136650085449
4267 4760.4410483071369526442140340805053711
4268 4761.5164310292529989965260028839111328
4269 4761.9839939350240456406027078628540039
4270 4763.1581886179810680914670228958129883
4271 4764.2754244895004376303404569625854492
4272 4764.9984768321810406632721424102783203
4273 4765.8032553929733694531023502349853516
4274 4766.8848181373796251136809587478637695
4275 4767.8688587702927179634571075439453125
4276 4768.7264708873972267610952258110046387
4277 4770.2564972554100677371025085449218750
4278 4770.8912841827423108043149113655090332
4279 4772.0574948733483324758708477020263672
4280 4772.6449387080210726708173751831054688
4281 4773.4397975505380600225180387496948242
4282 4774.0566195540304761379957199096679688
4283 4775.3957111918498412705957889556884766
4284 4776.4292011924662801902741193771362305
4285 4777.6356769918820646125823259353637695
4286 4778.3741246700847113970667123794555664
4287 4779.5961512491776375100016593933105469
4288 4780.4791226894485589582473039627075195
4289 4780.7085875244829367147758603096008301
4290 4782.3568744212516321567818522453308105
4291 4783.3432237868928496027365326881408691
4292 4783.7145169525028904899954795837402344
4293 4784.6409676893381401896476745605468750
4294 4785.5254153297719312831759452819824219
4295 4787.2526752901267173001542687416076660
4296 4788.1525699985704704886302351951599121
4297 4788.9990155327432148624211549758911133
4298 4789.6983477482463058549910783767700195
4299 4790.7338156235455244313925504684448242
4300 4791.2911710365515318699181079864501953
4301 4792.4088240722012415062636137008666992
4302 4793.3473196602917596464976668357849121
4303 4794.2867646928461908828467130661010742
4304 4795.7801177729434130014851689338684082
4305 4796.3529035140727501129731535911560059
4306 4797.0979336799991870066151022911071777
4307 4798.4208417876870953477919101715087891
4308 4799.6732112996323849074542522430419922
4309 4800.0977680770647566532716155052185059
4310 4800.6710024023377627599984407424926758
4311 4802.1883693348809174494817852973937988
4312 4802.3778512322423921432346105575561523
4313 4803.7045927092513011302798986434936523
4314 4805.0722165012175537412986159324645996
4315 4806.3719733954185358015820384025573730
4316 4806.9212708844861481338739395141601562
4317 4807.5410121065797284245491027832031250
4318 4808.6044993295618041884154081344604492
4319 4809.3468804237381846178323030471801758
4320 4810.5318814226884569507092237472534180
4321 4811.6322889791244961088523268699645996
4322 4812.1607721569434943376109004020690918
4323 4813.0455521205149125307798385620117188
4324 4814.6815598708562902174890041351318359
4325 4815.3242765434933971846476197242736816
4326 4816.4517583779852429870516061782836914
4327 4817.2328755405560514191165566444396973
4328 4818.2401336958591855363920331001281738
4329 4819.0284259717827808344736695289611816
4330 4819.7546278653644549194723367691040039
4331 4820.2100299476132931886240839958190918
4332 4822.2211649395794665906578302383422852
4333 4822.9057268846263468731194734573364258
4334 4824.1375375407405954319983720779418945
4335 4824.6783976281840295996516942977905273
4336 4825.7362955265361961210146546363830566
4337 4826.4943411296935664722695946693420410
4338 4827.7673211372002697316929697990417480
4339 4828.3379464282425033161416649818420410
4340 4829.3863098014971910743042826652526855
4341 4830.1368234455185302067548036575317383
4342 4831.1856931805668864399194717407226562
4343 4832.2248666808009147644042968750000000
4344 4833.6632639900035428581759333610534668
4345 4834.6653409032878698781132698059082031
4346 4835.1440264250431937398388981819152832
4347 4835.9519666576179588446393609046936035
4348 4836.6089654211391462013125419616699219
4349 4838.0267097933974582701921463012695312
4350 4838.6604838440052844816818833351135254
4351 4839.6471581439636793220415711402893066
4352 4841.0647235728520172415301203727722168
4353 4842.0435046951879485277459025382995605
4354 4842.5854125627593020908534526824951172
4355 4843.6213360375295451376587152481079102
4356 4844.6996129025810660095885396003723145
4357 4845.6967342567422747379168868064880371
4358 4846.6577604415724636055529117584228516
4359 4846.9160495133910444565117359161376953
4360 4848.1074054982109373668208718299865723
4361 4848.8850419671271083643659949302673340
4362 4850.8715187425023032119497656822204590
4363 4851.4687230965118942549452185630798340
4364 4852.0010652841174305649474263191223145
4365 4853.4258152806760335806757211685180664
4366 4854.0270069252783287083730101585388184
4367 4854.5742960067218518815934658050537109
4368 4855.7184624283745506545528769493103027
4369 4856.9218301537985098548233509063720703
4370 4857.8153802728029404534026980400085449
4371 4858.6041722147765540285035967826843262
4372 4859.6805316808004135964438319206237793
4373 4860.8093307940889644669368863105773926
4374 4862.0766547067742067156359553337097168
4375 4862.3593494195774837862700223922729492
4376 4863.7601542227039317367598414421081543
4377 4864.1919486564274848205968737602233887
4378 4865.0553512892711296444758772850036621
4379 4866.0715781757771765114739537239074707
4380 4866.9540212125521065900102257728576660
4381 4868.5883271042039268650114536285400391
4382 4869.4666364106633409392088651657104492
4383 4870.5172541327574435854330658912658691
4384 4870.6965640590915427310392260551452637
4385 4871.7055394100862031336873769760131836
4386 4873.1931815098268998553976416587829590
4387 4873.8184460502416186500340700149536133
4388 4874.7899965530177723849192261695861816
4389 4875.2376607897040230454877018928527832
4390 4876.7431423095767968334257602691650391
4391 4877.7252994996015331707894802093505859
4392 4878.6290055092395050451159477233886719
4393 4880.0581274552132526878267526626586914
4394 4880.6096608378502423875033855438232422
4395 4881.3110123979931813664734363555908203
4396 4882.3044621399767493130639195442199707
4397 4882.8907860267227079020813107490539551
4398 4883.9274142141548509243875741958618164
4399 4885.3620747091372322756797075271606445
4400 4886.2704788325336267007514834403991699
4401 4887.1984805599622632144019007682800293
4402 4888.1756106945103965699672698974609375
4403 4888.9080792231088707922026515007019043
4404 4890.2144511819187755463644862174987793
4405 4890.6277570903421292314305901527404785
4406 4891.7830560407001030398532748222351074
4407 4892.9349787759947503218427300453186035
4408 4893.3883378782920772209763526916503906
4409 4893.9631695198022498516365885734558105
4410 4895.9637394959918310632929205894470215
4411 4896.9577467566195991821587085723876953
4412 4897.6507814826891262782737612724304199
4413 4898.4572919824950076872482895851135254
4414 4899.1612008822630741633474826812744141
4415 4900.4295633364235982298851013183593750
4416 4900.7428820066379557829350233078002930
4417 4902.3072100205899914726614952087402344
4418 4902.8216321323543525068089365959167480
4419 4904.2286329623511846875771880149841309
4420 4905.1424891522001416888087987899780273
4421 4906.0982382836755277821794152259826660
4422 4906.6995420227358408737927675247192383
4423 4908.3300892915958684170618653297424316
4424 4908.9135215035366854863241314888000488
4425 4909.6241116277578839799389243125915527
4426 4910.2450814790572621859610080718994141
4427 4911.2919100850995164364576339721679688
4428 4912.4513089829633827321231365203857422
4429 4913.6606376270465261768549680709838867
4430 4914.7926459302070725243538618087768555
4431 4915.7002409033066214760765433311462402
4432 4916.3321646768508799141272902488708496
4433 4917.2307802810846624197438359260559082
4434 4917.8075349051341618178412318229675293
4435 4919.4870365129736455855891108512878418
4436 4919.8893249395987368188798427581787109
4437 4920.8404304722789674997329711914062500
4438 4921.9705905427799734752625226974487305
4439 4922.7189913023612461984157562255859375
4440 4924.3170983440504642203450202941894531
4441 4925.0776065175941766938194632530212402
4442 4925.7950264793835231103003025054931641
4443 4926.7276420329908432904630899429321289
4444 4927.5979511215355159947648644447326660
4445 4928.5260647705617884639650583267211914
4446 4928.9571364384573826100677251815795898
4447 4930.2403184270369820296764373779296875
4448 4932.0368128801219427259638905525207520
4449 4932.6006703359016682952642440795898438
4450 4933.0681259876491822069510817527770996
4451 4934.3522890148688020417466759681701660
4452 4935.2009941214382706675678491592407227
4453 4936.1339493887480784906074404716491699
4454 4937.2071629556103289360180497169494629
4455 4937.7703658519203600008040666580200195
4456 4938.7538155547135829692706465721130371
4457 4939.6417247856916219461709260940551758
4458 4940.8522949028538278071209788322448730
4459 4942.1355285164190718205645680427551270
4460 4942.9768963557780807605013251304626465
4461 4943.9778664721434324746951460838317871
4462 4944.6416034135781956138089299201965332
4463 4945.1868987000707420520484447479248047
4464 4946.1192535733953263843432068824768066
4465 4947.5004903189019387355074286460876465
4466 4948.3898088931036909343674778938293457
4467 4949.0859154309291625395417213439941406
4468 4950.6158125815036328276619315147399902
4469 4951.5023848417858971515670418739318848
4470 4951.8787981549176038242876529693603516
4471 4953.2005557670890993904322385787963867
4472 4954.2550678216102824080735445022583008
4473 4954.9765766021373565308749675750732422
4474 4955.8222600463268463499844074249267578
4475 4956.4660551126416976330801844596862793
4476 4957.3318895704123860923573374748229980
4477 4959.0289893571134598460048437118530273
4478 4960.1639285362998634809628129005432129
4479 4960.7580903096641122829169034957885742
4480 4961.6884630867534724529832601547241211
4481 4962.2619523784287594025954604148864746
4482 4963.5261187617579707875847816467285156
4483 4964.3070312286454282002523541450500488
4484 4964.9252349746584513923153281211853027
4485 4966.6332165049097966402769088745117188
4486 4966.8686453993723262101411819458007812
4487 4968.3946408580904972041025757789611816
4488 4968.8360945447730045998468995094299316
4489 4970.4799827736769657349213957786560059
4490 4971.3392458404305216390639543533325195
4491 4971.8249959339846100192517042160034180
4492 4972.7134914620437484700232744216918945
4493 4973.7115778630086424527689814567565918
4494 4974.4304780163929535774514079093933105
4495 4975.3109970769110077526420354843139648
4496 4976.9640340265232225647196173667907715
4497 4977.7551540010372264077886939048767090
4498 4978.8478557467697100946679711341857910
4499 4979.5808922144296957412734627723693848
4500 4980.1187626789032947272062301635742188
4501 4981.1927037228524568490684032440185547
4502 4982.5123614083895517978817224502563477
4503 4983.2250271063203399535268545150756836
4504 4983.9799759945872210664674639701843262
4505 4984.5685436883959482656791806221008301
4506 4986.2525667808022262761369347572326660
4507 4987.1879009005060652270913124084472656
4508 4988.1915972805873025208711624145507812
4509 4988.9051666253399162087589502334594727
4510 4990.3454789785173488780856132507324219
4511 4990.4497027807628910522907972335815430
4512 4991.2147743937948689563199877738952637
4513 4992.3794624155998462811112403869628906
4514 4993.4957490268243418540805578231811523
4515 4994.6327421480327757308259606361389160
4516 4995.8792477821007196325808763504028320
4517 4996.2208210649896500399336218833923340
4518 4997.3961507896292459918186068534851074
4519 4998.3700302319994079880416393280029297
4520 4999.3296815003286610590294003486633301
4521 5000.2343171457960124826058745384216309
4522 5000.8343815180251112906262278556823730
4523 5001.8897737392308044945821166038513184
4524 5002.8540030017793469596654176712036133
4525 5003.4849443091316061327233910560607910
4526 5005.4959074735616013640537858009338379
4527 5006.2083811813317879568785429000854492
4528 5006.7885591232916340231895446777343750
4529 5007.4859827449345175409689545631408691
4530 5008.6261997078345302725210785865783691
4531 5009.2290440405704430304467678070068359
4532 5010.8111729233569349162280559539794922
4533 5010.9331978887057630345225334167480469
4534 5012.3968337232072371989488601684570312
4535 5013.5336059522760479012504220008850098
4536 5014.2384421062524779699742794036865234
4537 5015.3579278647102910326793789863586426
4538 5016.1925468375557102262973785400390625
4539 5017.3477566555666271597146987915039062
4540 5018.0849135989228670950978994369506836
4541 5018.9398315452654060209169983863830566
4542 5019.3958315500276512466371059417724609
4543 5020.3527593809303652960807085037231445
4544 5022.2030230456202843924984335899353027
4545 5022.8345259275556600186973810195922852
4546 5023.9048890249141550157219171524047852
4547 5024.7257524441756686428561806678771973
4548 5025.7309934591139608528465032577514648
4549 5026.1854766297856258461251854896545410
4550 5027.2215637417921243468299508094787598
4551 5028.5378866953160468256101012229919434
4552 5029.2169568029894435312598943710327148
4553 5030.0269368427689187228679656982421875
4554 5030.9678582401138555724173784255981445
4555 5032.3990634694200707599520683288574219
4556 5033.1665659955469891428947448730468750
4557 5034.5503609307379520032554864883422852
4558 5035.0134166192692646291106939315795898
4559 5035.5230587414935143897309899330139160
4560 5036.8416670668266306165605783462524414
4561 5037.5006928187031007837504148483276367
4562 5038.3243196689236356178298592567443848
4563 5039.6218874891692394157871603965759277
4564 5041.0413988977670669555664062500000000
4565 5041.7980343371455091983079910278320312
4566 5042.4921499923420924460515379905700684
4567 5043.0154454354451445396989583969116211
4568 5044.6567910660378402099013328552246094
4569 5045.4671304354833409888669848442077637
4570 5045.9416757483486435376107692718505859
4571 5046.9976174914681905647739768028259277
4572 5047.8630862451191205764189362525939941
4573 5048.7902288709938147803768515586853027
4574 5050.3084597646429756423458456993103027
4575 5051.1066996289737289771437644958496094
4576 5052.2793106015178636880591511726379395
4577 5052.7721555807111144531518220901489258
4578 5053.7123655559807957615703344345092773
4579 5054.4345471685410302598029375076293945
4580 5055.1926723681663133902475237846374512
4581 5056.6058131373010837705805897712707520
4582 5057.5899963339907117187976837158203125
4583 5058.3454093378695688443258404731750488
4584 5059.4399058230064838426187634468078613
4585 5060.5590810246249020565301179885864258
4586 5061.3262494588288973318412899971008301
4587 5062.1684725897976022679358720779418945
4588 5063.1827158627747849095612764358520508
4589 5064.3338138836388679919764399528503418
4590 5064.6289725277820252813398838043212891
4591 5065.4801248418734758161008358001708984
4592 5066.5765391596905828919261693954467773
4593 5068.3848153200015076436102390289306641
4594 5069.0959360904362256405875086784362793
4595 5069.6755441054629045538604259490966797
4596 5070.8685509927290695486590266227722168
4597 5071.2497971762513770954683423042297363
4598 5072.4103725507793569704517722129821777
4599 5073.4822561138553282944485545158386230
4600 5074.3560619741529080783948302268981934
4601 5074.9114703080886101815849542617797852
4602 5076.5986379027290240628644824028015137
4603 5077.1529893925326177850365638732910156
4604 5078.0011092273180111078545451164245605
4605 5079.6127260594239487545564770698547363
4606 5080.1236219147212977986782789230346680
4607 5081.1300974741079699015244841575622559
4608 5081.6943447807534539606422185897827148
4609 5082.3177816595016338396817445755004883
4610 5083.7698488975693180691450834274291992
4611 5084.3874393806472653523087501525878906
4612 5085.9442307924218766856938600540161133
4613 5086.9997614601979876169934868812561035
4614 5087.5326690006095304852351546287536621
4615 5088.5989012044010451063513755798339844
4616 5089.1780939706295612268149852752685547
4617 5090.3458769213157211197540163993835449
4618 5091.2629579822551022516563534736633301
4619 5092.4019418624156969599425792694091797
4620 5092.8377606841877422994002699851989746
4621 5093.6688800729498325381428003311157227
4622 5095.0869131025920069077983498573303223
4623 5096.6379329399842390557751059532165527
4624 5096.9594239985126478131860494613647461
4625 5097.8144298344250273657962679862976074
4626 5098.9567892096893046982586383819580078
4627 5099.6107432444150617811828851699829102
4628 5100.4914626235731702763587236404418945
4629 5101.0340630744667578255757689476013184
4630 5102.6459486544354149373248219490051270
4631 5103.7283413479417504277080297470092773
4632 5104.4180931575137947220355272293090820
4633 5105.6386356200946465833112597465515137
4634 5106.0522257844695559469982981681823730
4635 5107.3857402037756401114165782928466797
4636 5108.4477703803240729030221700668334961
4637 5108.9590968578595493454486131668090820
4638 5109.8389819300500676035881042480468750
4639 5110.8060415657437260961160063743591309
4640 5111.5031245712543750414624810218811035
4641 5113.0101571742343367077410221099853516
4642 5113.9460428356414922745898365974426270
4643 5115.3728432823554612696170806884765625
4644 5115.7267619945941987680271267890930176
4645 5116.5605573949105746578425168991088867
4646 5117.0259935847152519272640347480773926
4647 5118.5338386766325129428878426551818848
4648 5119.3656690491607150761410593986511230
4649 5120.2400233717744413297623395919799805
4650 5121.0834901688413083320483565330505371
4651 5122.4547813368517381604760885238647461
4652 5123.3028933703444636194035410881042480
4653 5124.0617848792735458118841052055358887
4654 5125.2536866734026261838153004646301270
4655 5126.2791177327126206364482641220092773
4656 5126.7299932315600017318502068519592285
4657 5127.7417168161773588508367538452148438
4658 5128.6816252194221306126564741134643555
4659 5128.9644838807398627977818250656127930
4660 5131.0438989224676333833485841751098633
4661 5132.0071677320938761113211512565612793
4662 5132.6831371820280764950439333915710449
4663 5133.3065761589969042688608169555664062
4664 5134.6630437534822704037651419639587402
4665 5135.1719641831696208100765943527221680
4666 5136.1299360815664840629324316978454590
4667 5137.2062915078167861793190240859985352
4668 5138.0429580624095251550897955894470215
4669 5139.1215310044008219847455620765686035
4670 5139.6791257495951867895200848579406738
4671 5141.0966239858971675857901573181152344
4672 5142.4479077631494874367490410804748535
4673 5142.9020323973199992906302213668823242
4674 5143.9337005347515514586120843887329102
4675 5144.5877526361509808339178562164306641
4676 5145.4804492525072419084608554840087891
4677 5146.1496458987421647179871797561645508
4678 5147.5627919069302151910960674285888672
4679 5148.2535274272140668472275137901306152
4680 5149.7682603546672908123582601547241211
4681 5150.7096151333335001254454255104064941
4682 5151.1418497795384610071778297424316406
4683 5152.1862147680167254293337464332580566
4684 5152.9531272139065549708902835845947266
4685 5154.6568457480898359790444374084472656
4686 5154.8991440114205033751204609870910645
4687 5155.4933624392342608189210295677185059
4688 5156.5094472631462849676609039306640625
4689 5157.8190655411435727728530764579772949
4690 5158.9548240484618872869759798049926758
4691 5160.0577363586289720842614769935607910
4692 5160.8527798393497505458071827888488770
4693 5161.6053927791272144531831145286560059
4694 5162.5871866468769439961761236190795898
4695 5163.0601642139699833933264017105102539
4696 5164.1023120067893614759668707847595215
4697 5165.3067714317403442692011594772338867
4698 5166.1919728393895638873800635337829590
4699 5167.4835944690548785729333758354187012
4700 5167.9908280401523370528593659400939941
4701 5169.0701944917673245072364807128906250
4702 5170.2915160320808354299515485763549805
4703 5171.2359274924783676397055387496948242
4704 5171.5854808475723984884098172187805176
4705 5172.8016888114179891999810934066772461
4706 5173.6750244444356212625280022621154785
4707 5174.3599011139413050841540098190307617
4708 5175.0931227902910904958844184875488281
4709 5177.2371321654100029263645410537719727
4710 5177.6096298771444708108901977539062500
4711 5178.7521943651245237560942769050598145
4712 5179.2026062129189085680991411209106445
4713 5180.1066263481970963766798377037048340
4714 5181.1897924546519789146259427070617676
4715 5182.1309140113226021640002727508544922
4716 5182.9988263030190864810720086097717285
4717 5183.9503071224953600903972983360290527
4718 5184.6857951040383341023698449134826660
4719 5186.3557466610618575941771268844604492
4720 5186.7094726845589320873841643333435059
4721 5187.8878478540718788281083106994628906
4722 5189.0767196256965689826756715774536133
4723 5189.8595887432456947863101959228515625
4724 5190.3552915138971002306789159774780273
4725 5191.1268017855600191978737711906433105
4726 5192.0464869192837795708328485488891602
4727 5193.4044153905997518450021743774414062
4728 5194.7074888679253490408882498741149902
4729 5195.1591639743746782187372446060180664
4730 5196.7073243655904661864042282104492188
4731 5197.1174986194946541218087077140808105
4732 5197.7183241811926563968881964683532715
4733 5199.2238582707304885843768715858459473
4734 5199.7763291194278281182050704956054688
4735 5200.9613113139239430893212556838989258
4736 5201.5558438409789232537150382995605469
4737 5202.4579897318872099276632070541381836
4738 5203.5212169036985869752243161201477051
4739 5205.0996070780765876406803727149963379
4740 5205.9005958961897704284638166427612305
4741 5206.6331619575939839705824851989746094
4742 5207.2150664677847089478746056556701660
4743 5208.2885228011873550713062286376953125
4744 5209.1382391780298348749056458473205566
4745 5210.0109109628883743425831198692321777
4746 5210.8082186449501023162156343460083008
4747 5212.4194044546638906467705965042114258
4748 5213.3166742539306142134591937065124512
4749 5213.8969430596189340576529502868652344
4750 5214.7752524981224269140511751174926758
4751 5216.0544912507157278014346957206726074
4752 5216.9320091895478981314226984977722168
4753 5217.6507951269668410532176494598388672
4754 5218.6914128494408942060545086860656738
4755 5219.0578774778878141660243272781372070
4756 5220.2208551856638223398476839065551758
4757 5221.4229512807905848603695631027221680
4758 5222.8587877255231433082371950149536133
4759 5223.4344288848915311973541975021362305
4760 5224.4574633367356000235304236412048340
4761 5225.2560648899107036413624882698059082
4762 5226.1484235262396396137773990631103516
4763 5226.3515408063340146327391266822814941
4764 5228.1830986322693206602707505226135254
4765 5229.1985556395957246422767639160156250
4766 5229.2418128532663104124367237091064453
4767 5230.8972097592995851300656795501708984
4768 5231.8150836282966338330879807472229004
4769 5232.8846201443739118985831737518310547
4770 5233.6581150600086402846500277519226074
4771 5234.6402897732987185008823871612548828
4772 5235.5747353485767234815284609794616699
4773 5236.3004614878791471710428595542907715
4774 5236.9574395402214577188715338706970215
4775 5237.8016954786598944338038563728332520
4776 5239.1927892420098942238837480545043945
4777 5240.6076360243841918418183922767639160
4778 5241.5028252886168047552928328514099121
4779 5241.8227207999698293861001729965209961
4780 5242.7929853787391039077192544937133789
4781 5243.8825489620176085736602544784545898
4782 5244.8454511377858580090105533599853516
4783 5245.7557327094382344512268900871276855
4784 5246.2792509626979153836145997047424316
4785 5247.6103204186983930412679910659790039
4786 5248.4415390478989138500764966011047363
4787 5249.3663361763647117186337709426879883
4788 5250.6752381241785769816488027572631836
4789 5251.7985588096653373213484883308410645
4790 5252.5220383032956306124106049537658691
4791 5252.8905748919933103024959564208984375
4792 5253.9440705325741873821243643760681152
4793 5254.9126307403894315939396619796752930
4794 5255.6131642226955591468140482902526855
4795 5257.0811800949140888405963778495788574
4796 5257.9249410507800348568707704544067383
4797 5259.1083209199241537135094404220581055
4798 5259.7719044036257400875911116600036621
4799 5260.9591904268236248753964900970458984
4800 5261.1804756843321229098364710807800293
4801 5262.8488355597437475807964801788330078
4802 5263.3969649155515071470290422439575195
4803 5264.4113778324717713985592126846313477
4804 5265.0883743159283767454326152801513672
4805 5265.6059363015592680312693119049072266
4806 5267.8853642038138787029311060905456543
4807 5268.1982705640384665457531809806823730
4808 5269.2013929185832239454612135887145996
4809 5270.2594543557333963690325617790222168
4810 5270.8862275113042414886876940727233887
4811 5271.6969691100621275836601853370666504
4812 5272.5179603557080554310232400894165039
4813 5273.5787379058765509398654103279113770
4814 5274.6915090341553877806290984153747559
4815 5275.6438788588020543102174997329711914
4816 5276.6835029360026965150609612464904785
4817 5277.4757594088569021550938487052917480
4818 5278.3793904573030886240303516387939453
4819 5279.7756675475338852265849709510803223
4820 5280.3154459532161126844584941864013672
4821 5281.2399505139273969689384102821350098
4822 5281.6333803130346495890989899635314941
4823 5283.1638686868191143730655312538146973
4824 5283.4787192608273471705615520477294922
4825 5284.9269266396095190430060029029846191
4826 5286.4371615540148923173546791076660156
4827 5287.1374823139558429829776287078857422
4828 5287.7113805138360476121306419372558594
4829 5288.5155497948417178122326731681823730
4830 5289.3532453380175866186618804931640625
4831 5290.6749744622156867990270256996154785
4832 5291.3995906332074810052290558815002441
4833 5292.2750165136003488441929221153259277
4834 5293.0243555858633044408634305000305176
4835 5294.4647607789083849638700485229492188
4836 5295.1263555068326240871101617813110352
4837 5296.5810567630396690219640731811523438
4838 5297.1253951200214942218735814094543457
4839 5297.9811833765652409056201577186584473
4840 5299.2746796679148246766999363899230957
4841 5299.6273000970977591350674629211425781
4842 5300.1447366294978564837947487831115723
4843 5301.4581317666870745597407221794128418
4844 5302.9814542595504462951794266700744629
4845 5303.8852556619312963448464870452880859
4846 5304.5084578966489061713218688964843750
4847 5305.5263328972032468300312757492065430
4848 5306.4987696710450109094381332397460938
4849 5307.3003885182606609305366873741149902
4850 5308.0727903957067610463127493858337402
4851 5309.3617533329670550301671028137207031
4852 5310.0327645362576731713488698005676270
4853 5310.6068010929539013886824250221252441
4854 5311.8590498390494758496060967445373535
4855 5312.9802091500714595895260572433471680
4856 5314.4394267803909315261989831924438477
4857 5314.9547937980987626360729336738586426
4858 5315.7262966224043339025229215621948242
4859 5316.6392536626062792493030428886413574
4860 5317.1397347433940012706443667411804199
4861 5318.4452409250370692461729049682617188
4862 5319.3647342269232467515394091606140137
4863 5320.1097529745693464064970612525939941
4864 5321.5366949690214823931455612182617188
4865 5322.6332804004578065359964966773986816
4866 5323.1372310280312376562505960464477539
4867 5323.7963279099385545123368501663208008
4868 5325.4664110482244723243638873100280762
4869 5326.0385128626203368185088038444519043
4870 5326.8677638539265899453312158584594727
4871 5327.4802224584454961586743593215942383
4872 5328.4638447031156829325482249259948730
4873 5329.3771586293987638782709836959838867
4874 5331.0150518049304082524031400680541992
4875 5331.8550336853695625904947519302368164
4876 5332.5824492655792710138484835624694824
4877 5333.7463496393738751066848635673522949
4878 5334.0612181953365507069975137710571289
4879 5335.1953884936592658050358295440673828
4880 5335.9479263449284189846366643905639648
4881 5337.0596727913634822471067309379577637
4882 5338.2142748735295754158869385719299316
4883 5338.9331255871802568435668945312500000
4884 5339.6745650561497313901782035827636719
4885 5341.2649579518947575706988573074340820
4886 5341.9077146677282144082710146903991699
4887 5342.9866900042397901415824890136718750
4888 5343.6233596444417344173416495323181152
4889 5344.5075327817739889724180102348327637
4890 5345.5282973374633002094924449920654297
4891 5346.0699654485943028703331947326660156
4892 5346.8909373617825622204691171646118164
4893 5348.7696693217767460737377405166625977
4894 5349.4890578727863612584769725799560547
4895 5350.3959048675678786821663379669189453
4896 5351.2254200783681881148368120193481445
4897 5351.7716373108905827393755316734313965
4898 5352.9001781149345333687961101531982422
4899 5354.1852028750126919476315379142761230
4900 5354.7734795622964156791567802429199219
4901 5355.3470635082812805194407701492309570
4902 5356.5388657896619406528770923614501953
4903 5357.7116198371786595089361071586608887
4904 5358.6691064018941688118502497673034668
4905 5359.6339179278838855680078268051147461
4906 5360.8771264112292556092143058776855469
4907 5361.6309967826455249451100826263427734
4908 5361.9166369357662915717810392379760742
4909 5362.9904051770972728263586759567260742
4910 5363.7172804075125895906239748001098633
4911 5365.2962673195906972978264093399047852
4912 5365.7422576878670952282845973968505859
4913 5367.3801238453579571796581149101257324
4914 5367.9055429619966162135824561119079590
4915 5368.8136416064680815907195210456848145
4916 5369.8075963792925904272124171257019043
4917 5370.7135396959092759061604738235473633
4918 5371.5383296366962895262986421585083008
4919 5372.6808672768820542842149734497070312
4920 5373.2199731410382810281589627265930176
4921 5374.1148353058651991887018084526062012
4922 5374.8697383016533422050997614860534668
4923 5376.7226636295090429484844207763671875
4924 5377.7197306395173654891550540924072266
4925 5378.2070381480152718722820281982421875
4926 5378.7687139232002664357423782348632812
4927 5380.1037320352934330003336071968078613
4928 5380.8770567645406117662787437438964844
4929 5381.3481507428077748045325279235839844
4930 5382.8099934029814903624355792999267578
4931 5383.5286010447161970660090446472167969
4932 5384.8197646005610295105725526809692383
4933 5385.6897812504685134626924991607666016
4934 5386.3110493545409553917124867439270020
4935 5387.7055340913775580702349543571472168
4936 5388.4491376034256973071023821830749512
4937 5389.6081468353331729304045438766479492
4938 5389.9095136481118970550596714019775391
4939 5390.9922602746974007459357380867004395
4940 5391.5059656353332684375345706939697266
4941 5392.9819596939887560438364744186401367
4942 5394.0837173089839780004695057868957520
4943 5395.1166634986748249502852559089660645
4944 5396.1158595501783565850928425788879395
4945 5397.0034301203359063947573304176330566
4946 5397.2619596487238595727831125259399414
4947 5398.2776219356401270488277077674865723
4948 5399.7125045804732508258894085884094238
4949 5400.4188877335709548788145184516906738
4950 5401.1944960543496563332155346870422363
4951 5401.9471429916447959840297698974609375
4952 5403.3895901659179799025878310203552246
4953 5404.2876876700938737485557794570922852
4954 5405.3544533160711580421775579452514648
4955 5406.1841327429028751794248819351196289
4956 5407.0755380613481975160539150238037109
4957 5407.7350142802515620132908225059509277
4958 5408.5887156774479080922901630401611328
4959 5409.5777393363823648542165756225585938
4960 5410.1018720030970143852755427360534668
4961 5412.1196606832982070045545697212219238
4962 5412.7569316979188442928716540336608887
4963 5413.4489421836897236062213778495788574
4964 5414.3918845221141964429989457130432129
4965 5415.2250628562615020200610160827636719
4966 5416.5118141597831709077581763267517090
4967 5417.1907771199039416387677192687988281
4968 5417.7307760262774536386132240295410156
4969 5419.1457692314270389033481478691101074
4970 5419.6479141622221504803746938705444336
4971 5420.5951186697857338003814220428466797
4972 5422.1072014932906313333660364151000977
4973 5423.3642847234950750134885311126708984
4974 5423.5828404063158814096823334693908691
4975 5424.9901370038187451427802443504333496
4976 5425.2055799847839807625859975814819336
4977 5426.0774737569608987541869282722473145
4978 5427.3277873466977325733751058578491211
4979 5428.2007935856199765112251043319702148
4980 5429.3070695173300919122993946075439453
4981 5430.0932324381938087753951549530029297
4982 5431.5185505400331749115139245986938477
4983 5432.0813007471442688256502151489257812
4984 5432.8670620019711350323632359504699707
4985 5433.9393147237042285269126296043395996
4986 5435.2245109453015174949541687965393066
4987 5435.6142142314511147560551762580871582
4988 5436.6584012088333111023530364036560059
4989 5436.8206444184543215669691562652587891
4990 5438.4860779388054652372375130653381348
4991 5439.8749474529286089818924665451049805
4992 5440.6451602557153819361701607704162598
4993 5441.5650505428548058262094855308532715
4994 5442.1971967271092580631375312805175781
4995 5443.2835396900845807977020740509033203
4996 5443.7951371365979866823181509971618652
4997 5444.9669595795730856480076909065246582
4998 5445.9250271602395514491945505142211914
4999 5446.7652477873180032474920153617858887
5000 5447.8619982638228975702077150344848633
5001 5448.9084133283213304821401834487915039
5002 5449.4276300971014279639348387718200684
5003 5451.3094078805024764733389019966125488
5004 5451.6667753159199492074549198150634766
5005 5452.3309499451625015353783965110778809
5006 5453.2764257723010814515873789787292480
5007 5454.2327660409100644756108522415161133
5008 5454.9485555018291051965206861495971680
5009 5455.8679639554593450156971812248229980
5010 5457.2543358126004022778943181037902832
5011 5458.7156450015481823356822133064270020
5012 5459.0621822874145436799153685569763184
5013 5459.7145138670366577571257948875427246
5014 5460.8155440401933446992188692092895508
5015 5461.6829687173994898330420255661010742
5016 5462.7450005198952567297965288162231445
5017 5463.7645543566140986513346433639526367
5018 5464.2438752773869055090472102165222168
5019 5465.0832415219847462140023708343505859
5020 5466.4183062669690116308629512786865234
5021 5467.7904448664758092490956187248229980
5022 5468.2445355148556700441986322402954102
5023 5469.4808882463694317266345024108886719
5024 5470.2200684586005081655457615852355957
5025 5471.0828732873014814686030149459838867
5026 5471.7608671894049621187150478363037109
5027 5472.2640378163123386912047863006591797
5028 5473.9252041441941400989890098571777344
5029 5474.8714529621574911288917064666748047
5030 5475.7494368776860937941819429397583008
5031 5476.7488937956277368357405066490173340
5032 5477.6719405593212286476045846939086914
5033 5478.4634365805268316762521862983703613
5034 5479.3968148727235529804602265357971191
5035 5480.6548057373929623281583189964294434
5036 5480.9567335450592509005218744277954102
5037 5481.9937341760032722959294915199279785
5038 5483.0668518052880244795233011245727539
5039 5483.4731488922370772343128919601440430
5040 5485.3795303160095500061288475990295410
5041 5486.2509581927752151386812329292297363
5042 5487.1586425722125568427145481109619141
5043 5487.8144485832817736081779003143310547
5044 5488.2394696672490681521594524383544922
5045 5489.5398864071175921708345413208007812
5046 5490.6064772139889100799337029457092285
5047 5491.1984883657823957037180662155151367
5048 5492.1370505820432299515232443809509277
5049 5493.7924691692060150671750307083129883
5050 5494.0384803501328860875219106674194336
5051 5495.2808754668003530241549015045166016
5052 5496.0897272776619502110406756401062012
5053 5497.3734905332530615851283073425292969
5054 5498.1741237645419460022822022438049316
5055 5498.6335650083965447265654802322387695
5056 5499.6127973462243971880525350570678711
5057 5500.3539835318533732788637280464172363
5058 5501.3312241828316473402082920074462891
5059 5503.2116945943798782536759972572326660
5060 5503.5225360528183955466374754905700684
5061 5504.5794910149634233675897121429443359
5062 5505.5719359083195740822702646255493164
5063 5506.3300112719134631333872675895690918
5064 5506.9081798740644444478675723075866699
5065 5508.0170094199729646788910031318664551
5066 5509.2912306634116248460486531257629395
5067 5509.9459302895775181241333484649658203
5068 5510.5442648995904164621606469154357910
5069 5511.7577738404761475976556539535522461
5070 5513.1099580366208101622760295867919922
5071 5514.0018486151184333721175789833068848
5072 5514.8444619415768102044239640235900879
5073 5515.5014828981165919685736298561096191
5074 5516.6296564258882426656782627105712891
5075 5517.1616333069159736623987555503845215
5076 5517.9482996619935875060036778450012207
5077 5519.0958376458729617297649383544921875
5078 5520.2153979196154978126287460327148438
5079 5521.6142047170887963147833943367004395
5080 5522.2496310666829231195151805877685547
5081 5522.9700466104895895114168524742126465
5082 5523.6013511123674106784164905548095703
5083 5525.2397821782215032726526260375976562
5084 5525.7171225444999436149373650550842285
5085 5526.6627654104067914886400103569030762
5086 5527.3553326265518990112468600273132324
5087 5528.1664125812985730590298771858215332
5088 5529.6609340981995046604424715042114258
5089 5530.2031592847270076163113117218017578
5090 5531.9296124954435072140768170356750488
5091 5532.4611174170568119734525680541992188
5092 5533.2758254194995970465242862701416016
5093 5533.9533584864639124134555459022521973
5094 5534.8107890407172817504033446311950684
5095 5535.6568683562163641909137368202209473
5096 5536.8995251222422666614875197410583496
5097 5537.7909083638660376891493797302246094
5098 5538.7407273512908432167023420333862305
5099 5539.8145851645804214058443903923034668
5100 5540.6945832492820045445114374160766602
5101 5541.5763515049893612740561366081237793
5102 5542.7646462826578499516472220420837402
5103 5543.1132565044772491091862320899963379
5104 5544.5152087886854133103042840957641602
5105 5545.1929988581432553473860025405883789
5106 5545.6678951068734022555872797966003418
5107 5546.5353045365027355728670954704284668
5108 5548.5239197154751309426501393318176270
5109 5549.3588397811927279690280556678771973
5110 5549.8348229177463508676737546920776367
5111 5550.8078996699859999353066086769104004
5112 5551.9299118681847176048904657363891602
5113 5552.2079467922867479501292109489440918
5114 5553.6597896555649640504270792007446289
5115 5554.2385998695881426101550459861755371
5116 5555.4024307134986884193494915962219238
5117 5556.1992456673451670212671160697937012
5118 5557.3639223972386389505118131637573242
5119 5558.2020044285982294240966439247131348
5120 5559.2481785284126090118661522865295410
5121 5560.3672117694040935020893812179565430
5122 5561.3101348671898449538275599479675293
5123 5561.7915488274702511262148618698120117
5124 5562.2618847290486883139237761497497559
5125 5563.6378708389693201752379536628723145
5126 5564.4301625032585434382781386375427246
5127 5565.5662173451200942508876323699951172
5128 5566.9121771735608490416780114173889160
5129 5567.6443185235548298805952072143554688
5130 5568.7985798321587935788556933403015137
5131 5568.9129344176944869104772806167602539
5132 5570.0063562695486325537785887718200684
5133 5571.4378676606793305836617946624755859
5134 5572.1755810006343381246551871299743652
5135 5572.5860242305516294436529278755187988
5136 5573.8995295075292233377695083618164062
5137 5574.4412839509077457478269934654235840
5138 5576.0647623934128205291926860809326172
5139 5577.1836793265429150778800249099731445
5140 5577.6722770392862003063783049583435059
5141 5578.6446445090623456053435802459716797
5142 5579.4959166255721356719732284545898438
5143 5580.3332703995220072101801633834838867
5144 5581.0255737259012676076963543891906738
5145 5581.8222771623914013616740703582763672
5146 5583.3891914509022171841934323310852051
5147 5584.3237409434223081916570663452148438
5148 5585.2445711076452425913885235786437988
5149 5585.7087169602109497645869851112365723
5150 5587.1600813670993375126272439956665039
5151 5587.8865254320844542235136032104492188
5152 5588.7510611350407998543232679367065430
5153 5589.6917271983820683090016245841979980
5154 5590.3851730898586538387462496757507324
5155 5591.4009636915488954400643706321716309
5156 5591.9252407326421234756708145141601562
5157 5593.5556170366107835434377193450927734
5158 5594.5745943420097319176420569419860840
5159 5595.7113748951378511264920234680175781
5160 5596.2277363429238903336226940155029297
5161 5596.8566166007749416166916489601135254
5162 5597.8417688094323239056393504142761230
5163 5598.6060067135731515008956193923950195
5164 5600.1621501606223318958654999732971191
5165 5600.5497469431265926687046885490417480
5166 5601.3007509441958973184227943420410156
5167 5603.0813627423085563350468873977661133
5168 5603.5648399841320497216656804084777832
5169 5604.3472543223906541243195533752441406
5170 5605.6446541016066476004198193550109863
5171 5606.5425794299899280304089188575744629
5172 5607.2731785072646744083613157272338867
5173 5608.0054036234396335203200578689575195
5174 5608.6955822999152587726712226867675781
5175 5609.5638959707430331036448478698730469
5176 5611.1467437177943793358281254768371582
5177 5612.1571145970101497368887066841125488
5178 5613.1214001207918045111000537872314453
5179 5613.7278969099243113305419683456420898
5180 5614.4922878837787720840424299240112305
5181 5615.7410265132239146623760461807250977
5182 5616.2545249756458360934630036354064941
5183 5617.3202714962353638838976621627807617
5184 5618.2890895749387709656730294227600098
5185 5619.2680819459692429518327116966247559
5186 5619.9023945849457959411665797233581543
5187 5621.0233917062632826855406165122985840
5188 5622.4886040618239348987117409706115723
5189 5623.4136255196735874051228165626525879
5190 5623.7771203624815825605764985084533691
5191 5624.7555793196333979722112417221069336
5192 5625.5921849057795043336227536201477051
5193 5626.5022428465963457711040973663330078
5194 5627.2131873071430163690820336341857910
5195 5628.3484624629272730089724063873291016
5196 5629.8906487868734984658658504486083984
5197 5630.3805023564218572573736310005187988
5198 5631.5202881599234387977048754692077637
5199 5632.1974652314529521390795707702636719
5200 5632.8470999747587484307587146759033203
5201 5634.3700162916557019343599677085876465
5202 5635.0162510051231947727501392364501953
5203 5635.9294702405350108165293931961059570
5204 5636.2366942177832243032753467559814453
5205 5637.4902370451618480728939175605773926
5206 5638.7887145025160862132906913757324219
5207 5640.1342528113837033743038773536682129
5208 5640.3857107699222979135811328887939453
5209 5641.8722509720846574055030941963195801
5210 5642.4633993671177449868991971015930176
5211 5643.0933191692347463686019182205200195
5212 5643.6631274895316892070695757865905762
5213 5645.3281174325802567182108759880065918
5214 5645.7690159822723217075690627098083496
5215 5647.1615764932939782738685607910156250
5216 5647.8572068888788635376840829849243164
5217 5648.9744629383931169286370277404785156
5218 5649.8007568691900814883410930633544922
5219 5650.8390752624218293931335210800170898
5220 5651.8834182449354557320475578308105469
5221 5652.3454794377994403475895524024963379
5222 5653.4073560492524848086759448051452637
5223 5654.1921512227963830810040235519409180
5224 5655.0003728454648808110505342483520508
5225 5655.8192526630646170815452933311462402
5226 5657.8667388030826259637251496315002441
5227 5658.4112473840741586172953248023986816
5228 5658.9212160501811013091355562210083008
5229 5659.8944128747025388292968273162841797
5230 5660.6304228422577580204233527183532715
5231 5661.9296966066413006046786904335021973
5232 5662.4574510731417831266298890113830566
5233 5663.5572483195355744101107120513916016
5234 5664.3367083231460128445178270339965820
5235 5665.4604597801408090163022279739379883
5236 5666.4726157085224258480593562126159668
5237 5667.3161705311977129895240068435668945
5238 5668.5253155692807922605425119400024414
5239 5669.4727677088576456299051642417907715
5240 5669.9785638729881611652672290802001953
5241 5671.1496594256750540807843208312988281
5242 5671.4799591850751312449574470520019531
5243 5672.2909548985699075274169445037841797
5244 5673.9371583881820697570219635963439941
5245 5674.8149951954219432082027196884155273
5246 5675.7075288197174813831225037574768066
5247 5676.9725364910391363082453608512878418
5248 5677.3850263344629638595506548881530762
5249 5678.3479089963766455184668302536010742
5250 5679.1139039617228263523429632186889648
5251 5680.3390451553314051125198602676391602
5252 5681.2415652948948263656347990036010742
5253 5682.0991703631170821608975529670715332
5254 5682.2881499701834400184452533721923828
5255 5683.9705090649258636403828859329223633
5256 5685.1237935457666026195511221885681152
5257 5686.0935412960461690090596675872802734
5258 5687.0245198922366398619487881660461426
5259 5687.4818563337339583085849881172180176
5260 5688.3638443951622321037575602531433105
5261 5689.5086319302827178034931421279907227
5262 5689.9526949605533445719629526138305664
5263 5691.1409457094523531850427389144897461
5264 5692.2052179334041284164413809776306152
5265 5693.5896088088866235921159386634826660
5266 5694.3119662458575476193800568580627441
5267 5694.6092174290224647847935557365417480
5268 5696.0319173271072941133752465248107910
5269 5697.1720497632977640023455023765563965
5270 5697.9020797306566237239167094230651855
5271 5698.3747478794502967502921819686889648
5272 5699.3729931394409504719078540802001953
5273 5700.4810142307451314991340041160583496
5274 5700.9838723534121527336537837982177734
5275 5702.7328113933726854156702756881713867
5276 5703.6162277189923770492896437644958496
5277 5704.5058404786523169605061411857604980
5278 5705.1779268891241372330114245414733887
5279 5706.0774143735670804744586348533630371
5280 5706.5960759363006218336522579193115234
5281 5707.7686522447020252002403140068054199
5282 5709.0394243158061726717278361320495605
5283 5709.5203690536127396626397967338562012
5284 5710.6017409830346878152340650558471680
5285 5711.5592249780202109832316637039184570
5286 5712.8158711462237988598644733428955078
5287 5713.7938441340065764961764216423034668
5288 5714.0997549216390325454995036125183105
5289 5715.6336442449883179506286978721618652
5290 5716.3335603708546841517090797424316406
5291 5716.7502794628198898863047361373901367
5292 5717.7714966489675134653225541114807129
5293 5718.4723395784694730537012219429016113
5294 5720.3633899440756067633628845214843750
5295 5721.0505346734953491250053048133850098
5296 5721.9643236537503980798646807670593262
5297 5722.5913580867054406553506851196289062
5298 5723.7790461391705321148037910461425781
5299 5724.1633580874404287897050380706787109
5300 5725.6711410519528726581484079360961914
5301 5726.2333869165049691218882799148559570
5302 5726.9887435342225217027589678764343262
5303 5728.1207003210784023394808173179626465
5304 5729.1523769224022544221952557563781738
5305 5729.8831931516524491598829627037048340
5306 5731.3478621828689938411116600036621094
5307 5732.3411892509666358819231390953063965
5308 5732.8820935186777205672115087509155273
5309 5733.5999676626906875753775238990783691
5310 5734.2890925186602544272318482398986816
5311 5735.4489924024583160644397139549255371
5312 5736.3254169526862824568524956703186035
5313 5737.2552611090832215268164873123168945
5314 5738.6098198593008419265970587730407715
5315 5739.5696345306951116072013974189758301
5316 5740.3118949189411068800836801528930664
5317 5740.8653721183982270304113626480102539
5318 5742.1466984314356523100286722183227539
5319 5743.0060628343726421007886528968811035
5320 5743.8919934941150131635367870330810547
5321 5744.8575304689038603100925683975219727
5322 5745.3163951320675550960004329681396484
5323 5746.1050373280941130360588431358337402
5324 5747.9443512864563672337681055068969727
5325 5748.7376213574207213241606950759887695
5326 5749.8400452824862441048026084899902344
5327 5750.0724189490465505514293909072875977
5328 5751.5106785064745054114609956741333008
5329 5752.0225801764281641226261854171752930
5330 5752.7253532901249855058267712593078613
5331 5753.6884382872594869695603847503662109
5332 5755.2670013845017820131033658981323242
5333 5755.6667684385520260548219084739685059
5334 5756.7647683998966385843232274055480957
5335 5757.9420079054780217120423913002014160
5336 5758.4753407727221201639622449874877930
5337 5759.8966833456415770342573523521423340
5338 5760.6461076736759423511102795600891113
5339 5761.1316452831233618780970573425292969
5340 5762.4519067074288614094257354736328125
5341 5762.7339077419419481884688138961791992
5342 5763.8322809968558431137353181838989258
5343 5764.9635567541499767685309052467346191
5344 5766.3053890826340648345649242401123047
5345 5767.3829187661885953275486826896667480
5346 5767.9850957034359453245997428894042969
5347 5768.7081112955111166229471564292907715
5348 5769.2173794235532113816589117050170898
5349 5770.6818870615479681873694062232971191
5350 5771.7177429866897000465542078018188477
5351 5772.1103111360862385481595993041992188
5352 5773.0859862035358673892915248870849609
5353 5774.2691437884495826438069343566894531
5354 5775.4049017207980796229094266891479492
5355 5776.0525099577407672768458724021911621
5356 5777.4000765026212320663034915924072266
5357 5778.0911219155241269618272781372070312
5358 5779.0052013383738085394725203514099121
5359 5779.6615557023615110665559768676757812
5360 5780.3785972985788248479366302490234375
5361 5781.2539218684232764644548296928405762
5362 5782.4004667857261665631085634231567383
5363 5784.0484325327543047023937106132507324
5364 5784.4684671648556104628369212150573730
5365 5785.2128944253709050826728343963623047
5366 5786.4935754967737011611461639404296875
5367 5787.1348788172654167283326387405395508
5368 5787.9694409705844009295105934143066406
5369 5788.9857997172402974683791399002075195
5370 5789.9543512298314453801140189170837402
5371 5790.6922669115829194197431206703186035
5372 5791.5469761378353723557665944099426270
5373 5792.2895935826400091173127293586730957
5374 5794.3019079345649515744298696517944336
5375 5794.6687814881552185397595167160034180
5376 5795.5639397097074834164232015609741211
5377 5796.4190405262070271419361233711242676
5378 5797.2178390862027299590408802032470703
5379 5797.8842821600937895709648728370666504
5380 5798.9396641787352564278990030288696289
5381 5800.0410302113523357547819614410400391
5382 5800.7192773567567201098427176475524902
5383 5802.3717183512399060418829321861267090
5384 5802.7811359154020465211942791938781738
5385 5803.8712061369697039481252431869506836
5386 5804.4094091522310918662697076797485352
5387 5805.8201886627030035015195608139038086
5388 5806.7986607564416772220283746719360352
5389 5807.3739492506065289489924907684326172
5390 5807.7863835584303160430863499641418457
5391 5808.9500496173077408457174897193908691
5392 5810.0332032132810127222910523414611816
5393 5811.3568211203764803940430283546447754
5394 5812.2047883456834824755787849426269531
5395 5813.3450514612304687034338712692260742
5396 5813.9464150019230146426707506179809570
5397 5814.4993275408014596905559301376342773
5398 5815.6247142483080097008496522903442383
5399 5816.2956702305164071731269359588623047
5400 5817.6871420157858665334060788154602051
5401 5818.2921588721001171506941318511962891
5402 5819.2638737141423916909843683242797852
5403 5820.3230725426674325717613101005554199
5404 5821.1995803805748437298461794853210449
5405 5822.5549323318318784004077315330505371
5406 5823.1601206931427441304549574851989746
5407 5824.0344462974935595411807298660278320
5408 5824.6440707004567229887470602989196777
5409 5826.0224179381893918616697192192077637
5410 5826.4371666155857383273541927337646484
5411 5826.8943134910405206028372049331665039
5412 5828.8903229985571670113131403923034668
5413 5829.8843974435421841917559504508972168
5414 5830.5910345285319635877385735511779785
5415 5831.3486200316619942896068096160888672
5416 5832.0104378518190060276538133621215820
5417 5833.3207490415807114914059638977050781
5418 5834.0007713186641922220587730407714844
5419 5834.9352420694976899540051817893981934
5420 5835.9525973757517931517213582992553711
5421 5836.4097757062609161948785185813903809
5422 5837.6948169080806110287085175514221191
5423 5838.8878118238262686645612120628356934
5424 5839.6571488106073957169428467750549316
5425 5840.8707457742020778823643922805786133
5426 5841.7732447937578399432823061943054199
5427 5842.2573469549079163698479533195495605
5428 5843.0040159465297620045021176338195801
5429 5843.7455041276134579675272107124328613
5430 5845.0435407248751289444044232368469238
5431 5846.1223464205340860644355416297912598
5432 5846.8589670894125447375699877738952637
5433 5848.1829873285150824813172221183776855
5434 5848.9969581843743071658536791801452637
5435 5849.6615172209167212713509798049926758
5436 5850.4892680335433396976441144943237305
5437 5851.7110597113041876582428812980651855
5438 5852.6681453682085702894255518913269043
5439 5853.0955546993845928227528929710388184
5440 5854.1915398752480541588738560676574707
5441 5854.7154918164505943423137068748474121
5442 5856.0942289119011547882109880447387695
5443 5857.8438093315016885753720998764038086
5444 5858.0833579733389342436566948890686035
5445 5858.8339529354161641094833612442016602
5446 5859.8613973709889251040294766426086426
5447 5860.6493831335010327165946364402770996
5448 5861.4348690923361573368310928344726562
5449 5862.5574282682246121112257242202758789
5450 5863.0940385099511331645771861076354980
5451 5864.6567636223717272514477372169494629
5452 5865.5227925122817396186292171478271484
5453 5866.0402354427315003704279661178588867
5454 5867.2015470372716663405299186706542969
5455 5868.5436609824992046924307942390441895
5456 5868.9869172641301702242344617843627930
5457 5870.0089919722158811055123805999755859
5458 5870.7188848365021840436384081840515137
5459 5871.4197244082934048492461442947387695
5460 5872.4027948598268267232924699783325195
5461 5873.3875937369648454478010535240173340
5462 5874.8815882588878594106063246726989746
5463 5875.7983582991018920438364148139953613
5464 5876.3749637119417457142844796180725098
5465 5877.6097488973464351147413253784179688
5466 5877.9332940628610231215134263038635254
5467 5878.6762144922449806472286581993103027
5468 5880.4632850014040741370990872383117676
5469 5880.7095607465907960431650280952453613
5470 5881.8250242101294134045019745826721191
5471 5882.2705160832629189826548099517822266
5472 5884.0328262795483169611543416976928711
5473 5884.6842500403945450671017169952392578
5474 5885.7447306215126445749774575233459473
5475 5886.6211910353940766071900725364685059
5476 5887.4863002423608122626319527626037598
5477 5888.3875763615469622891396284103393555
5478 5888.8454702574854309204965829849243164
5479 5889.6982917334753437899053096771240234
5480 5890.8426893432297219987958669662475586
5481 5892.2258482632878440199419856071472168
5482 5893.1210916479994921246543526649475098
5483 5894.0856132956123474286869168281555176
5484 5894.5444109027157537639141082763671875
5485 5895.5571335977274429751560091972351074
5486 5896.8146257761654851492494344711303711
5487 5897.5285081735928542912006378173828125
5488 5898.0456154508538020309060811996459961
5489 5899.3352943609497742727398872375488281
5490 5900.0261307757427857723087072372436523
5491 5900.8328838001398253254592418670654297
5492 5902.1606601757939642993733286857604980
5493 5903.4591042439296870725229382514953613
5494 5904.3592245194959104992449283599853516
5495 5904.7866494672671251464635133743286133
5496 5905.3779043982885923469439148902893066
5497 5906.6542949449667503358796238899230957
5498 5907.3056046066885755863040685653686523
5499 5908.3041304310827399604022502899169922
5500 5909.4323159771538485074415802955627441
5501 5910.2974287045108212623745203018188477
5502 5911.4891765947540989145636558532714844
5503 5912.3324122307458310388028621673583984
5504 5912.9352967145041475305333733558654785
5505 5914.1156666387341829249635338783264160
5506 5915.0195768783123639877885580062866211
5507 5916.0883327012725203530862927436828613
5508 5916.4411694292211905121803283691406250
5509 5917.3808911270589305786415934562683105
5510 5917.9754178782786766532808542251586914
5511 5920.0555508546876808395609259605407715
5512 5920.5384766319493792252615094184875488
5513 5921.4384186376810248475521802902221680
5514 5922.5520802717546757776290178298950195
5515 5923.1064805875030288007110357284545898
5516 5924.0239183335124835139140486717224121
5517 5924.6125679751985444454476237297058105
5518 5925.9826520870283275144174695014953613
5519 5926.8678068960562086431309580802917480
5520 5927.4793563654329773271456360816955566
5521 5928.8991620934120874153450131416320801
5522 5929.3453829197878803825005888938903809
5523 5930.8603629443259706022217869758605957
5524 5931.5701348939401214011013507843017578
5525 5932.7360659450641833245754241943359375
5526 5933.0335364136772113852202892303466797
5527 5933.9878979043260187609121203422546387
5528 5934.8299812057339295279234647750854492
5529 5935.9483472530318977078422904014587402
5530 5936.4651472543937416048720479011535645
5531 5938.2876799715140805346891283988952637
5532 5939.2653033531041728565469384193420410
5533 5939.6958384243716864148154854774475098
5534 5940.3790996718107635388150811195373535
5535 5941.4418947497306362492963671684265137
5536 5942.4677360692130605457350611686706543
5537 5943.5439790221607836429029703140258789
5538 5944.1302464021609921474009752273559570
5539 5944.7254133149708650307729840278625488
5540 5946.1433319598163507180288434028625488
5541 5946.8200626556881616124883294105529785
5542 5948.3016138319708261406049132347106934
5543 5949.1424262518812611233443021774291992
5544 5949.7777063981557148508727550506591797
5545 5950.9890841219385038129985332489013672
5546 5951.4301217222437117015942931175231934
5547 5952.2619025933927332516759634017944336
5548 5952.9026188363222900079563260078430176
5549 5954.4659957656513142865151166915893555
5550 5955.3421384640532778576016426086425781
5551 5956.3659139733299525687471032142639160
5552 5957.0276929040155664552003145217895508
5553 5958.3326400939640734577551484107971191
5554 5958.8664576365172251826152205467224121
5555 5959.8765166313751251436769962310791016
5556 5960.7406930744782584952190518379211426
5557 5961.7886627008665527682751417160034180
5558 5962.5742461723802989581599831581115723
5559 5962.9435595042778004426509141921997070
5560 5964.1465335022876388393342494964599609
5561 5965.7365092102827475173398852348327637
5562 5966.6195152118689293274655938148498535
5563 5967.4331333431146049406379461288452148
5564 5968.1789189531682495726272463798522949
5565 5968.7358790009402582654729485511779785
5566 5969.7796801964195765322074294090270996
5567 5970.8442168520668928977102041244506836
5568 5971.6049716150682797888293862342834473
5569 5972.4853684675235854228958487510681152
5570 5973.6209022458078834461048245429992676
5571 5974.8862113164577749557793140411376953
5572 5975.3561633033805264858528971672058105
5573 5976.1419019229379046009853482246398926
5574 5978.0265912538070551818236708641052246
5575 5978.1393091542340698651969432830810547
5576 5978.8326701361238519893959164619445801
5577 5979.8622885691765986848622560501098633
5578 5980.5926132925887941382825374603271484
5579 5981.5062607566615042742341756820678711
5580 5982.9149767665257968474179506301879883
5581 5984.0126157194426923524588346481323242
5582 5984.7928173824111581780016422271728516
5583 5985.6690345228671503718942403793334961
5584 5986.4191450043163058580830693244934082
5585 5987.0559193696517468197271227836608887
5586 5988.3138414531531452666968107223510742
5587 5988.9739482369095640024170279502868652
5588 5990.2942847490230633411556482315063477
5589 5990.8097549887716013472527265548706055
5590 5991.4729853919143351959064602851867676
5591 5993.0846535681848763488233089447021484
5592 5994.0572330869963479926809668540954590
5593 5995.0245323439630737993866205215454102
5594 5995.4095404490653891116380691528320312
5595 5996.6094655282086023362353444099426270
5596 5997.3925056936768669402226805686950684
5597 5998.0529198642161645693704485893249512
5598 5998.7347950302919343812391161918640137
5599 6000.1210209622986440081149339675903320
5600 6001.4955190153050352819263935089111328
5601 6002.1545895660747191868722438812255859
5602 6002.9148383032952551729977130889892578
5603 6003.8785192562318115960806608200073242
5604 6004.5918208350176428211852908134460449
5605 6005.8557849416065437253564596176147461
5606 6006.6780286003304354380816221237182617
5607 6007.3255660224422172177582979202270508
5608 6007.9782875749260711017996072769165039
5609 6009.2045404356667859246954321861267090
5610 6010.1908204589035449316725134849548340
5611 6011.2530254356715886387974023818969727
5612 6012.6511226720322156324982643127441406
5613 6013.0472459093816723907366394996643066
5614 6014.0423734027062891982495784759521484
5615 6014.6638697134039830416440963745117188
5616 6015.1614673357635183492675423622131348
5617 6016.7368037611286126775667071342468262
5618 6017.5305429782983992481604218482971191
5619 6018.1804745446133892983198165893554688
5620 6019.6502858608982933219522237777709961
5621 6020.4854772322851204080507159233093262
5622 6021.0785336522349098231643438339233398
5623 6022.4969917013440863229334354400634766
5624 6022.8660868313472747104242444038391113
5625 6024.2359286685423285234719514846801758
5626 6024.7658219865297724027186632156372070
5627 6025.6529889722223742865025997161865234
5628 6026.3284292541884497040882706642150879
5629 6027.1499893110521952621638774871826172
5630 6029.0838793950115359621122479438781738
5631 6029.8713366684642096515744924545288086
5632 6030.3665655061977304285392165184020996
5633 6031.1905524809390044538304209709167480
5634 6032.2741146764146833447739481925964355
5635 6033.1467311480864736950024962425231934
5636 6033.6449770847739273449406027793884277
5637 6034.9421326003866852261126041412353516
5638 6035.7823575852944486541673541069030762
5639 6036.7351043905982805881649255752563477
5640 6037.6218148981351987458765506744384766
5641 6038.6208189606822998030111193656921387
5642 6039.7801883867778087733313441276550293
5643 6040.7479293178748775972053408622741699
5644 6041.3982407899293320951983332633972168
5645 6042.3976518401323119178414344787597656
5646 6042.6686440827706974232569336891174316
5647 6043.9950103099708940135315060615539551
5648 6044.5525722067613969556987285614013672
5649 6046.1815218938882026122882962226867676
5650 6046.7969323299948882777243852615356445
5651 6048.2636072217374021420255303382873535
5652 6048.9526454799033672315999865531921387
5653 6049.2411433734032470965757966041564941
5654 6050.2461281519226758973672986030578613
5655 6051.6269710745109478011727333068847656
5656 6052.4397393633371393661946058273315430
5657 6053.0674141026611323468387126922607422
5658 6053.7788461546624603215605020523071289
5659 6054.8041645855537353781983256340026855
5660 6056.2608862530287296976894140243530273
5661 6057.0728421457533841021358966827392578
5662 6058.0008762564684730023145675659179688
5663 6059.1344934371754789026454091072082520
5664 6059.4668288671146001433953642845153809
5665 6060.3416276893931353697553277015686035
5666 6061.4936200451320473803207278251647949
5667 6061.7939117533132957760244607925415039
5668 6063.2536872305045108078047633171081543
5669 6064.5934000085817388026043772697448730
5670 6065.1044467153806181158870458602905273
5671 6066.1425740332906570984050631523132324
5672 6066.8299344805000146152451634407043457
5673 6068.1653529040577268460765480995178223
5674 6068.8843780140177841531112790107727051
5675 6069.5697099770022759912535548210144043
5676 6070.4567310437141713919118046760559082
5677 6071.6071243552632950013503432273864746
5678 6071.9870315596817818004637956619262695
5679 6072.9869302416591381188482046127319336
5680 6074.8357518870670901378616690635681152
5681 6075.4562098791557218646630644798278809
5682 6076.3195804616370878648012876510620117
5683 6076.8965952905018639285117387771606445
5684 6077.9235256388346897438168525695800781
5685 6078.4642568858525919495150446891784668
5686 6079.7253724388792761601507663726806641
5687 6080.8175945946477440884336829185485840
5688 6081.1771705099836253793910145759582520
5689 6082.5010837086083483882248401641845703
5690 6083.6440166872107511153444647789001465
5691 6084.3830072605833265697583556175231934
5692 6085.2309050774674688000231981277465820
5693 6086.3255569180400925688445568084716797
5694 6087.2783921975078555988147854804992676
5695 6088.1447676558800594648346304893493652
5696 6088.5375413790407037595286965370178223
5697 6089.1286161277803330449387431144714355
5698 6090.7171530750347301363945007324218750
5699 6091.6898817420333216432482004165649414
5700 6093.1923354538157582283020019531250000
5701 6093.2834264441262348555028438568115234
5702 6094.5502612266518553951755166053771973
5703 6095.3311933996264997404068708419799805
5704 6095.9117284516978543251752853393554688
5705 6097.0967284430207655532285571098327637
5706 6098.0714978970463562291115522384643555
5707 6098.7868882030397799098864197731018066
5708 6099.6670653259898244868963956832885742
5709 6100.7139396522470633499324321746826172
5710 6101.5426360192304855445399880409240723
5711 6103.1110620134768396383151412010192871
5712 6103.8908359023316734237596392631530762
5713 6104.3699868071325909113511443138122559
5714 6105.0801124903446179814636707305908203
5715 6106.4279377139446296496316790580749512
5716 6106.6988706678930611815303564071655273
5717 6107.8883983492414699867367744445800781
5718 6108.6837807617539510829374194145202637
5719 6110.5310115388801932567730545997619629
5720 6110.8309963198262266814708709716796875
5721 6111.8445330086105968803167343139648438
5722 6112.4644354962456418434157967567443848
5723 6113.5526175513678026618435978889465332
5724 6114.7618919184260448673740029335021973
5725 6115.2747915694999392144381999969482422
5726 6116.1674959974297962617129087448120117
5727 6117.0907534258294617757201194763183594
5728 6117.5523593836460349848493933677673340
5729 6119.2159978663148649502545595169067383
5730 6120.2815347882351488806307315826416016
5731 6120.9333017828957963502034544944763184
5732 6122.0943988607614301145076751708984375
5733 6122.8574248969034670153632760047912598
5734 6123.3566076757706468924880027770996094
5735 6124.1388830823598254937678575515747070
5736 6125.1726198523501807358115911483764648
5737 6126.5685864760816912166774272918701172
5738 6127.1302212831033102702349424362182617
5739 6128.0468630728337302571162581443786621
5740 6129.2687515912257367745041847229003906
5741 6130.2916063303800910944119095802307129
5742 6130.6867685362922202330082654953002930
5743 6132.1216874023830314399674534797668457
5744 6132.7623533669575408566743135452270508
5745 6133.4898925652450998313724994659423828
5746 6134.4550515909686509985476732254028320
5747 6135.1430749121809640200808644294738770
5748 6135.8926132086598954629153013229370117
5749 6137.7813893727288814261555671691894531
5750 6138.4456012876453314675018191337585449
5751 6139.5893466753041138872504234313964844
5752 6139.8132396819710265845060348510742188
5753 6140.6758633132612885674461722373962402
5754 6141.8723587840431719087064266204833984
5755 6142.9114515323526575230062007904052734
5756 6143.3566662277025898220017552375793457
5757 6144.4058671941911597969010472297668457
5758 6145.5053639826073776930570602416992188
5759 6146.6043295879771903855726122856140137
5760 6147.0700235422464174916967749595642090
5761 6148.5931138656633265782147645950317383
5762 6149.3989250868744420586153864860534668
5763 6150.2753742020286154001951217651367188
5764 6150.8798881358270591590553522109985352
5765 6151.5725022638034715782850980758666992
5766 6152.5855991038024512818083167076110840
5767 6153.3263657113184308400377631187438965
5768 6154.8056384564006293658167123794555664
5769 6155.7048099271105456864461302757263184
5770 6156.7374644312658347189426422119140625
5771 6157.3811286629934329539537429809570312
5772 6158.3976863288389722583815455436706543
5773 6159.0969473445820767665281891822814941
5774 6159.8294690755556075600907206535339355
5775 6161.4293687765784852672368288040161133
5776 6161.8272537077591550769284367561340332
5777 6162.4155622825455793645232915878295898
5778 6163.3784774337345879757776856422424316
5779 6164.7732205494212394114583730697631836
5780 6166.2005136167408636538311839103698730
5781 6166.4830490482472669100388884544372559
5782 6167.4645314742247137473896145820617676
5783 6168.3798098402057803468778729438781738
5784 6169.3947363321458396967500448226928711
5785 6169.5381524059830553596839308738708496
5786 6170.8200080559654452372342348098754883
5787 6171.9204747874082386260852217674255371
5788 6172.8399304947070049820467829704284668
5789 6174.2350700510633032536134123802185059
5790 6174.7475423178875644225627183914184570
5791 6175.3090135686361463740468025207519531
5792 6176.7441622799196920823305845260620117
5793 6177.6304043291238485835492610931396484
5794 6178.4102854470293095801025629043579102
5795 6179.0944866958434431580826640129089355
5796 6179.7646814933668792946264147758483887
5797 6181.0128257350097555899992585182189941
5798 6181.6784207470063847722485661506652832
5799 6183.0624803036098455777391791343688965
5800 6184.3363166805938817560672760009765625
5801 6185.0799745034582883818075060844421387
5802 6185.4601037430766155011951923370361328
5803 6186.4572838594995118910446763038635254
5804 6187.1267507077027403283864259719848633
5805 6188.4586832791774213546887040138244629
5806 6189.1180297508617513813078403472900391
5807 6190.1697958646309416508302092552185059
5808 6190.9266659652530506718903779983520508
5809 6192.0972859692592464853078126907348633
5810 6193.1334311369137139990925788879394531
5811 6193.9028241971591342007741332054138184
5812 6194.9652739809862396214157342910766602
5813 6195.6720789003629761282354593276977539
5814 6196.6647519452235428616404533386230469
5815 6197.3870634781778790056705474853515625
5816 6198.0653897517313453136011958122253418
5817 6198.6522166044906043680384755134582520
5818 6200.6740344183253910159692168235778809
5819 6201.5930884391527797561138868331909180
5820 6201.8325699137512856395915150642395020
5821 6203.1909107080027752090245485305786133
5822 6203.8678762925137561978772282600402832
5823 6204.5856562648787075886502861976623535
5824 6205.7313424432286410592496395111083984
5825 6206.5130258089357084827497601509094238
5826 6207.3536774654530745465308427810668945
5827 6208.5620861166280519682914018630981445
5828 6208.8139722278883709805086255073547363
5829 6210.4700302146884496323764324188232422
5830 6211.2078166154424252454191446304321289
5831 6212.5496862052914366358891129493713379
5832 6213.1879771290459757437929511070251465
5833 6213.8000000038537109503522515296936035
5834 6214.5013046827716607367619872093200684
5835 6215.4009570304988301359117031097412109
5836 6216.6682921247193007729947566986083984
5837 6217.1888588211786554893478751182556152
5838 6218.5171198876323614967986941337585449
5839 6219.8442202767164417309686541557312012
5840 6220.2768663498154637636616826057434082
5841 6221.3501275321705179521813988685607910
5842 6221.6413007515438948757946491241455078
5843 6223.4477091128737811231985688209533691
5844 6223.8547870323272945825010538101196289
5845 6224.7324471337560680694878101348876953
5846 6225.4706779452535556629300117492675781
5847 6226.2328834988129528937861323356628418
5848 6227.4500453073305834550410509109497070
5849 6228.8328408927518466953188180923461914
5850 6229.7615843983385275350883603096008301
5851 6230.3237496230758551973849534988403320
5852 6231.1869841030511452117934823036193848
5853 6232.2342367960591218434274196624755859
5854 6232.8114906893842999124899506568908691
5855 6233.4361507107896613888442516326904297
5856 6234.9053559686508378945291042327880859
5857 6235.6918114609361509792506694793701172
5858 6236.8717971199221210554242134094238281
5859 6237.4011880543384904740378260612487793
5860 6238.5077900904725538566708564758300781
5861 6239.7202987110940739512443542480468750
5862 6240.5184323940211470471695065498352051
5863 6240.9874785004249133635312318801879883
5864 6242.2637425117627572035416960716247559
5865 6242.9161280254193115979433059692382812
5866 6243.5365712537241051904857158660888672
5867 6244.4675010545270197326317429542541504
5868 6245.8463537893658212851732969284057617
5869 6247.2208038112876238301396369934082031
5870 6247.7659002260697889141738414764404297
5871 6248.6175902208979096030816435813903809
5872 6249.2235674048934015445411205291748047
5873 6250.1259981378298107301816344261169434
5874 6251.1608300607294950168579816818237305
5875 6252.3377218142450146842747926712036133
5876 6252.9606418584862694842740893363952637
5877 6253.3726993970649346010759472846984863
5878 6255.2123825372837018221616744995117188
5879 6255.7099957453356182668358087539672852
5880 6256.7379881698798271827399730682373047
5881 6257.8219138342192309210076928138732910
5882 6258.8631421829850296489894390106201172
5883 6259.5111306959624926093965768814086914
5884 6259.9691342060632450738921761512756348
5885 6260.9418655545323417754843831062316895
5886 6261.7768464044547727098688483238220215
5887 6263.0659049748319375794380903244018555
5888 6264.1992774876143812434747815132141113
5889 6265.0608983488873491296544671058654785
5890 6265.9721254433425201568752527236938477
5891 6266.6457360273598169442266225814819336
5892 6267.5604864753258880227804183959960938
5893 6268.6252667404787644045427441596984863
5894 6269.2673554760513070505112409591674805
5895 6270.3491489169700798811390995979309082
5896 6271.1487718043154018232598900794982910
5897 6271.9643632850002177292481064796447754
5898 6272.5861829476925777271389961242675781
5899 6274.6193341410398716107010841369628906
5900 6275.1339821544097503647208213806152344
5901 6275.8466937118773785186931490898132324
5902 6276.9161645251206209650263190269470215
5903 6277.2291946900222683325409889221191406
5904 6278.6075956751610647188499569892883301
5905 6279.1224619375680049415677785873413086
5906 6279.9931486838922864990308880805969238
5907 6281.4060479202198621351271867752075195
5908 6282.2758128579316689865663647651672363
5909 6283.2204078453087277011945843696594238
5910 6284.0542801945557584986090660095214844
5911 6284.7884110703580518020316958427429199
5912 6285.8990705789219646248966455459594727
5913 6287.1737426171730476198717951774597168
5914 6287.4259533601980365347117185592651367
5915 6288.2112455644492001738399267196655273
5916 6289.1148319471776630962267518043518066
5917 6290.0370066055638744728639721870422363
5918 6291.5496520084925577975809574127197266
5919 6292.3299148504229378886520862579345703
5920 6293.2973356425900419708341360092163086
5921 6294.3493294282525312155485153198242188
5922 6295.0061819208222004817798733711242676
5923 6295.2215687409279780695214867591857910
5924 6296.5465919973266863962635397911071777
5925 6297.7712558278653887100517749786376953
5926 6298.4586901687234785640612244606018066
5927 6299.1727456073367648059502243995666504
5928 6300.3748874339162284741178154945373535
5929 6301.3832209034135303227230906486511230
5930 6302.2302597537545807426795363426208496
5931 6303.4907717337482608854770660400390625
5932 6303.9491795836711389711126685142517090
5933 6304.9003920126433513360098004341125488
5934 6305.7478585509470576653257012367248535
5935 6306.5572915194043162046000361442565918
5936 6307.1447207607870950596407055854797363
5937 6308.2538245120704232249408960342407227
5938 6309.9398100101025192998349666595458984
5939 6310.8377563284011557698249816894531250
5940 6311.2010656432576070073992013931274414
5941 6311.8793970881251880200579762458801270
5942 6313.3210216093430062755942344665527344
5943 6313.8259120321290538413450121879577637
5944 6315.0310086896661232458427548408508301
5945 6315.4839796927462884923443198204040527
5946 6316.7696009083865646971389651298522949
5947 6317.2557600156014814274385571479797363
5948 6318.6031430757975613232702016830444336
5949 6319.3824785604756471002474427223205566
5950 6320.9188804857985815033316612243652344
5951 6321.4154999279198818840086460113525391
5952 6322.1181867236882681027054786682128906
5953 6323.1825942112373013515025377273559570
5954 6323.6890610274040227523073554039001465
5955 6324.3485034638360957615077495574951172
5956 6325.9911573637400579173117876052856445
5957 6326.5506985836891544749960303306579590
5958 6327.7093295376434980425983667373657227
5959 6328.7689714646567153977230191230773926
5960 6329.6650954885808459948748350143432617
5961 6330.2404062132427497999742627143859863
5962 6331.1084247441594925476238131523132324
5963 6332.3461510062606976134702563285827637
5964 6333.1963459825547033688053488731384277
5965 6333.9160506642238033236935734748840332
5966 6334.4106850653224682901054620742797852
5967 6335.3568998228802229277789592742919922
5968 6337.0442487707878171931952238082885742
5969 6337.8220381313840334769338369369506836
5970 6339.0419570518588443519547581672668457
5971 6339.2488092996263731038197875022888184
5972 6340.4414395404528477229177951812744141
5973 6341.0292391308357764501124620437622070
5974 6341.9541591379274905193597078323364258
5975 6343.0259189917069306829944252967834473
5976 6343.6395777576326509006321430206298828
5977 6345.1245722937001119134947657585144043
5978 6345.8127815439147525466978549957275391
5979 6346.7085883858617307851091027259826660
5980 6347.5127749132116150576621294021606445
5981 6348.8647749078645574627444148063659668
5982 6349.6946501541369798360392451286315918
5983 6350.3493663305252994177863001823425293
5984 6350.7979039714100508717820048332214355
5985 6352.1240957563732081325724720954895020
5986 6352.8240420362162694800645112991333008
5987 6353.4872362398818950168788433074951172
5988 6355.4081078983908810187131166458129883
5989 6355.9301310208811628399416804313659668
5990 6356.9841069910962687572464346885681152
5991 6357.6068578604172216728329658508300781
5992 6358.3157017486155382357537746429443359
5993 6359.1696237736050534294918179512023926
5994 6360.5034486347904021386057138442993164
5995 6361.1081144833569851471111178398132324
5996 6362.0824989747707149945199489593505859
5997 6362.6853617364104138687252998352050781
5998 6363.9008395544115046504884958267211914
5999 6365.2835838077953667379915714263916016
6000 6365.8523209178074466763064265251159668
6001 6366.6713532719750219257548451423645020
6002 6367.9588137415885285008698701858520508
6003 6368.4380941938798059709370136260986328
6004 6369.2458829857878299662843346595764160
6005 6369.7702290810648264596238732337951660
6006 6370.8980504100927646504715085029602051
6007 6372.4156824270758079364895820617675781
6008 6373.1731524921542586525902152061462402
6009 6374.0535342587409104453399777412414551
6010 6375.0324047925114427926018834114074707
6011 6375.5991954931923828553408384323120117
6012 6376.7645491314542596228420734405517578
6013 6377.5114399149624659912660717964172363
6014 6378.5501455984922358766198158264160156
6015 6379.2466240747980918968096375465393066
6016 6379.9594097508252161787822842597961426
6017 6381.1436651668227568734437227249145508
6018 6381.8480390993117907783016562461853027
6019 6383.4102388679766590939834713935852051
6020 6384.4592190323710383381694555282592773
6021 6384.9204881669393216725438833236694336
6022 6385.5782037315057095838710665702819824
6023 6386.3570772464099718490615487098693848
6024 6387.5282940672605036525055766105651855
6025 6388.1978505320785188814625144004821777
6026 6389.3608534391059947665780782699584961
6027 6390.0061522776450146920979022979736328
6028 6391.6866453609909513033926486968994141
6029 6392.1873285493020375724881887435913086
6030 6392.7185752210261853178963065147399902
6031 6394.0650739341417647665366530418395996
6032 6395.0317406986014248104766011238098145
6033 6395.6688697043791762553155422210693359
6034 6396.7292597155046678381040692329406738
6035 6397.3611308429899509064853191375732422
6036 6397.7860810272286471445113420486450195
6037 6399.1766403809306211769580841064453125
6038 6400.7462385799535695696249604225158691
6039 6401.3236260454614239279180765151977539
6040 6402.1752907479112764121964573860168457
6041 6403.1108867336406547110527753829956055
6042 6403.8613976907909091096371412277221680
6043 6404.7670399260314297862350940704345703
6044 6405.1789617763970454689115285873413086
6045 6406.7482839315889577846974134445190430
6046 6407.6129529710287897614762187004089355
6047 6408.0771609533985611051321029663085938
6048 6409.2790211638985056197270750999450684
6049 6410.3538013689703802810981869697570801
6050 6411.3844694184754189336672425270080566
6051 6412.2475585779247921891510486602783203
6052 6413.0404199545828305417671799659729004
6053 6413.8334512571309460327029228210449219
6054 6414.5702899378266010899096727371215820
6055 6415.4620760725756554165855050086975098
6056 6416.1759088999824598431587219238281250
6057 6417.3780528190691256895661354064941406
6058 6418.7925996884168853284791111946105957
6059 6419.6920230343530420213937759399414062
6060 6420.1825786255976709071546792984008789
6061 6421.2559354800396249629557132720947266
6062 6421.4912287533989001531153917312622070
6063 6423.4144863684650772484019398689270020
6064 6423.7645086968732357490807771682739258
6065 6424.4014614230054576182737946510314941
6066 6425.3997473275521770119667053222656250
6067 6426.4800141257019276963546872138977051
6068 6427.4015283082280802773311734199523926
6069 6428.5875836916802654741331934928894043
6070 6429.4688486126833595335483551025390625
6071 6430.6945718551105528604239225387573242
6072 6430.9181858337688026949763298034667969
6073 6431.9816829770534241106361150741577148
6074 6432.4333032619433652143925428390502930
6075 6433.6223875229570694500580430030822754
6076 6434.5149440330915240338072180747985840
6077 6435.7746526249156886478886008262634277
6078 6436.9051857939994079060852527618408203
6079 6437.1234068482899601804092526435852051
6080 6438.7404808361388859339058399200439453
6081 6439.1406186376934783766046166419982910
6082 6440.1252263472724735038354992866516113
6083 6441.1405739322926820022985339164733887
6084 6441.8940995181674225023016333580017090
6085 6442.8975336978564882883802056312561035
6086 6443.5652663183809636393561959266662598
6087 6443.9783721937001246260479092597961426
6088 6445.9715152765929815359413623809814453
6089 6447.0221739613607496721670031547546387
6090 6447.4746182189883256796747446060180664
6091 6448.2461329408397432416677474975585938
6092 6449.3320549108921113656833767890930176
6093 6449.8962089075394032988697290420532227
6094 6450.7704491151307593099772930145263672
6095 6451.9650728263422934105619788169860840
6096 6452.6168093556843814440071582794189453
6097 6453.6817857030127925099804997444152832
6098 6454.8613074375189171405509114265441895
6099 6455.6908207195210707141086459159851074
6100 6456.2437583778209955198690295219421387
6101 6457.6538679638433677610009908676147461
6102 6458.6586112973072886234149336814880371
6103 6459.0678276414328138343989849090576172
6104 6459.9528311010344623355194926261901855
6105 6460.5346393508061737520620226860046387
6106 6461.6147841421225166413933038711547852
6107 6462.8528141355654952349141240119934082
6108 6463.7240971868523047305643558502197266
6109 6465.1437209239411458838731050491333008
6110 6465.7438740366378624457865953445434570
6111 6466.2957335479804896749556064605712891
6112 6467.1934477822615008335560560226440430
6113 6468.0927908805733750341460108757019043
6114 6469.1311251074803294613957405090332031
6115 6470.1973572887181944679468870162963867
6116 6470.7010776573497423669323325157165527
6117 6471.5604574107292137341573834419250488
6118 6472.7802015444158314494416117668151855
6119 6473.7986486514691932825371623039245605
6120 6475.0214935730255092494189739227294922
6121 6475.7277543262662220513448119163513184
6122 6476.1131240544309548567980527877807617
6123 6477.4817055788480502087622880935668945
6124 6478.0271764721619547344744205474853516
6125 6478.8313428201872739009559154510498047
6126 6479.4311392191921186167746782302856445
6127 6481.2736791044571873499080538749694824
6128 6482.0027902810816158307716250419616699
6129 6483.0067044725328742060810327529907227
6130 6483.4501896527890494326129555702209473
6131 6484.5193233105765102664008736610412598
6132 6485.7132091699804732343181967735290527
6133 6486.1633742962876567617058753967285156
6134 6487.4452153906240710057318210601806641
6135 6487.8302169768048770492896437644958496
6136 6488.9266208696553803747519850730895996
6137 6489.6225760014458501245826482772827148
6138 6490.9060978562119998969137668609619141
6139 6492.1902104344862891593948006629943848
6140 6492.8134865890442597446963191032409668
6141 6494.0047105090379773173481225967407227
6142 6494.6221252150862710550427436828613281
6143 6494.8664546085292386123910546302795410
6144 6496.0079747338022571057081222534179688
6145 6497.2793083491542347474023699760437012
6146 6498.0387695516292296815663576126098633
6147 6498.8348633246550889452919363975524902
6148 6500.0316895274354465072974562644958496
6149 6501.2074540740632073720917105674743652
6150 6501.6651845118394703604280948638916016
6151 6502.5669723167211486725136637687683105
6152 6503.7015435444991453550755977630615234
6153 6504.7325100001489772694185376167297363
6154 6505.4087304470358503749594092369079590
6155 6505.6679002624623535666614770889282227
6156 6507.1370199818065884755924344062805176
6157 6507.4777525732024514582008123397827148
6158 6509.6182528474637365434318780899047852
6159 6510.0582083013978262897580862045288086
6160 6510.8920542104715423192828893661499023
6161 6511.7262230854121298762038350105285645
6162 6512.5669383153508533723652362823486328
6163 6513.3609450752264820039272308349609375
6164 6514.3826243020866968436166644096374512
6165 6515.0526478061383386375382542610168457
6166 6516.1712902254130312940105795860290527
6167 6517.2403308214816206600517034530639648
6168 6517.8613877688840148039162158966064453
6169 6518.8081974282213195692747831344604492
6170 6520.3204926633370632771402597427368164
6171 6520.9099648286282899789512157440185547
6172 6521.7888723030919209122657775878906250
6173 6522.3715968827200413215905427932739258
6174 6523.3773190683477878337725996971130371
6175 6524.0891230458928475854918360710144043
6176 6524.8987640366885898401960730552673340
6177 6526.0825626517998898634687066078186035
6178 6527.4317662993180420016869902610778809
6179 6528.1879043610078952042385935783386230
6180 6529.1036096651660045608878135681152344
6181 6529.7610237470798892900347709655761719
6182 6530.4276716682288679294288158416748047
6183 6531.5987075162265682592988014221191406
6184 6532.6935670311395369935780763626098633
6185 6533.4914291657569265225902199745178223
6186 6533.8713872224743681726977229118347168
6187 6534.7629370431768620619550347328186035
6188 6536.4700536451309744734317064285278320
6189 6537.0546502029046678217127919197082520
6190 6538.1426003220294660422950983047485352
6191 6539.1699845787752565229311585426330566
6192 6539.7249611880688462406396865844726562
6193 6540.6389068889748159563168883323669434
6194 6541.3546593509618105599656701087951660
6195 6541.8623947004343790467828512191772461
6196 6543.5176571084139141021296381950378418
6197 6544.1175089356875105295330286026000977
6198 6545.4067612994222145061939954757690430
6199 6546.2038531336384039605036377906799316
6200 6546.9261872485785715980455279350280762
6201 6547.8493608306071109836921095848083496
6202 6549.1298631255922373384237289428710938
6203 6549.6917895771075563970953226089477539
6204 6550.2834490471759636420756578445434570
6205 6551.6067507312745874514803290367126465
6206 6552.1379136389568884624168276786804199
6207 6552.8226867456814943579956889152526855
6208 6554.1886968126473220763728022575378418
6209 6555.7768667531909159151837229728698730
6210 6556.2901644225348718464374542236328125
6211 6556.9327878071489976719021797180175781
6212 6557.5508661987478262744843959808349609
6213 6558.7102656084662157809361815452575684
6214 6559.4594729989130428293719887733459473
6215 6560.4852362362980784382671117782592773
6216 6561.2463759196944010909646749496459961
6217 6562.2609581966662517515942454338073730
6218 6563.3694219605768012115731835365295410
6219 6564.1660041578925302019342780113220215
6220 6565.2258967731449956772848963737487793
6221 6565.9164636884306673891842365264892578
6222 6567.2221236656369001138955354690551758
6223 6567.8109427518065785989165306091308594
6224 6568.5851104640805715462192893028259277
6225 6569.3193539962285285582765936851501465
6226 6569.8662891702442720998078584671020508
6227 6571.3493970499366696458309888839721680
6228 6572.7685405874835851136595010757446289
6229 6573.1662636088167346315458416938781738
6230 6574.2300845831068727420642971992492676
6231 6575.2793640814488753676414489746093750
6232 6575.9210414221051905769854784011840820
6233 6576.2900078701259189983829855918884277
6234 6577.8424447241995949298143386840820312
6235 6578.6683405225830938434228301048278809
6236 6579.2817268374001287156715989112854004
6237 6580.2531324650590249802917242050170898
6238 6581.1067267729758896166458725929260254
6239 6582.3662350250160670839250087738037109
6240 6583.6479897219214763026684522628784180
6241 6584.0250652167123917024582624435424805
6242 6585.1521490561462996993213891983032227
6243 6585.7660660163146530976518988609313965
6244 6586.3651177157771599013358354568481445
6245 6587.6799350732999300817027688026428223
6246 6588.1335346388386824401095509529113770
6247 6589.2102102197859494481235742568969727
6248 6590.8632052456014207564294338226318359
6249 6591.4910486408007272984832525253295898
6250 6592.1440113678982015699148178100585938
6251 6592.8459501220149832079187035560607910
6252 6594.0350624988423078320920467376708984
6253 6595.1821414905352867208421230316162109
6254 6595.6727798080883076181635260581970215
6255 6596.5002046793852059636265039443969727
6256 6597.2651704195777710992842912673950195
6257 6598.3406954875536030158400535583496094
6258 6599.1760467783351487014442682266235352
6259 6600.7537804417752340668812394142150879
6260 6601.3474580020938446978107094764709473
6261 6602.3905281544921308523043990135192871
6262 6602.9777535483590327203273773193359375
6263 6603.8971390033966599730774760246276855
6264 6604.4271670917332812678068876266479492
6265 6605.3995542732063768198713660240173340
6266 6606.6945807916308694984763860702514648
6267 6607.7654744161882263142615556716918945
6268 6607.9677815732047747587785124778747559
6269 6609.7419180072993185603991150856018066
6270 6610.0944155286488239653408527374267578
6271 6611.3867974572985986014828085899353027
6272 6612.0079752432411623885855078697204590
6273 6612.9079775300378969404846429824829102
6274 6614.1038292650391667848452925682067871
6275 6614.5253540727590007008984684944152832
6276 6615.2456045545513916295021772384643555
6277 6616.0013210531797085423022508621215820
6278 6617.8231203089726477628573775291442871
6279 6618.5825986894142261007800698280334473
6280 6619.5982038757938425987958908081054688
6281 6620.2436529326005256734788417816162109
6282 6620.8018460277889971621334552764892578
6283 6621.8975934041918662842363119125366211
6284 6622.8961501500889426097273826599121094
6285 6623.5749682751775253564119338989257812
6286 6624.6637193617916636867448687553405762
6287 6625.2501258731426787562668323516845703
6288 6626.6362872440495266346260905265808105
6289 6627.4602416680154419736936688423156738
6290 6628.0618366204525955254212021827697754
6291 6629.8912807928118127165362238883972168
6292 6630.1104184894575155340135097503662109
6293 6631.0382681023202167125418782234191895
6294 6631.5476983439020841615274548530578613
6295 6632.5486567032021412160247564315795898
6296 6633.4840020968185854144394397735595703
6297 6634.3525981850871175993233919143676758
6298 6635.6967754584802605677396059036254883
6299 6636.6542874040715105365961790084838867
6300 6637.6253637339650595095008611679077148
6301 6638.0904740547284745844081044197082520
6302 6639.0757534649219451239332556724548340
6303 6639.8595625140769698191434144973754883
6304 6641.0551209412205935223028063774108887
6305 6641.7862287749667302705347537994384766
6306 6642.6442837842296285089105367660522461
6307 6643.2925476382679335074499249458312988
6308 6644.1199029131967108696699142456054688
6309 6645.9184024034893809584900736808776855
6310 6646.6117956463476730277761816978454590
6311 6647.3224240203799126902595162391662598
6312 6648.0779197312040196266025304794311523
6313 6649.3840903471445926697924733161926270
6314 6649.6473516775549796875566244125366211
6315 6650.3831348678286303766071796417236328
6316 6651.5451394632218580227345228195190430
6317 6652.5836609752532240236178040504455566
6318 6653.9412407973704830510541796684265137
6319 6654.3662684724313294282183051109313965
6320 6655.3345734953836654312908649444580078
6321 6656.4461146220528462436050176620483398
6322 6657.0537553850499534746631979942321777
6323 6658.3357073167062480933964252471923828
6324 6659.0550779345194314373657107353210449
6325 6659.5218421303943614475429058074951172
6326 6660.5035555433823901694267988204956055
6327 6661.4616488680840120650827884674072266
6328 6662.3467205859142268309369683265686035
6329 6663.7190227081009652465581893920898438
6330 6664.8729169239995826501399278640747070
6331 6665.4329167506093654083088040351867676
6332 6666.2360976897834916599094867706298828
6333 6666.8083528724728239467367529869079590
6334 6667.6163508056943101109936833381652832
6335 6669.0973621693447057623416185379028320
6336 6669.8100093094235489843413233757019043
6337 6670.1757023822974588256329298019409180
6338 6671.7137787750289135146886110305786133
6339 6672.5264653791364253265783190727233887
6340 6673.5394181030442268820479512214660645
6341 6674.2543594925191428046673536300659180
6342 6675.6081272053288557799533009529113770
6343 6676.0210796934079553466290235519409180
6344 6677.0340620733659307006746530532836914
6345 6677.7736023609068070072680711746215820
6346 6678.4381979779136599972844123840332031
6347 6679.1473004836661857552826404571533203
6348 6680.8900980259822972584515810012817383
6349 6681.8851271487237681867554783821105957
6350 6682.5656402011063619283959269523620605
6351 6683.1846178172527288552373647689819336
6352 6684.3230872482272388879209756851196289
6353 6685.0846374957454827381297945976257324
6354 6685.9362444301859795814380049705505371
6355 6686.6563498455743683734908699989318848
6356 6688.0407420559295132989063858985900879
6357 6688.5035022277661482803523540496826172
6358 6689.2599354947251413250342011451721191
6359 6690.5087075615683716023340821266174316
6360 6691.7049200685632968088611960411071777
6361 6692.6475413590305834077298641204833984
6362 6693.4996520730364863993600010871887207
6363 6693.9815162774812051793560385704040527
6364 6694.8237030272848642198368906974792480
6365 6695.9389818657491559861227869987487793
6366 6696.2723104726665042107924818992614746
6367 6697.7790047387679805979132652282714844
6368 6698.5076796672874479554593563079833984
6369 6699.7616392372401605825871229171752930
6370 6700.8713683745645539602264761924743652
6371 6701.3757983842297107912600040435791016
6372 6701.7846781412536074640229344367980957
6373 6703.3368067539449839387089014053344727
6374 6704.2705895132367004407569766044616699
6375 6704.8736858806205418659374117851257324
6376 6705.6401060304742713924497365951538086
6377 6706.2140758818950416753068566322326660
6378 6707.5351685955320135690271854400634766
6379 6708.7210486739859334193170070648193359
6380 6709.7269917377798265079036355018615723
6381 6710.5451764557710703229531645774841309
6382 6711.5030244668432715116068720817565918
6383 6712.0899036131686443695798516273498535
6384 6712.7317598299141536699607968330383301
6385 6713.8253452840672252932563424110412598
6386 6714.5524638126717036357149481773376465
6387 6715.8655763220504013588652014732360840
6388 6716.5583659173571504652500152587890625
6389 6717.8096749464511958649381995201110840
6390 6718.1865196042399475118145346641540527
6391 6719.5596871516991086537018418312072754
6392 6720.6261959913063037674874067306518555
6393 6721.0434292097706929780542850494384766
6394 6722.0476681134368845960125327110290527
6395 6722.9141701000662578735500574111938477
6396 6723.6497850585019477875903248786926270
6397 6724.5732844730300712399184703826904297
6398 6725.0628013197929249145090579986572266
6399 6727.2034841330114431912079453468322754
6400 6727.8613528171208599815145134925842285
6401 6728.1910875405992555897682905197143555
6402 6729.4860189180744782788679003715515137
6403 6729.8952374148448143387213349342346191
6404 6730.9349467487663787323981523513793945
6405 6731.9612489570008619921281933784484863
6406 6733.0131972773924644570797681808471680
6407 6733.3526521547300944803282618522644043
6408 6734.4914113579106924589723348617553711
6409 6735.7445238315649476135149598121643066
6410 6736.4096054312249179929494857788085938
6411 6737.6512278754926228430122137069702148
6412 6738.2971811253974010469391942024230957
6413 6739.5524139607332472223788499832153320
6414 6740.2617225095109461108222603797912598
6415 6740.4576971962887910194694995880126953
6416 6741.3665276236806676024571061134338379
6417 6742.6740483202993345912545919418334961
6418 6743.6721832710827584378421306610107422
6419 6744.7251465664739953354001045227050781
6420 6745.6708499032483814517036080360412598
6421 6746.5930809268684242852032184600830078
6422 6747.2424378505984350340440869331359863
6423 6748.0291723880345671204850077629089355
6424 6749.0310102843905042391270399093627930
6425 6750.2136855122880660928785800933837891
6426 6750.6017593455762835219502449035644531
6427 6751.7863256607615767279639840126037598
6428 6752.1780202305344573687762022018432617
6429 6753.4369047550007962854579091072082520
6430 6754.8008702671995706623420119285583496
6431 6755.9290609281633805949240922927856445
6432 6756.3490560633072163909673690795898438
6433 6756.9879121009889786364510655403137207
6434 6757.9688181644560245331376791000366211
6435 6759.0405867831359500996768474578857422
6436 6759.5019320632582093821838498115539551
6437 6760.4624593463613564381375908851623535
6438 6761.7201803142379503697156906127929688
6439 6762.8714938324574177386239171028137207
6440 6763.5508049786822084570303559303283691
6441 6764.3154308566427062032744288444519043
6442 6765.1775069273262488422915339469909668
6443 6766.6264181679071043618023395538330078
6444 6767.0553877244092291221022605895996094
6445 6767.8264973807636124547570943832397461
6446 6768.7627293610894412267953157424926758
6447 6769.5856767068289627786725759506225586
6448 6770.0938794018129556206986308097839355
6449 6771.9551483641243976308032870292663574
6450 6772.4956929364707320928573608398437500
6451 6773.7403829954328102758154273033142090
6452 6774.5729466936900280416011810302734375
6453 6774.9938403517771803308278322219848633
6454 6776.1466848680247494485229253768920898
6455 6776.3592363076422770973294973373413086
6456 6778.0948595641020801849663257598876953
6457 6778.6841721983746538171544671058654785
6458 6779.5860181584921519970521330833435059
6459 6780.2175371805569739080965518951416016
6460 6781.8939875316464167553931474685668945
6461 6782.3535937812848715111613273620605469
6462 6783.3530366647264600032940506935119629
6463 6784.3693411296626436524093151092529297
6464 6785.2264557038961356738582253456115723
6465 6785.7834155054933944484218955039978027
6466 6786.8600124370095727499574422836303711
6467 6787.1907231767345365369692444801330566
6468 6788.3592879486386664211750030517578125
6469 6789.7956430269805423449724912643432617
6470 6791.0289155279424448963254690170288086
6471 6791.3764099386207817588001489639282227
6472 6792.1966991167955711716786026954650879
6473 6793.0615935517416801303625106811523438
6474 6794.0966238448745571076869964599609375
6475 6795.0078157240259315585717558860778809
6476 6795.8969194076198618859052658081054688
6477 6796.2955548966456262860447168350219727
6478 6797.7741358526272961171343922615051270
6479 6798.3666255321641074260696768760681152
6480 6799.2733223242576059419661760330200195
6481 6800.7720514731918228790163993835449219
6482 6801.6569883031825156649574637413024902
6483 6802.2241322417139599565416574478149414
6484 6802.9571301706309895962476730346679688
6485 6803.9059593990841676713898777961730957
6486 6804.3696222429498448036611080169677734
6487 6805.7317855074652470648288726806640625
6488 6806.4014676938968477770686149597167969
6489 6807.6895860659915342694148421287536621
6490 6808.6903016406249662395566701889038086
6491 6809.4030800741838902467861771583557129
6492 6810.3663310634692606981843709945678711
6493 6811.1570362499242037301883101463317871
6494 6811.8507647378228284651413559913635254
6495 6813.2421603767979831900447607040405273
6496 6813.9373103991765674436464905738830566
6497 6814.4624659970559150679036974906921387
6498 6815.0810963972871832083910703659057617
6499 6816.3353386197286454262211918830871582
6500 6817.9574782516028790269047021865844727
6501 6818.5956479604665219085291028022766113
6502 6819.2003787911398831056430935859680176
6503 6820.3894954956267611123621463775634766
6504 6821.0290540708829212235286831855773926
6505 6821.7006402275746950181201100349426270
6506 6822.5037196124030742794275283813476562
6507 6823.6872030152189836371690034866333008
6508 6824.6190849679060193011537194252014160
6509 6825.4308334944271337008103728294372559
6510 6826.6945586851015832507982850074768066
6511 6827.2151959086422721156850457191467285
6512 6828.1960241095548553857952356338500977
6513 6829.6003998529322416288778185844421387
6514 6830.0830275935313693480566143989562988
6515 6830.8702138116768765030428767204284668
6516 6831.5450284141625161282718181610107422
6517 6832.5562382984207943081855773925781250
6518 6833.3892604442553420085459947586059570
6519 6834.1778586646778421709313988685607910
6520 6835.8016280985448247520253062248229980
6521 6836.6543392440980824176222085952758789
6522 6837.6080079756029590498656034469604492
6523 6837.9619272713189275236800312995910645
6524 6838.5736552575472160242497920989990234
6525 6840.1609592054301174357533454895019531
6526 6840.6294441723057389026507735252380371
6527 6841.6521288138483214424923062324523926
6528 6842.5684068063219456234946846961975098
6529 6843.0977167679357080487534403800964355
6530 6844.5420694707590882899239659309387207
6531 6845.3955965453860699199140071868896484
6532 6846.4376007241971819894388318061828613
6533 6847.2308692243677796795964241027832031
6534 6848.2113149726246774662286043167114258
6535 6848.7759079953320906497538089752197266
6536 6849.8796681442036060616374015808105469
6537 6850.1137163541407062439247965812683105
6538 6851.1159112166515114950016140937805176
6539 6852.9886394735203793970867991447448730
6540 6853.3664849487558967666700482368469238
6541 6854.3634670494720921851694583892822266
6542 6855.2924918143271497683599591255187988
6543 6856.2622833624445775058120489120483398
6544 6856.7601316264463093830272555351257324
6545 6858.0494116922109242295846343040466309
6546 6858.5584290843216876965016126632690430
6547 6859.9224640362645004643127322196960449
6548 6860.1878586186485335929319262504577637
6549 6861.1083056970019242726266384124755859
6550 6862.2515522979301749728620052337646484
6551 6863.6615606735213077627122402191162109
6552 6864.4680786143017030553892254829406738
6553 6865.3201960283968219300732016563415527
6554 6865.9475331742305570514872670173645020
6555 6866.6059574038445134647190570831298828
6556 6867.5072916919780254829674959182739258
6557 6868.5821536913172167260199785232543945
6558 6869.5691277390760660637170076370239258
6559 6870.0249346372893342049792408943176270
6560 6871.7890738126043288502842187881469727
6561 6872.3724484619015129283070564270019531
6562 6873.0727237164737744024023413658142090
6563 6873.9346940847844962263479828834533691
6564 6875.1533240262469917070120573043823242
6565 6876.1453156516927265329286456108093262
6566 6876.6981177322413714136928319931030273
6567 6877.2376467091453378088772296905517578
6568 6878.2588632127772143576294183731079102
6569 6879.1124218644145003054291009902954102
6570 6880.3779424445565382484346628189086914
6571 6881.6880383621592045528814196586608887
6572 6882.4451973280520178377628326416015625
6573 6882.8385774294874863699078559875488281
6574 6884.1813016659089043969288468360900879
6575 6884.7013843970089510548859834671020508
6576 6885.2632826815970474854111671447753906
6577 6886.6236611860094853909686207771301270
6578 6887.5499683785110391909256577491760254
6579 6888.2509928326035151258111000061035156
6580 6889.2896811324444570345804095268249512
6581 6889.9772755202502594329416751861572266
6582 6891.5373728274043969577178359031677246
6583 6892.1827383040235872613266110420227051
6584 6892.9509765349521330790594220161437988
6585 6893.7499415943129861261695623397827148
6586 6894.7257964170948980608955025672912598
6587 6895.6153875677446194458752870559692383
6588 6895.8403120100647356593981385231018066
6589 6897.0820031848325015744194388389587402
6590 6898.5023430484616255853325128555297852
6591 6899.5604147594222013140097260475158691
6592 6900.3187429186764347832649946212768555
6593 6900.8581095722893223864957690238952637
6594 6901.8343152451125206425786018371582031
6595 6902.5786768009893421549350023269653320
6596 6903.9379981191013939678668975830078125
6597 6904.5351861567432933952659368515014648
6598 6905.1406613403360097436234354972839355
6599 6906.0940628247990389354526996612548828
6600 6907.1400325973208964569494128227233887
6601 6908.4422818208404351025819778442382812
6602 6908.9030894830630131764337420463562012
6603 6910.4722557823970419121906161308288574
6604 6911.0489245168610068503767251968383789
6605 6911.8199066286761080846190452575683594
6606 6912.1921448699486063560470938682556152
6607 6913.3035555349906644551083445549011230
6608 6914.1875433393997809616848826408386230
6609 6915.3291172635817929403856396675109863
6610 6916.2450639269918610807508230209350586
6611 6917.2164683807477558730170130729675293
6612 6918.3575868900607019895687699317932129
6613 6918.8173565400538791436702013015747070
6614 6919.7503511312879709294065833091735840
6615 6920.9674733164865756407380104064941406
6616 6921.4838279951709409942850470542907715
6617 6922.4809739449246990261599421501159668
6618 6923.3540341890529816737398505210876465
6619 6924.1458842548636312130838632583618164
6620 6924.4604277722792176064103841781616211
6621 6926.6548313112434698268771171569824219
6622 6927.2867979378534073475748300552368164
6623 6928.0716634005057130707427859306335449
6624 6928.7194320752096245996654033660888672
6625 6929.6270520262205536710098385810852051
6626 6930.5288901200001419056206941604614258
6627 6931.3450586926883261185139417648315430
6628 6932.0232507964537944644689559936523438
6629 6933.3045725814263278152793645858764648
6630 6934.1845360428433195920661091804504395
6631 6935.0453709395587793551385402679443359
6632 6936.1081344254434952745214104652404785
6633 6936.7387490743130911141633987426757812
6634 6938.1424600893369643017649650573730469
6635 6938.6768251546909596072509884834289551
6636 6939.7281745527288876473903656005859375
6637 6940.3113445484032126842066645622253418
6638 6940.8026493953348108334466814994812012
6639 6942.0494003500098187942057847976684570
6640 6942.9477985073353920597583055496215820
6641 6944.3121639579603652236983180046081543
6642 6945.0715006108603120082989335060119629
6643 6946.3114647258134937146678566932678223
6644 6946.6613913204582786420360207557678223
6645 6947.4726317720669612754136323928833008
6646 6948.1439685143031965708360075950622559
6647 6949.5842467706679599359631538391113281
6648 6950.5580321939305576961487531661987305
6649 6950.7787188743586739292368292808532715
6650 6951.7317567418886028463020920753479004
6651 6953.1707172335954965092241764068603516
6652 6953.8076364407770597608759999275207520
6653 6955.2615584993436641525477170944213867
6654 6955.7884413517294888151809573173522949
6655 6956.5460434933738724794238805770874023
6656 6957.7559937177502433769404888153076172
6657 6958.0328913124194514239206910133361816
6658 6958.9808433556827367283403873443603516
6659 6959.8165665124524821294471621513366699
6660 6960.9014797265990637242794036865234375
6661 6962.6074118752167123602703213691711426
6662 6962.8702260113932425156235694885253906
6663 6963.6802844780486339004710316658020020
6664 6964.5336840551208297256380319595336914
6665 6965.7967866587623575469478964805603027
6666 6966.4786352262053696904331445693969727
6667 6967.1409982060049514984712004661560059
6668 6968.3165010283537412760779261589050293
6669 6968.8018284440222487319260835647583008
6670 6969.9322377168609818909317255020141602
6671 6970.5353687773131241556257009506225586
6672 6972.0959361264049221063032746315002441
6673 6973.2624144272103876573964953422546387
6674 6973.6546563919819163857027888298034668
6675 6974.5915108622593834297731518745422363
6676 6975.2951981594251265050843358039855957
6677 6976.0082577934899745741859078407287598
6678 6976.9190545663295779377222061157226562
6679 6978.1816149922724434873089194297790527
6680 6978.8423932081568636931478977203369141
6681 6979.7628434680846112314611673355102539
6682 6981.0043321899720467627048492431640625
6683 6981.9768665996380150318145751953125000
6684 6982.3974155501382483635097742080688477
6685 6983.3852898929271759698167443275451660
6686 6984.8438748064509127289056777954101562
6687 6985.1517222002858034102246165275573730
6688 6986.0036751485404238337650895118713379
6689 6986.8506335753827443113550543785095215
6690 6987.2541262100239691790193319320678711
6691 6989.0318704983219504356384277343750000
6692 6990.1131717094449413707479834556579590
6693 6990.6787113105710886884480714797973633
6694 6991.9395204371667205123230814933776855
6695 6992.2754982087462849449366331100463867
6696 6993.1590838572374195791780948638916016
6697 6994.1099783155841578263789415359497070
6698 6995.0393396521085378481075167655944824
6699 6995.8193518056032189633697271347045898
6700 6996.8869758791552158072590827941894531
6701 6997.8086974012185237370431423187255859
6702 6998.4987951605198759352788329124450684
6703 6999.6826786280525993788614869117736816
6704 7000.7176876191606424981728196144104004
6705 7001.8559007620206102728843688964843750
6706 7002.3528353230594802880659699440002441
6707 7002.6915088050536724040284752845764160
6708 7004.0437234003602497978135943412780762
6709 7006.7396623604563501430675387382507324
6710 7008.1147420590859837830066680908203125
6711 7008.8174735759439499815925955772399902
6712 7009.3677505353334709070622920989990234
6713 7010.3540804318326991051435470581054688
6714 7011.0005019109612476313486695289611816
6715 7012.2361458906634652521461248397827148
6716 7013.1584340740701009053736925125122070
6717 7013.7064266421948559582233428955078125
6718 7014.6298802343189890962094068527221680
6719 7015.2804669935540005099028348922729492
6720 7016.7216102583242900436744093894958496
6721 7017.8354358061806124169379472732543945
6722 7018.4822238458618812728673219680786133
6723 7019.4377969122215290553867816925048828
6724 7020.4358771872721263207495212554931641
6725 7021.0230660114320926368236541748046875
6726 7021.6575573579884803621098399162292480
6727 7022.2952244334082934074103832244873047
6728 7024.0428319835555157624185085296630859
6729 7024.4551657814208738273009657859802246
6730 7025.6993041097739478573203086853027344
6731 7026.5947238152712088776752352714538574
6732 7027.3083067572788422694429755210876465
6733 7028.4544744198119587963446974754333496
6734 7029.0267364759711199440062046051025391
6735 7030.1609379297788109397515654563903809
6736 7030.9164808241112041287124156951904297
6737 7031.7359082562998082721605896949768066
6738 7032.3267894612072268500924110412597656
6739 7033.3748332586310425540432333946228027
6740 7034.2920198655920103192329406738281250
6741 7036.0429834083861351246014237403869629
6742 7036.5903283491752517875283956527709961
6743 7037.2876509367251856019720435142517090
6744 7037.8263786013649223605170845985412598
6745 7038.8921591154958150582388043403625488
6746 7039.7246908676734165055677294731140137
6747 7040.8283121767999546136707067489624023
6748 7041.3804672336700605228543281555175781
6749 7042.3671906415711418958380818367004395
6750 7043.6602314701467548729851841926574707
6751 7044.6448958350902103120461106300354004
6752 7044.8316351377870887517929077148437500
6753 7046.4871852112955821212381124496459961
6754 7047.2250720745705621084198355674743652
6755 7047.9484384379211405757814645767211914
6756 7048.9494015371947170933708548545837402
6757 7049.2802726034697116119787096977233887
6758 7050.2972131196802365593612194061279297
6759 7051.1260755695548141375184059143066406
6760 7052.7311020367142191389575600624084473
6761 7053.5298313150215108180418610572814941
6762 7054.2293256759785435860976576805114746
6763 7055.3622542632983822841197252273559570
6764 7055.9860047502079396508634090423583984
6765 7056.6147579787666472839191555976867676
6766 7057.6408593325104448013007640838623047
6767 7058.6297803983834455721080303192138672
6768 7059.8895966917625628411769866943359375
6769 7060.0465706927316205110400915145874023
6770 7060.8973004132367350393906235694885254
6771 7062.3966717974763014353811740875244141
6772 7063.5166987154607340926304459571838379
6773 7064.1115432665701518999412655830383301
6774 7065.1493285152137104887515306472778320
6775 7065.7838286792684812098741531372070312
6776 7066.7006574829119927017018198966979980
6777 7067.2322756523062707856297492980957031
6778 7068.4076645980985631467774510383605957
6779 7068.9108235946532658999785780906677246
6780 7070.6317755039544863393530249595642090
6781 7071.2575490348390303552150726318359375
6782 7072.4371148956506658578291535377502441
6783 7072.9831878086115466430783271789550781
6784 7073.4666630263182014459744095802307129
6785 7075.0671363871861103689298033714294434
6786 7075.8908734454907971667125821113586426
6787 7076.3424643688995274715125560760498047
6788 7077.0659124253452318953350186347961426
6789 7078.2716189423608739161863923072814941
6790 7078.9318908503501006634905934333801270
6791 7080.1373042878385604126378893852233887
6792 7081.3290456260765495244413614273071289
6793 7082.2786422945646336302161216735839844
6794 7083.0242064166923228185623884201049805
6795 7083.6207344500689941924065351486206055
6796 7084.2990676272056589368730783462524414
6797 7085.2487287366147938882932066917419434
6798 7086.3067314605377760017290711402893066
6799 7087.1862392793882463593035936355590820
6800 7088.1727757119588204659521579742431641
6801 7089.0624818889446032699197530746459961
6802 7090.0423383721263235202059149742126465
6803 7090.9947739776835078373551368713378906
6804 7091.8675039797344652470201253890991211
6805 7092.6763421447994915070012211799621582
6806 7093.5025116754477494396269321441650391
6807 7094.6886961245909333229064941406250000
6808 7095.0857201384733343729749321937561035
6809 7095.7256024125908879796043038368225098
6810 7096.6341056460332765709608793258666992
6811 7098.5430923617004737025126814842224121
6812 7099.1057477351278066635131835937500000
6813 7100.1486091980113997124135494232177734
6814 7100.3746741969898721436038613319396973
6815 7101.8050606630276888608932495117187500
6816 7102.3263502996560418978333473205566406
6817 7103.0385861898066650610417127609252930
6818 7104.5103858996862982166931033134460449
6819 7104.8536534983541059773415327072143555
6820 7105.8402045940074458485469222068786621
6821 7107.0894070622398430714383721351623535
6822 7107.7345433153132034931331872940063477
6823 7108.7760716792872699443250894546508789
6824 7110.0018604928554850630462169647216797
6825 7110.8902940092812059447169303894042969
6826 7111.1962201725364138837903738021850586
6827 7112.2805530912592075765132904052734375
6828 7112.7003323967674077721312642097473145
6829 7113.8749066300533741014078259468078613
6830 7115.0042760329506563721224665641784668
6831 7115.6667291623998607974499464035034180
6832 7117.4122241503064287826418876647949219
6833 7117.7509257471156161045655608177185059
6834 7118.5333358486332144821062684059143066
6835 7119.2836653886079147923737764358520508
6836 7120.2507691306400374742224812507629395
6837 7121.4215169180006341775879263877868652
6838 7122.2058518424746580421924591064453125
6839 7122.7165944526841485640034079551696777
6840 7123.6813705850272526731714606285095215
6841 7124.4890581137460685567930340766906738
6842 7125.9158368760145094711333513259887695
6843 7127.0351118135131400777027010917663574
6844 7127.5698833257156366016715764999389648
6845 7128.5643267665673192823305726051330566
6846 7129.1141479196849104482680559158325195
6847 7130.3299853275966597720980644226074219
6848 7130.7107172805826849071308970451354980
6849 7131.4608144636822544271126389503479004
6850 7132.8748077791569812688976526260375977
6851 7134.0039377278808387927711009979248047
6852 7134.7231142707023536786437034606933594
6853 7135.3846227474932675249874591827392578
6854 7136.6407492391317646251991391181945801
6855 7137.2882359629820712143555283546447754
6856 7138.4676862162341421935707330703735352
6857 7139.0269029710998438531532883644104004
6858 7139.8571391388832125812768936157226562
6859 7140.7938420048994885291904211044311523
6860 7141.5468920899693330284208059310913086
6861 7142.1721950984392606187611818313598633
6862 7143.9710770713772944873198866844177246
6863 7144.6426720405052037676796317100524902
6864 7145.7068915818890673108398914337158203
6865 7146.3858833736430824501439929008483887
6866 7147.1522138936943520093336701393127441
6867 7147.4213425538619048893451690673828125
6868 7149.1028312426224147202447056770324707
6869 7149.6906492499365413095802068710327148
6870 7150.6753863014018861576914787292480469
6871 7151.2410407822262641275301575660705566
6872 7152.6731382979905902175232768058776855
6873 7153.6294143600007373606786131858825684
6874 7154.1835650359898863825947046279907227
6875 7155.2230165483815653715282678604125977
6876 7156.4837669425451167626306414604187012
6877 7157.0695733806769567308947443962097168
6878 7157.5600091216256259940564632415771484
6879 7158.4797214866757713025435805320739746
6880 7159.2306104661693098023533821105957031
6881 7160.3324454569665249437093734741210938
6882 7161.8151722721177065977826714515686035
6883 7162.6379869015599979320541024208068848
6884 7163.1374873411405133083462715148925781
6885 7164.3719358091948379296809434890747070
6886 7164.7119873505889700027182698249816895
6887 7166.0425267469363461714237928390502930
6888 7166.5324474319550063228234648704528809
6889 7167.5956139930858626030385494232177734
6890 7168.6439151582781050819903612136840820
6891 7169.1920359715713857440277934074401855
6892 7170.1615016456507873954251408576965332
6893 7171.1357059881320310523733496665954590
6894 7172.8067441359726217342540621757507324
6895 7173.3550880743150628404691815376281738
6896 7173.6227713144653534982353448867797852
6897 7174.9079560999416571576148271560668945
6898 7175.5474785764763510087504982948303223
6899 7176.3807460437983536394312977790832520
6900 7177.1358201168604864506050944328308105
6901 7178.2804383118655096041038632392883301
6902 7179.3693265878919191891327500343322754
6903 7180.5576720484932593535631895065307617
6904 7181.1407983509216137463226914405822754
6905 7181.8556624816974363056942820549011230
6906 7182.7616478195141098694875836372375488
6907 7183.8504951588929543504491448402404785
6908 7184.7208598013967275619506835937500000
6909 7185.7253229343514249194413423538208008
6910 7186.0279412163872621022164821624755859
6911 7186.6896664251344191143289208412170410
6912 7188.3225945197573309997096657752990723
6913 7189.1456905200284381862729787826538086
6914 7190.2946129180545540293678641319274902
6915 7191.0679008753977541346102952957153320
6916 7191.9837333047780703054741024971008301
6917 7192.6823986207000416470691561698913574
6918 7193.2210499274497124133631587028503418
6919 7194.0537412085759569890797138214111328
6920 7195.4217906492103793425485491752624512
6921 7196.1877626811874506529420614242553711
6922 7196.9578141328929632436484098434448242
6923 7198.1436063767250743694603443145751953
6924 7198.9934531250582949724048376083374023
6925 7199.7444785654570296173915266990661621
6926 7201.0571497838209324982017278671264648
6927 7201.5777938682076637633144855499267578
6928 7202.4814147850920562632381916046142578
6929 7203.1720447076859272783622145652770996
6930 7204.2654862169783882563933730125427246
6931 7204.7640224606693664100021123886108398
6932 7205.5230769848549243761226534843444824
6933 7207.4450170647887716768309473991394043
6934 7208.1901707227098086150363087654113770
6935 7208.9277239517159614479169249534606934
6936 7209.3835499578071903670206665992736816
6937 7210.4137886707212601322680711746215820
6938 7211.3353235445683822035789489746093750
6939 7212.3633967158893938176333904266357422
6940 7212.9634077435584913473576307296752930
6941 7213.8367667658658319851383566856384277
6942 7215.1019575846494262805208563804626465
6943 7215.5327296126833971356973052024841309
6944 7216.9530960176125518046319484710693359
6945 7217.7108670157685992307960987091064453
6946 7218.7312853810417436761781573295593262
6947 7219.7130451728808111511170864105224609
6948 7220.4321476848381280433386564254760742
6949 7220.7847122717921592993661761283874512
6950 7221.8580482151282922131940722465515137
6951 7222.5388632142276037484407424926757812
6952 7223.9613295472081517800688743591308594
6953 7224.9602758156852360116317868232727051
6954 7225.6646372951618104707449674606323242
6955 7226.8262325192026764852926135063171387
6956 7227.6706523190696316305547952651977539
6957 7228.1049735342130588833242654800415039
6958 7228.9639846529480564640834927558898926
6959 7230.5789801959181204438209533691406250
6960 7230.7818963210211222758516669273376465
6961 7231.7121682174602028680965304374694824
6962 7232.5073372195111005567014217376708984
6963 7233.3057256027514085872098803520202637
6964 7235.0324104236588027561083436012268066
6965 7235.5920476486571715213358402252197266
6966 7236.7152933031284192111343145370483398
6967 7237.2927011990377650363370776176452637
6968 7237.9238153878086450276896357536315918
6969 7239.1071382859918230678886175155639648
6970 7239.4928247375210048630833625793457031
6971 7240.7445745711174822645261883735656738
6972 7241.3837375177372450707480311393737793
6973 7242.8130034059249737765640020370483398
6974 7243.9083679570576350670307874679565430
6975 7244.1947396434898109873756766319274902
6976 7245.0483511036127310944721102714538574
6977 7246.5219716050505667226389050483703613
6978 7247.1727430602077220100909471511840820
6979 7247.9801349811350519303232431411743164
6980 7248.5588771578404703177511692047119141
6981 7249.5755158393294550478458404541015625
6982 7250.3113069134215038502588868141174316
6983 7251.2355731445823039393872022628784180
6984 7252.5791333094057335983961820602416992
6985 7253.7769676104235259117558598518371582
6986 7254.3815812083394121145829558372497559
6987 7255.0402283504681690828874707221984863
6988 7255.8946163897944643395021557807922363
6989 7256.7287423881971335504204034805297852
6990 7257.3588093828348064562305808067321777
6991 7258.8841400123164930846542119979858398
6992 7259.5195926458036410622298717498779297
6993 7259.9708402909782307688146829605102539
6994 7261.3337977423252596054226160049438477
6995 7262.4459740398688154527917504310607910
6996 7263.1228320284681103657931089401245117
6997 7264.2729939124055817956104874610900879
6998 7264.7482480937505897600203752517700195
6999 7265.9628563751757610589265823364257812
7000 7266.8250718418348697014153003692626953
7001 7267.0225730563688557595014572143554688
7002 7267.8511619565779255935922265052795410
7003 7269.2817965531703521264716982841491699
7004 7270.6651960169219819363206624984741211
7005 7271.1625783263589255511760711669921875
7006 7272.2939160446294408757239580154418945
7007 7272.7568198383469280088320374488830566
7008 7273.7012341180161456577479839324951172
7009 7274.6393861739670683164149522781372070
7010 7275.6929467597037728410214185714721680
7011 7276.1885110988023370737209916114807129
7012 7277.3134174994738714303821325302124023
7013 7277.9111948588542873039841651916503906
7014 7279.2263235847567557357251644134521484
7015 7279.7685213029035367071628570556640625
7016 7281.3160941212518082465976476669311523
7017 7282.1761673110777337569743394851684570
7018 7282.8176818760057358304038643836975098
7019 7283.4957758518412447301670908927917480
7020 7284.0236977726381155662238597869873047
7021 7285.2773022941219096537679433822631836
7022 7286.1396941310649708611890673637390137
7023 7286.7792388009547721594572067260742188
7024 7288.2671704770837095566093921661376953
7025 7289.1037580188694846583530306816101074
7026 7289.9402767620285885641351342201232910
7027 7290.8214298857619724003598093986511230
7028 7291.2900434364419197663664817810058594
7029 7292.7412493462634301977232098579406738
7030 7293.4031094982183276442810893058776855
7031 7294.2041478108731098473072052001953125
7032 7295.0488938768139632884413003921508789
7033 7295.5648494815486628795042634010314941
7034 7296.5716190711118542822077870368957520
7035 7298.3686843206814955919981002807617188
7036 7299.1388486074320098850876092910766602
7037 7299.3365711647966236341744661331176758
7038 7300.7634767639701749430969357490539551
7039 7301.5813167180149321211501955986022949
7040 7301.8485579199405037797987461090087891
7041 7302.9178758009256853256374597549438477
7042 7303.8439006405187683412805199623107910
7043 7305.0602871063074417179450392723083496
7044 7305.8181615742159920046105980873107910
7045 7306.6372055673837166978046298027038574
7046 7307.6607525785602774703875184059143066
7047 7308.6716650007110729347914457321166992
7048 7309.4979039889385603601112961769104004
7049 7310.5013569522143370704725384712219238
7050 7311.1909516601281211478635668754577637
7051 7311.8811459820317395497113466262817383
7052 7312.7243724884356197435408830642700195
7053 7313.5550461567581805866211652755737305
7054 7314.4491314865808817557990550994873047
7055 7315.7556285306873178342357277870178223
7056 7317.1002505019187083235010504722595215
7057 7317.5537388403245131485164165496826172
7058 7318.3510027040865679737180471420288086
7059 7318.8719991129619302228093147277832031
7060 7319.8967571643443079665303230285644531
7061 7321.2337816955860034795477986335754395
7062 7321.7173735491742263548076152801513672
7063 7322.5687511570613423828035593032836914
7064 7323.2439831640986085403710603713989258
7065 7324.8493332389116403646767139434814453
7066 7325.2261151391521707409992814064025879
7067 7326.4441030524303641868755221366882324
7068 7327.5344980019817739957943558692932129
7069 7328.2835144546825176803395152091979980
7070 7328.8611716155155590968206524848937988
7071 7329.8155782654248469043523073196411133
7072 7330.5868395654688356444239616394042969
7073 7330.9708582862749608466401696205139160
7074 7332.6521304680336470482870936393737793
7075 7333.5170333920905250124633312225341797
7076 7334.6391060807563917478546500205993652
7077 7335.1939637593914085300639271736145020
7078 7336.0168203432931477436795830726623535
7079 7337.3122240395005064783617854118347168
7080 7337.6492012290673301322385668754577637
7081 7338.6212513786776980850845575332641602
7082 7339.7631364156168274348601698875427246
7083 7340.4959643820184282958507537841796875
7084 7341.1724110140403354307636618614196777
7085 7341.7814489410593523643910884857177734
7086 7343.5075226273802400100976228713989258
7087 7344.4294071257227187743410468101501465
7088 7345.4133843635027005802839994430541992
7089 7345.7371879070560680702328681945800781
7090 7346.6989269420537311816588044166564941
7091 7347.6014406171416339930146932601928711
7092 7348.2264706727219163440167903900146484
7093 7349.2497776153031736612319946289062500
7094 7350.3476186417610733769834041595458984
7095 7350.9732564475016260985285043716430664
7096 7352.6318474009385681711137294769287109
7097 7352.8804302758671838091686367988586426
7098 7353.9139477489406999666243791580200195
7099 7354.5846255504911823663860559463500977
7100 7356.0768010065112321171909570693969727
7101 7356.7139014727017638506367802619934082
7102 7357.2980651321213372284546494483947754
7103 7357.8299272066033154260367155075073242
7104 7359.0224240572515554958954453468322754
7105 7359.8188334793721878668293356895446777
7106 7361.2670134078598493942990899085998535
7107 7362.0581344019556127022951841354370117
7108 7363.1025910246753483079373836517333984
7109 7363.8220940602168411714956164360046387
7110 7364.4697616174162249080836772918701172
7111 7365.1200600250431307358667254447937012
7112 7366.1768265282953507266938686370849609
7113 7367.4448054539643635507673025131225586
7114 7367.7165835405212419573217630386352539
7115 7369.2112356660636578453704714775085449
7116 7369.5326136964104080107063055038452148
7117 7370.7782960757667751749977469444274902
7118 7371.9879610506523022195324301719665527
7119 7372.8050481386399042094126343727111816
7120 7373.4240353161530947545543313026428223
7121 7374.3493920976579829584807157516479492
7122 7375.1992437028693530010059475898742676
7123 7375.8781515392602159408852458000183105
7124 7376.8736494831391610205173492431640625
7125 7377.1900891942659654887393116950988770
7126 7379.3327850689001934370025992393493652
7127 7379.9796031665027840062975883483886719
7128 7380.4640114931789867114275693893432617
7129 7381.5369321676262188702821731567382812
7130 7382.2227133887954551028087735176086426
7131 7383.1735236344175064004957675933837891
7132 7384.2023961568102095043286681175231934
7133 7384.9245129816081316675990819931030273
7134 7385.7526335908714827382937073707580566
7135 7386.4615524512464617146179080009460449
7136 7387.5424205984127183910459280014038086
7137 7388.6295350231084739789366722106933594
7138 7389.5845092859344731550663709640502930
7139 7390.6641776441392721608281135559082031
7140 7391.4402595554220170015469193458557129
7141 7392.1607331318300566636025905609130859
7142 7392.9886049566066503757610917091369629
7143 7393.1732696203580417204648256301879883
7144 7394.7116178766937082400545477867126465
7145 7395.6939623300677340012043714523315430
7146 7396.4032735549517383333295583724975586
7147 7397.5319336170487076742574572563171387
7148 7398.7519206201068300288170576095581055
7149 7399.2203868179749406408518552780151367
7150 7399.8288196192734176293015480041503906
7151 7401.3541810574679402634501457214355469
7152 7401.6706695382490579504519701004028320
7153 7403.0180907555095473071560263633728027
7154 7403.4489232564137637382373213768005371
7155 7404.1034688013023696839809417724609375
7156 7405.0715279269243183080106973648071289
7157 7406.4348759238255297532305121421813965
7158 7407.7827724071685224771499633789062500
7159 7408.3184421773894428042694926261901855
7160 7408.9610231403530633542686700820922852
7161 7409.6979101560973504092544317245483398
7162 7410.8750167704711202532052993774414062
7163 7411.4755789507489680545404553413391113
7164 7412.2133447318101389100775122642517090
7165 7413.3285829164815368130803108215332031
7166 7414.4188148494704364566132426261901855
7167 7415.1806502227427699835970997810363770
7168 7416.2695044391784904291853308677673340
7169 7416.7133917991650378098711371421813965
7170 7418.3105093178237439133226871490478516
7171 7418.9880985691706882789731025695800781
7172 7419.5376171286934550153091549873352051
7173 7420.4159133837183617288246750831604004
7174 7421.4207820126684964634478092193603516
7175 7421.8069626527230866486206650733947754
7176 7422.9106873740311129949986934661865234
7177 7424.2207354678466799668967723846435547
7178 7425.3062058110772341024130582809448242
7179 7426.0426157520378183107823133468627930
7180 7427.0103584224380028899759054183959961
7181 7427.6188821476625889772549271583557129
7182 7428.1242464534498139983043074607849121
7183 7429.3508891660476365359500050544738770
7184 7430.5553688815289206104353070259094238
7185 7431.1566349609529424924403429031372070
7186 7431.6343033352877682773396372795104980
7187 7432.7406699350176495499908924102783203
7188 7434.0415751593682216480374336242675781
7189 7435.0591915774457447696477174758911133
7190 7435.5904414862725388957187533378601074
7191 7436.7665168228904803982004523277282715
7192 7437.6581817224778205854818224906921387
7193 7438.1259949311061063781380653381347656
7194 7438.8722159025201108306646347045898438
7195 7439.7376486740704422118142247200012207
7196 7440.7031210045715852174907922744750977
7197 7441.9693233595517085632309317588806152
7198 7443.1711607938887027557939291000366211
7199 7443.6283941973142646020278334617614746
7200 7444.4238661286835849750787019729614258
7201 7445.5189797270159033359959721565246582
7202 7446.1921123385582177434116601943969727
7203 7447.4703794155720970593392848968505859
7204 7447.9159998635313968406990170478820801
7205 7448.5788460223466245224699378013610840
7206 7450.0268519479468523059040307998657227
7207 7450.3134148291137535125017166137695312
7208 7451.2873770422029338078573346138000488
7209 7453.1563330339213280240073800086975098
7210 7453.5622556890539271989837288856506348
7211 7454.5011508820789458695799112319946289
7212 7455.1116001306672842474654316902160645
7213 7455.7562483306792273651808500289916992
7214 7456.8792641554591682506725192070007324
7215 7457.5550157283832959365099668502807617
7216 7458.7588966135372174903750419616699219
7217 7459.3179166660902410512790083885192871
7218 7460.7423191735815635183826088905334473
7219 7461.4128368533911270787939429283142090
7220 7462.3451193155051441863179206848144531
7221 7463.2410344429354154272004961967468262
7222 7463.9534285833033209200948476791381836
7223 7465.2353326834072504425421357154846191
7224 7465.8736488001086399890482425689697266
7225 7466.5095674671101733110845088958740234
7226 7467.2368920150220219511538743972778320
7227 7467.8935162024026794824749231338500977
7228 7469.7423128242462553316727280616760254
7229 7470.4106947908694564830511808395385742
7230 7471.3161540509481710614636540412902832
7231 7472.2163379591765988152474164962768555
7232 7472.9384526310823275707662105560302734
7233 7473.8019231653161114081740379333496094
7234 7474.3183754131860041525214910507202148
7235 7475.4571484695770777761936187744140625
7236 7476.6616855015508917858824133872985840
7237 7477.1261170346169819822534918785095215
7238 7477.9902203139954508515074849128723145
7239 7479.3608039381888374919071793556213379
7240 7479.8264901086495228810235857963562012
7241 7481.2705851193204580340534448623657227
7242 7482.0883530418177542742341756820678711
7243 7482.7609704196638631401583552360534668
7244 7483.2226842844775092089548707008361816
7245 7484.4354063644550478784367442131042480
7246 7485.0872608109621069161221385002136230
7247 7485.8361100929978420026600360870361328
7248 7486.9805746784768416546285152435302734
7249 7488.3413984316739515634253621101379395
7250 7489.4107931427115545375272631645202637
7251 7489.8016496300351718673482537269592285
7252 7490.2884669195555034093558788299560547
7253 7491.4802373691181855974718928337097168
7254 7492.8711764957988634705543518066406250
7255 7493.0006064078716008225455880165100098
7256 7494.1555936139666300732642412185668945
7257 7494.8933546900771034415811300277709961
7258 7495.6205355475631222361698746681213379
7259 7496.9032340534195100190117955207824707
7260 7497.8766668492298776982352137565612793
7261 7499.0183751152981130871921777725219727
7262 7499.6350169072011340176686644554138184
7263 7500.5207585464795556617900729179382324
7264 7501.3943566260495572350919246673583984
7265 7501.8896014140918850898742675781250000
7266 7502.6061286002459382871165871620178223
7267 7503.8158220983441424323245882987976074
7268 7505.0076275503579381620511412620544434
7269 7505.8557607945331255905330181121826172
7270 7506.4587779206958657596260309219360352
7271 7507.8815825879264593822881579399108887
7272 7508.3253577308405510848388075828552246
7273 7509.3628580847271223319694399833679199
7274 7510.0620143528212793171405792236328125
7275 7511.2681520944788644555956125259399414
7276 7511.8315502389887114986777305603027344
7277 7512.6391088936670712428167462348937988
7278 7513.2564785434569785138592123985290527
7279 7514.3274582128033216577023267745971680
7280 7516.0173387017566710710525512695312500
7281 7516.6828655239769432228058576583862305
7282 7517.3165469895448040915653109550476074
7283 7518.2339222028786025475710630416870117
7284 7518.9882554908126621739938855171203613
7285 7519.4838085841565771261230111122131348
7286 7521.0954784544210269814357161521911621
7287 7521.4189600013723975280299782752990723
7288 7522.2359558930656930897384881973266602
7289 7523.5838100119199225446209311485290527
7290 7524.5760631420507706934586167335510254
7291 7525.1177549798776453826576471328735352
7292 7526.0778886546904686838388442993164062
7293 7527.3392439865692722378298640251159668
7294 7528.2559452573059388669207692146301270
7295 7528.6188245153898606076836585998535156
7296 7529.5724394784265314228832721710205078
7297 7530.0245180368347064359113574028015137
7298 7531.4430377621192747028544545173645020
7299 7531.9184759437448519747704267501831055
7300 7533.7017888984610181069001555442810059
7301 7534.1961766907097626244649291038513184
7302 7535.2694168245452601695433259010314941
7303 7535.7958795563354215119034051895141602
7304 7536.8521406597228633472695946693420410
7305 7537.3125810895253380294889211654663086
7306 7538.5138440355513012036681175231933594
7307 7539.5071811398938734782859683036804199
7308 7540.2275398989731911569833755493164062
7309 7540.9522124226277810521423816680908203
7310 7541.7199272476555051980540156364440918
7311 7543.2740867960201285313814878463745117
7312 7544.1430895325484016211703419685363770
7313 7545.0172820287971262587234377861022949
7314 7545.4696453632222983287647366523742676
7315 7546.6197783018524205544963479042053223
7316 7547.3464642133840243332087993621826172
7317 7548.1639291519059042911976575851440430
7318 7548.4670092786382156191393733024597168
7319 7550.1204721580452314810827374458312988
7320 7551.0938903460664732847362756729125977
7321 7552.0509779771946341497823596000671387
7322 7552.9157227337982476456090807914733887
7323 7553.4225997341600304935127496719360352
7324 7554.4150644572073360905051231384277344
7325 7555.6369870990019990131258964538574219
7326 7556.2156334781502664554864168167114258
7327 7557.1238486240508791524916887283325195
7328 7557.7316501452060037991032004356384277
7329 7558.6186932162690936820581555366516113
7330 7559.6433763284585438668727874755859375
7331 7560.8298200676508713513612747192382812
7332 7561.6589600409770355327054858207702637
7333 7563.1828140436391549883410334587097168
7334 7563.5204164646111166803166270256042480
7335 7563.7693012495874427258968353271484375
7336 7564.9602437198500410886481404304504395
7337 7565.7328534325679356697946786880493164
7338 7566.8453224938293715240433812141418457
7339 7567.8665311460736120352521538734436035
7340 7568.2890675122907850891351699829101562
7341 7569.7971651665520766982808709144592285
7342 7570.5471380881808727281168103218078613
7343 7571.2812893039317714283242821693420410
7344 7572.2789939721769769676029682159423828
7345 7573.2551843798955815145745873451232910
7346 7574.0468021567448886344209313392639160
7347 7574.7498889041016809642314910888671875
7348 7575.6966680038112826878204941749572754
7349 7576.2686049370386172086000442504882812
7350 7576.9057705623454239685088396072387695
7351 7578.9174867080109834205359220504760742
7352 7579.5977572549127216916531324386596680
7353 7580.2800888474539533490315079689025879
7354 7580.9598306906536890892311930656433105
7355 7582.0317055305295070866122841835021973
7356 7582.8029838301754352869465947151184082
7357 7583.4627347632867895299568772315979004
7358 7584.4869596700937108835205435752868652
7359 7585.4695175522865611128509044647216797
7360 7586.2349945099340402521193027496337891
7361 7587.2832394525121344486251473426818848
7362 7587.8903506149545137304812669754028320
7363 7589.3562540819257264956831932067871094
7364 7590.1208714221484115114435553550720215
7365 7590.9182248398974479641765356063842773
7366 7591.9661934610194293782114982604980469
7367 7592.2697128390100260730832815170288086
7368 7593.0983140152511623455211520195007324
7369 7594.1027425134379882365465164184570312
7370 7595.0776582152266200864687561988830566
7371 7596.0162128573592781322076916694641113
7372 7597.4149856437106791418045759201049805
7373 7598.0078827464276400860399007797241211
7374 7598.9827100165402953280135989189147949
7375 7599.5651549204994807951152324676513672
7376 7600.1308588371666701277717947959899902
7377 7601.7513659114156325813382863998413086
7378 7602.4051633193230372853577136993408203
7379 7603.0223665123139653587713837623596191
7380 7603.5606785752224823227152228355407715
7381 7604.8311965312350366730242967605590820
7382 7605.8579343357141624437645077705383301
7383 7606.9948830311077472288161516189575195
7384 7608.0213541523044114001095294952392578
7385 7608.4208080585613060975447297096252441
7386 7609.6736077621135336812585592269897461
7387 7610.0662145543574297334998846054077148
7388 7610.8544902473822730826213955879211426
7389 7611.7945302268781233578920364379882812
7390 7612.6822495387841627234593033790588379
7391 7613.9491255134289531270042061805725098
7392 7614.9110191442905488656833767890930176
7393 7615.5897067756905016722157597541809082
7394 7616.3614418190481956116855144500732422
7395 7617.4906874885673460084944963455200195
7396 7618.5062255794327938929200172424316406
7397 7619.1092213284155150176957249641418457
7398 7619.7494417229645478073507547378540039
7399 7620.9839249520791781833395361900329590
7400 7621.6935751088167307898402214050292969
7401 7622.0174925429091672413051128387451172
7402 7623.4232985206399462185800075531005859
7403 7624.9873826165148784639313817024230957
7404 7625.5944936596697516506537795066833496
7405 7626.2652925827223953092470765113830566
7406 7627.1272133774491521762683987617492676
7407 7627.6909797999142028857022523880004883
7408 7628.7420263715284818317741155624389648
7409 7629.6427024438999069388955831527709961
7410 7630.5699279131495131878182291984558105
7411 7631.5067579266160464612767100334167480
7412 7632.0090992690838902490213513374328613
7413 7633.6518616438443132210522890090942383
7414 7634.3123001036492496496066451072692871
7415 7634.7717880270247405860573053359985352
7416 7636.3871514852471591439098119735717773
7417 7636.8229892085037135984748601913452148
7418 7637.9403661844753514742478728294372559
7419 7638.2371003421030764002352952957153320
7420 7639.0392950230052520055323839187622070
7421 7639.9347909054395131533965468406677246
7422 7641.5056675447140150936320424079895020
7423 7642.1668373840129788732156157493591309
7424 7643.2951770907347963657230138778686523
7425 7644.0357038159490912221372127532958984
7426 7644.9278130920029070693999528884887695
7427 7645.3315993606247502611950039863586426
7428 7646.5609057453148125205188989639282227
7429 7647.3998041581708093872293829917907715
7430 7648.1978216237821470713242888450622559
7431 7649.2103688599199813324958086013793945
7432 7649.7879247886139637557789683341979980
7433 7650.7781316163218434667214751243591309
7434 7651.9180008637904393253847956657409668
7435 7653.3566808140640205238014459609985352
7436 7653.7028148566932941321283578872680664
7437 7654.5806390999732684576883912086486816
7438 7655.1214946934669569600373506546020508
7439 7656.2619669524247001390904188156127930
7440 7656.9564077690247358987107872962951660
7441 7657.7179335977943992475047707557678223
7442 7658.6522863277859869413077831268310547
7443 7660.2644225052390538621693849563598633
7444 7660.8748425350549950962886214256286621
7445 7661.5786878789640468312427401542663574
7446 7662.3318334266768943052738904953002930
7447 7663.4561942495474795578047633171081543
7448 7664.2030093408884567907080054283142090
7449 7665.4440595273081271443516016006469727
7450 7665.8018091612229909515008330345153809
7451 7666.5028226920421730028465390205383301
7452 7667.5493291348011553054675459861755371
7453 7668.3656657880146667594090104103088379
7454 7669.9360299815525650046765804290771484
7455 7670.5810425420040701283141970634460449
7456 7671.4471299628421547822654247283935547
7457 7672.4506916240607097279280424118041992
7458 7673.1035342870291060535237193107604980
7459 7673.7406323036811954807490110397338867
7460 7674.2415110789588652551174163818359375
7461 7676.0614740112578147090971469879150391
7462 7676.4045169535347667988389730453491211
7463 7677.3063673983779153786599636077880859
7464 7678.4896089538069645641371607780456543
7465 7679.2838165898192528402432799339294434
7466 7680.3697297089092899113893508911132812
7467 7681.0496117761031200643628835678100586
7468 7681.9454821732997515937313437461853027
7469 7683.0181672273829462938010692596435547
7470 7683.5939646434217138448730111122131348
7471 7684.2056678883545828284695744514465332
7472 7685.3055568700037838425487279891967773
7473 7685.7829936063481000019237399101257324
7474 7687.5132929884548502741381525993347168
7475 7688.5916929274953872663900256156921387
7476 7689.1566198109630931867286562919616699
7477 7689.8580011024841951439157128334045410
7478 7690.4296508969819115009158849716186523
7479 7691.8021764162494946504011750221252441
7480 7692.3427433286178711568936705589294434
7481 7693.4794014607614371925592422485351562
7482 7693.8970060863248363602906465530395508
7483 7695.1122724256401852471753954887390137
7484 7696.1363849862391361966729164123535156
7485 7696.7794768088497221469879150390625000
7486 7697.8984691432651743525639176368713379
7487 7699.0710258772360248258337378501892090
7488 7700.0360469480237952666357159614562988
7489 7700.2167248293171724071726202964782715
7490 7701.1579546574848791351541876792907715
7491 7702.1947315585421165451407432556152344
7492 7702.5892298908620432484894990921020508
7493 7703.8310031589280697517096996307373047
7494 7705.2131668510446615982800722122192383
7495 7705.7032169517715374240651726722717285
7496 7706.9621962228738993871957063674926758
7497 7707.7367604310766182607039809226989746
7498 7708.2209728089619602542370557785034180
7499 7709.2426406591312115779146552085876465
7500 7710.1238399247049528639763593673706055
7501 7711.2236490403374773450195789337158203
7502 7711.9289339614897471619769930839538574
7503 7712.7793080545943666948005557060241699
7504 7712.9086488783086679177358746528625488
7505 7714.9049756913573219208046793937683105
7506 7715.8068092575667833443731069564819336
7507 7716.4931619524286361411213874816894531
7508 7717.4306255609062645817175507545471191
7509 7718.2094399260331556433811783790588379
7510 7718.8718279572058236226439476013183594
7511 7719.7534860890245909104123711585998535
7512 7720.4121750384256301913410425186157227
7513 7721.5539969162691704696044325828552246
7514 7722.5572287834420421859249472618103027
7515 7723.6182822658265649806708097457885742
7516 7724.4409165778506576316431164741516113
7517 7725.2428705208149040117859840393066406
7518 7725.8810744787897419882938265800476074
7519 7727.3650679214315459830686450004577637
7520 7728.1545374784709565574303269386291504
7521 7728.3453215227164037059992551803588867
7522 7729.5084442000297713093459606170654297
7523 7730.1567106493421306367963552474975586
7524 7731.3263434268683340633288025856018066
7525 7731.9046039680233661783859133720397949
7526 7733.5511523428667715052142739295959473
7527 7734.6372100596163363661617040634155273
7528 7734.7990513162239949451759457588195801
7529 7735.9201916497786442050710320472717285
7530 7736.3989831430462800199165940284729004
7531 7737.2815167320241016568616032600402832
7532 7738.6834003820677025942131876945495605
7533 7739.0760791021857585292309522628784180
7534 7740.1135475108185346471145749092102051
7535 7740.9321290038042207015678286552429199
7536 7742.0938267877427279017865657806396484
7537 7742.8617681194336910266429185867309570
7538 7744.1687422989052720367908477783203125
7539 7744.5391859439168911194428801536560059
7540 7745.5641777056916907895356416702270508
7541 7746.6179720271156838862225413322448730
7542 7747.2627290799646289087831974029541016
7543 7747.6038435557493357919156551361083984
7544 7748.5608992617508192779496312141418457
7545 7749.9503404887545912060886621475219727
7546 7751.4179424323683633701875805854797363
7547 7751.7322406977382343029603362083435059
7548 7752.4120591177088499534875154495239258
7549 7753.8125641555634501855820417404174805
7550 7754.1658082940066378796473145484924316
7551 7755.0427448389964411035180091857910156
7552 7756.1405459939196589402854442596435547
7553 7756.9616603690938063664361834526062012
7554 7757.7486488333433953812345862388610840
7555 7758.4419676430825347779318690299987793
7556 7759.5929548163530853344127535820007324
7557 7760.4701366023891750955954194068908691
7558 7761.8520164724995993310585618019104004
7559 7762.5166699768833495909348130226135254
7560 7763.3655368377512786537408828735351562
7561 7763.8879433861911820713430643081665039
7562 7764.6295404696520563447847962379455566
7563 7765.5805492740837507881224155426025391
7564 7766.6480685847072891192510724067687988
7565 7767.3473614391659793909639120101928711
7566 7768.4170938240313262213021516799926758
7567 7769.9133279307443444849923253059387207
7568 7770.2612437191000935854390263557434082
7569 7770.9838868380375060951337218284606934
7570 7771.8019355329379322938621044158935547
7571 7773.1521642377774696797132492065429688
7572 7774.0189000994269008515402674674987793
7573 7774.2962692021228576777502894401550293
7574 7775.4487852120128081878647208213806152
7575 7775.9776082079843035899102687835693359
7576 7776.9553771073860843898728489875793457
7577 7778.6196188667363458080217242240905762
7578 7779.1477383542114694137126207351684570
7579 7780.2941436251385312061756849288940430
7580 7780.7916310923901619389653205871582031
7581 7781.7037035837220173561945557594299316
7582 7782.4481085253410128643736243247985840
7583 7783.3331896314011828508228063583374023
7584 7783.8698230562276876298710703849792480
7585 7785.5432119311935821315273642539978027
7586 7785.9721583276332239620387554168701172
7587 7786.9108850980046554468572139739990234
7588 7787.8475772655692708212882280349731445
7589 7788.9420376808211585739627480506896973
7590 7789.8464871299602236831560730934143066
7591 7790.5847481664113729493692517280578613
7592 7791.4981225627816456835716962814331055
7593 7792.0570003652101149782538414001464844
7594 7793.2084381075255805626511573791503906
7595 7793.7311795000223355600610375404357910
7596 7794.3306479877464880701154470443725586
7597 7796.1679399030672357184812426567077637
7598 7796.8827508070462499745190143585205078
7599 7797.9399946736393758328631520271301270
7600 7798.6428763410312967607751488685607910
7601 7799.0273561423964565619826316833496094
7602 7800.0488667652625736081972718238830566
7603 7801.0859657612218143185600638389587402
7604 7802.2781366430954221868887543678283691
7605 7802.5630441149878606665879487991333008
7606 7803.3416403790561162168160080909729004
7607 7804.6625391988054616376757621765136719
7608 7805.6512445080225006677210330963134766
7609 7806.3655268205275206128135323524475098
7610 7807.4539471043590310728177428245544434
7611 7808.5216946707951137796044349670410156
7612 7809.1480958930533233797177672386169434
7613 7809.9493489666474488331004977226257324
7614 7810.2464226365391368744894862174987793
7615 7811.4252966943404317134991288185119629
7616 7812.3928808384007425047457218170166016
7617 7813.4807512799325195373967289924621582
7618 7814.5560905303882464068010449409484863
7619 7815.5869394857436418533325195312500000
7620 7815.8558409526795003330335021018981934
7621 7817.1526373395772679941728711128234863
7622 7817.7966857601059018634259700775146484
7623 7818.6601149118669127346947789192199707
7624 7819.6356479479727568104863166809082031
7625 7820.5863973728701239451766014099121094
7626 7821.0538800709509814623743295669555664
7627 7822.0940934579430177109315991401672363
7628 7822.7190343735801434377208352088928223
7629 7824.6454713433668075595051050186157227
7630 7825.2731773501745919929817318916320801
7631 7825.8277812392825580900534987449645996
7632 7826.4711801701523654628545045852661133
7633 7827.8064595347659633262082934379577637
7634 7828.1251951836384250782430171966552734
7635 7828.9938782414301385870203375816345215
7636 7830.1285389092736295424401760101318359
7637 7830.8775819622114795492962002754211426
7638 7832.2744626238836644915863871574401855
7639 7832.8244945092937996378168463706970215
7640 7833.9207551612726092571392655372619629
7641 7834.3830660233743401477113366127014160
7642 7835.7332579750673176022246479988098145
7643 7836.4635015441890573129057884216308594
7644 7837.3969473057477443944662809371948242
7645 7838.0641778121444076532498002052307129
7646 7838.4825509123184019699692726135253906
7647 7839.5683628887454688083380460739135742
7648 7840.7823490783721354091539978981018066
7649 7841.8280685631798405665904283523559570
7650 7842.7737740045195096172392368316650391
7651 7843.7410480531307257479056715965270996
7652 7844.4574294154263043310493230819702148
7653 7845.0803279028204997302964329719543457
7654 7845.5761473500406282255426049232482910
7655 7847.0000892252919584279879927635192871
7656 7847.8359662233760900562629103660583496
7657 7848.6470134148912620730698108673095703
7658 7849.3229742632684065029025077819824219
7659 7850.3815758842738432576879858970642090
7660 7851.7493752334830787731334567070007324
7661 7852.0555331085870420793071389198303223
7662 7853.5368870337479165755212306976318359
7663 7854.0992094024277321295812726020812988
7664 7854.7052434705528867198154330253601074
7665 7855.7302329583126265788450837135314941
7666 7856.5897416493953642202541232109069824
7667 7857.0074801637711061630398035049438477
7668 7857.9982474828357226215302944183349609
7669 7859.8638766350468358723446726799011230
7670 7860.3608489757880306569859385490417480
7671 7861.0742932526809454429894685745239258
7672 7861.9683074326858331914991140365600586
7673 7862.5768083822440530639141798019409180
7674 7863.8864699076511897146701812744140625
7675 7864.6884243627337127691134810447692871
7676 7865.0475484019007126335054636001586914
7677 7866.3272956430209887912496924400329590
7678 7867.1423379503576143179088830947875977
7679 7867.7013911748254031408578157424926758
7680 7869.0540590121345303487032651901245117
7681 7870.1005323188728652894496917724609375
7682 7871.0262684797053225338459014892578125
7683 7871.8915937214933364884927868843078613
7684 7872.4210511665205558529123663902282715
7685 7873.2589746098783507477492094039916992
7686 7873.8574118034048296976834535598754883
7687 7874.8942809874788508750498294830322266
7688 7876.0812562315604736795648932456970215
7689 7876.8113783582884934730827808380126953
7690 7877.8339530272296542534604668617248535
7691 7878.9106111435303319012746214866638184
7692 7879.7743711694893136154860258102416992
7693 7880.2479248751424165675416588783264160
7694 7881.1725970125426101731136441230773926
7695 7882.4404109600545780267566442489624023
7696 7883.2191318973291345173493027687072754
7697 7883.7392886773614009143784642219543457
7698 7884.3861364270323974778875708580017090
7699 7885.3100555678192904451861977577209473
7700 7886.6978441194532933877781033515930176
7701 7887.9026344723606598563492298126220703
7702 7888.5825082407864101696759462356567383
7703 7889.2477597243614582112058997154235840
7704 7890.1998852641281700925901532173156738
7705 7890.8291094009764492511749267578125000
7706 7891.7384852205595962004736065864562988
7707 7892.4715813322036410681903362274169922
7708 7893.7537758459366159513592720031738281
7709 7894.1462242776633502217009663581848145
7710 7895.7527016843123419675976037979125977
7711 7896.2841468548995180753991007804870605
7712 7896.8107063042134541319683194160461426
7713 7898.4439755495277495356276631355285645
7714 7899.1893877643888117745518684387207031
7715 7899.7377843257927452214062213897705078
7716 7900.6997436129004199756309390068054199
7717 7901.2037246411400701617822051048278809
7718 7902.4319405286787514341995120048522949
7719 7902.8458822841857909224927425384521484
7720 7904.0000113765290734590962529182434082
7721 7905.4953598437568871304392814636230469
7722 7906.3070577775997662683948874473571777
7723 7907.0332798611398175125941634178161621
7724 7907.4620230224900296889245510101318359
7725 7908.7540895045658544404432177543640137
7726 7909.0710809564316150499507784843444824
7727 7910.4963456778423278592526912689208984
7728 7911.2904748157907306449487805366516113
7729 7911.9746540368741989368572831153869629
7730 7912.5218946919885638635605573654174805
7731 7913.9589001447093323804438114166259766
7732 7914.8982286640421079937368631362915039
7733 7916.1390840424828638788312673568725586
7734 7916.2496200705172668676823377609252930
7735 7917.8469842901849915506318211555480957
7736 7918.2062994552070449572056531906127930
7737 7919.0095032190947677008807659149169922
7738 7919.7020771024745044996961951255798340
7739 7920.3949177820741169853135943412780762
7740 7922.0530345425377163337543606758117676
7741 7922.7233123583882843377068638801574707
7742 7923.7101413544041861314326524734497070
7743 7924.5820472189843712840229272842407227
7744 7925.3913386928143154364079236984252930
7745 7926.0447502274109865538775920867919922
7746 7927.2278596634041605284437537193298340
7747 7928.0077645037399634020403027534484863
7748 7928.6842348368936654878780245780944824
7749 7929.5402291811096802121028304100036621
7750 7930.6049411573549150489270687103271484
7751 7930.9480769180536299245432019233703613
7752 7932.4716661462280171690508723258972168
7753 7933.6456431609003630001097917556762695
7754 7934.4954151481597364181652665138244629
7755 7935.2146480247411091113463044166564941
7756 7935.5707186821109644370153546333312988
7757 7936.4422370302854687906801700592041016
7758 7937.7451806101762485923245549201965332
7759 7938.3155741831051273038610816001892090
7760 7939.0866394434215180808678269386291504
7761 7940.3540128424374415772035717964172363
7762 7941.2656837972663197433575987815856934
7763 7942.3176047614124399842694401741027832
7764 7942.7450980318008078029379248619079590
7765 7943.7855159976406866917386651039123535
7766 7944.9595192067354219034314155578613281
7767 7945.7406939568027155473828315734863281
7768 7946.2207883771825436269864439964294434
7769 7947.2897713122601999202743172645568848
7770 7947.7296003950723388697952032089233398
7771 7948.6342115361312608001753687858581543
7772 7950.2654705625845963368192315101623535
7773 7951.3140305669840017799288034439086914
7774 7951.5848519151586515363305807113647461
7775 7952.7944893592175503727048635482788086
7776 7953.5946571179101738380268216133117676
7777 7954.3089974318900203797966241836547852
7778 7954.7476084904210438253358006477355957
7779 7956.1522670790618576575070619583129883
7780 7956.9895782339062861865386366844177246
7781 7957.9479458597197663038969039916992188
7782 7958.3174558112332306336611509323120117
7783 7959.6887504791229730471968650817871094
7784 7960.6613792932348587783053517341613770
7785 7961.6495969240477279527112841606140137
7786 7962.5625472563424409599974751472473145
7787 7962.9565077037950686644762754440307617
7788 7964.2036005582049256190657615661621094
7789 7964.6840896519697707844898104667663574
7790 7965.3156787886564416112378239631652832
7791 7966.5688497863466182025149464607238770
7792 7967.2661075010237254900857806205749512
7793 7968.9098865244886837899684906005859375
7794 7969.6294403278789104660972952842712402
7795 7970.2205479478070628829300403594970703
7796 7970.8479281032996368594467639923095703
7797 7971.8213308249905821867287158966064453
7798 7972.9953318022289749933406710624694824
7799 7973.8048689042534533655270934104919434
7800 7974.4581295715815940639004111289978027
7801 7975.0178538202162599191069602966308594
7802 7976.2077921597920067142695188522338867
7803 7977.2911943970793799962848424911499023
7804 7977.9753228994613891700282692909240723
7805 7979.4198301588930917205289006233215332
7806 7980.2441533756355056539177894592285156
7807 7980.5921567898731154855340719223022461
7808 7981.6771588478859484894201159477233887
7809 7982.3292290442968806019052863121032715
7810 7982.8567265815781865967437624931335449
7811 7984.1947876659887697314843535423278809
7812 7985.0784615143857081420719623565673828
7813 7986.1162715383379691047593951225280762
7814 7986.9899212177624576725065708160400391
7815 7987.7768417479819618165493011474609375
7816 7988.8268844690319383516907691955566406
7817 7989.5271825954696396365761756896972656
7818 7990.4647300465640000766143202781677246
7819 7991.1546152182127116248011589050292969
7820 7992.4496019981270364951342344284057617
7821 7992.7754489937979087699204683303833008
7822 7993.5355201749734987970441579818725586
7823 7994.2682768567428865935653448104858398
7824 7996.3258735301405977224931120872497559
7825 7996.7029381824595475336536765098571777
7826 7997.5625970658256846945732831954956055
7827 7998.5036217813412804389372467994689941
7828 7998.9605161052913899766281247138977051
7829 8000.0867676142606796929612755775451660
7830 8000.6542894919621176086366176605224609
7831 8001.8274142239970387890934944152832031
7832 8002.5042268534998584073036909103393555
7833 8003.5440207085885049309581518173217773
7834 8004.4869003649455407867208123207092285
7835 8005.5587416487906011752784252166748047
7836 8006.0894527014406776288524270057678223
7837 8007.1663160750194947468116879463195801
7838 8008.4866864907053241040557622909545898
7839 8009.0242785501941398251801729202270508
7840 8009.3839360438996664015576243400573730
7841 8010.2122362264144612709060311317443848
7842 8011.4693807687563094077631831169128418
7843 8011.9293910950254939962178468704223633
7844 8013.4420221019045129651203751564025879
7845 8014.2767747461075487080961465835571289
7846 8015.3718858876563899684697389602661133
7847 8016.2017313875494437525048851966857910
7848 8016.4911995989132265094667673110961914
7849 8017.3614653728654957376420497894287109
7850 8018.6378266185929533094167709350585938
7851 8019.3566390003506967332214117050170898
7852 8020.3196895343171490821987390518188477
7853 8020.8374596951507555786520242691040039
7854 8021.8954815784090897068381309509277344
7855 8022.7174896687683940399438142776489258
7856 8024.4035824520287860650569200515747070
7857 8024.6709822903412714367732405662536621
7858 8025.7524527905952709261327981948852539
7859 8026.3918539474543649703264236450195312
7860 8027.3058741776840179227292537689208984
7861 8028.1240259718470042571425437927246094
7862 8028.7464013969947700388729572296142578
7863 8029.4078223854266980197280645370483398
7864 8031.0580097819056391017511487007141113
7865 8031.9513221315173723269253969192504883
7866 8032.7933836781248828629031777381896973
7867 8033.2691920033375936327502131462097168
7868 8034.3862408056866115657612681388854980
7869 8035.3932423612568527460098266601562500
7870 8035.9995110803647548891603946685791016
7871 8037.0344898954008385771885514259338379
7872 8037.8034687961080635432153940200805664
7873 8038.4284670091747102560475468635559082
7874 8039.3109519270419696113094687461853027
7875 8040.3637742120245093246921896934509277
7876 8041.4850920817953010555356740951538086
7877 8042.7526076056401507230475544929504395
7878 8043.2282121366006322205066680908203125
7879 8044.2220794968015979975461959838867188
7880 8044.7020366909509903052821755409240723
7881 8045.4121985927722562337294220924377441
7882 8046.3491008256769418949261307716369629
7883 8047.8585869302769424393773078918457031
7884 8048.0925323414903687080368399620056152
7885 8048.9390186850832833442836999893188477
7886 8050.7078556179130828240886330604553223
7887 8050.9285536367133317980915307998657227
7888 8051.8267009838218655204400420188903809
7889 8052.8547358018095110310241580009460449
7890 8053.8506837868499133037403225898742676
7891 8054.6320754502376075834035873413085938
7892 8055.3875363743591151433065533638000488
7893 8056.0435452569654444232583045959472656
7894 8056.6285659867116919485852122306823730
7895 8057.8498541006447339896112680435180664
7896 8059.1639104709411185467615723609924316
7897 8060.4105742106476100161671638488769531
7898 8060.6567507671425119042396545410156250
7899 8061.4328786150726955384016036987304688
7900 8062.5915306137285369914025068283081055
7901 8063.1050087225685274461284279823303223
7902 8064.2055151228541944874450564384460449
7903 8064.7583714142656390322372317314147949
7904 8065.9606115616679744562134146690368652
7905 8066.8521813638799358159303665161132812
7906 8067.4999791325935802888125181198120117
7907 8068.4809971376016619615256786346435547
7908 8069.6204735224273463245481252670288086
7909 8070.8957150154456030577421188354492188
7910 8071.2238118116620171349495649337768555
7911 8072.0062610184013465186581015586853027
7912 8072.8916608157032896997407078742980957
7913 8073.6616380741361354012042284011840820
7914 8074.4767818671007262310013175010681152
7915 8075.2124795801264554029330611228942871
7916 8076.6046464081118756439536809921264648
7917 8077.6931390268673567334190011024475098
7918 8078.3312909666001360164955258369445801
7919 8079.3452226829012943198904395103454590
7920 8080.0395115625615289900451898574829102
7921 8080.3716238670021994039416313171386719
7922 8082.0958483497324777999892830848693848
7923 8082.7273574236096465028822422027587891
7924 8083.1881214506065589375793933868408203
7925 8084.3538988336513284593820571899414062
7926 8084.6278104992688895436003804206848145
7927 8086.3893672033518669195473194122314453
7928 8087.2013329934470675652846693992614746
7929 8087.9892159461851406376808881759643555
7930 8089.0002772702373476931825280189514160
7931 8090.0117027032938494812697172164916992
7932 8090.3020753709806740516796708106994629
7933 8091.0130475025544001255184412002563477
7934 8092.0131860800229333108291029930114746
7935 8093.0568216448336897883564233779907227
7936 8093.9607968639902537688612937927246094
7937 8095.2264298270765721099451184272766113
7938 8095.6446498638179036788642406463623047
7939 8096.8812094899512885604053735733032227
7940 8097.4228046330426877830177545547485352
7941 8098.6014517335006530629470944404602051
7942 8099.4837131843923998530954122543334961
7943 8100.0339549943801102926954627037048340
7944 8100.8933174101221084129065275192260742
7945 8101.8474798163151717744767665863037109
7946 8102.6528918448093463666737079620361328
7947 8103.0812473089226841693744063377380371
7948 8104.9595806687411823077127337455749512
7949 8106.0010827606984094018116593360900879
7950 8106.4724785345788404811173677444458008
7951 8106.9810070733692555222660303115844727
7952 8107.9900306061317678540945053100585938
7953 8108.8586150079718208871781826019287109
7954 8109.6902188883013877784833312034606934
7955 8110.6376839519562054192647337913513184
7956 8111.4474799116051144665107131004333496
7957 8112.2647534509997058194130659103393555
7958 8113.5526430643367348238825798034667969
7959 8114.1670197638777608517557382583618164
7960 8115.1073584254190791398286819458007812
7961 8116.2512669948300754185765981674194336
7962 8116.8644245917676016688346862792968750
7963 8118.0047376532329508336260914802551270
7964 8118.4373795119554415578022599220275879
7965 8119.2871392681190627627074718475341797
7966 8119.6488622195010975701734423637390137
7967 8121.2267516667416202835738658905029297
7968 8122.3614233872212935239076614379882812
7969 8123.0106699257539730751886963844299316
7970 8124.1842786247580079361796379089355469
7971 8124.8435872850932355504482984542846680
7972 8125.5016270290816464694216847419738770
7973 8126.5295283837822353234514594078063965
7974 8126.9645511136059212731197476387023926
7975 8128.5922086868522455915808677673339844
7976 8129.0976327981006761547178030014038086
7977 8129.5019916351720894454047083854675293
7978 8130.7177357867094542598351836204528809
7979 8131.7147244862098887097090482711791992
7980 8132.8547677147907961625605821609497070
7981 8133.9528045815932273399084806442260742
7982 8134.4571410940625355578958988189697266
7983 8135.2531517857751168776303529739379883
7984 8135.9259886166400974616408348083496094
7985 8136.9585784820374101400375366210937500
7986 8137.6099424862586602102965116500854492
7987 8138.4374293086348188808187842369079590
7988 8139.5665380811278737382963299751281738
7989 8140.9507406502361845923587679862976074
7990 8141.5957501537595817353576421737670898
7991 8142.2760021087906352477148175239562988
7992 8142.8104966826358577236533164978027344
7993 8144.3585635056679166154935956001281738
7994 8144.9262961182121216552332043647766113
7995 8145.9273846544965635985136032104492188
7996 8146.2512836673358833650127053260803223
7997 8147.3755587223204202018678188323974609
7998 8148.1884058612486114725470542907714844
7999 8148.9866535241944802692160010337829590
8000 8150.7406155421213043155148625373840332
8001 8151.0266713992459699511528015136718750
8002 8152.2177283458695455919951200485229492
8003 8152.9659311009509110590443015098571777
8004 8153.4882534456282883184030652046203613
8005 8154.2729793099788366816937923431396484
8006 8155.1289339422437478788197040557861328
8007 8156.3049124292119813617318868637084961
8008 8157.1947645575419301167130470275878906
8009 8157.9815684278109984006732702255249023
8010 8158.7676386976345384027808904647827148
8011 8160.0782008697187848156318068504333496
8012 8160.9501224802643264411017298698425293
8013 8161.3461455136803124332800507545471191
8014 8162.5921405548451730282977223396301270
8015 8163.4542845011837925994768738746643066
8016 8164.1069570574236422544345259666442871
8017 8164.8702572913571202661842107772827148
8018 8165.4488185328500549076125025749206543
8019 8166.4480892253995989449322223663330078
8020 8168.2951040606840251712128520011901855
8021 8168.6684800369330332614481449127197266
8022 8169.5938360901054693385958671569824219
8023 8170.4157788482207251945510506629943848
8024 8171.0951108411354653071612119674682617
8025 8171.8235530727633886272087693214416504
8026 8173.1115339152511296560987830162048340
8027 8173.7382926464870251948013901710510254
8028 8174.3661809620753047056496143341064453
8029 8175.5316289037818933138623833656311035
8030 8176.4492134928459563525393605232238770
8031 8177.3315427376055595232173800468444824
8032 8178.1046669668012327747419476509094238
8033 8179.6903869993038824759423732757568359
8034 8180.0357523626153124496340751647949219
8035 8181.0132099237180227646604180335998535
8036 8181.2820448875754664186388254165649414
8037 8182.4301168694200896425172686576843262
8038 8183.1299903235394594958052039146423340
8039 8184.2546007192322576884180307388305664
8040 8185.0386832068779767723754048347473145
8041 8186.6052281802203651750460267066955566
8042 8187.0190861649025464430451393127441406
8043 8187.9273986531406990252435207366943359
8044 8188.6750922579649341059848666191101074
8045 8189.4580017631615191930904984474182129
8046 8190.5388597159162600291892886161804199
8047 8191.3173594992058497155085206031799316
8048 8192.3346500587176706176251173019409180
8049 8192.9954068649240070953965187072753906
8050 8193.2334107584647426847368478775024414
8051 8194.9294081645930418744683265686035156
8052 8196.0675849687177105806767940521240234
8053 8196.9483248888682282995432615280151367
8054 8197.5133540555361832957714796066284180
8055 8198.2426118519215378910303115844726562
8056 8199.5851173365263093728572130203247070
8057 8199.8847733736001828219741582870483398
8058 8200.3419521366849949117749929428100586
8059 8201.7552603535514208488166332244873047
8060 8202.8766462286657770164310932159423828
8061 8203.5292036749888211488723754882812500
8062 8204.7617293552430055569857358932495117
8063 8205.2592504465901583898812532424926758
8064 8206.2283750526294170413166284561157227
8065 8207.2811753377427521627396345138549805
8066 8208.1676074173192318994551897048950195
8067 8208.8464241452966234646737575531005859
8068 8209.5306854359987482894212007522583008
8069 8210.5103487096675962675362825393676758
8070 8211.0308887898972898256033658981323242
8071 8212.2656123901433602441102266311645508
8072 8213.2532675133588782045990228652954102
8073 8214.6687480470027367118746042251586914
8074 8215.2376250255329068750143051147460938
8075 8215.9626282620592974126338958740234375
8076 8216.5026612631190801039338111877441406
8077 8217.2680040916238795034587383270263672
8078 8218.6195732702180976048111915588378906
8079 8219.3465438559105677995830774307250977
8080 8220.0500145523510582279413938522338867
8081 8220.8528824739842093549668788909912109
8082 8222.1539334284607321023941040039062500
8083 8222.9087930884525121655315160751342773
8084 8223.8040932267540483735501766204833984
8085 8224.7830414480667968746274709701538086
8086 8225.6624845914957404602319002151489258
8087 8226.6063913333928212523460388183593750
8088 8227.0220322387212945614010095596313477
8089 8227.8980640931476955302059650421142578
8090 8228.7565919262815441470593214035034180
8091 8229.3094243925443151965737342834472656
8092 8231.3186048773932270705699920654296875
8093 8231.7520395058891153894364833831787109
8094 8232.5343975721771130338311195373535156
8095 8233.3850178892753319814801216125488281
8096 8234.4630938732043432537466287612915039
8097 8234.9404634207494382280856370925903320
8098 8235.9030777314546867273747920989990234
8099 8236.8528377208895108196884393692016602
8100 8237.6612394077455974183976650238037109
8101 8238.6438249054044717922806739807128906
8102 8239.1660994830490380991250276565551758
8103 8240.1076601642198511399328708648681641
8104 8241.8105397972431092057377099990844727
8105 8242.2629834693179873283952474594116211
8106 8243.1261252130352659150958061218261719
8107 8244.1266726032190490514039993286132812
8108 8244.5224729887049761600792407989501953
8109 8245.2919027954631019383668899536132812
8110 8246.4147503109234094154089689254760742
8111 8247.1045235783458338119089603424072266
8112 8248.1980154322627640794962644577026367
8113 8249.1822117012015951331704854965209961
8114 8250.4766405012815084774047136306762695
8115 8250.9051282662439916748553514480590820
8116 8251.5919306824362138286232948303222656
8117 8252.4959632970130769535899162292480469
8118 8253.7952618451708985958248376846313477
8119 8254.5421107003057841211557388305664062
8120 8255.2381002743386488873511552810668945
8121 8255.5190787756328063551336526870727539
8122 8256.7777149031389853917062282562255859
8123 8257.7522368635400198400020599365234375
8124 8258.9979988718732784036546945571899414
8125 8259.8685252116119954735040664672851562
8126 8260.7825027475373644847422838211059570
8127 8261.5662534880357270594686269760131836
8128 8262.0021222029536147601902484893798828
8129 8263.1688995753502240404486656188964844
8130 8263.5410483938394463621079921722412109
8131 8264.7988328796709538437426090240478516
8132 8265.8474282020106329582631587982177734
8133 8266.4591677698554121889173984527587891
8134 8267.6208022524515399709343910217285156
8135 8268.3067970409028930589556694030761719
8136 8269.2938373150755069218575954437255859
8137 8270.5973749943768780212849378585815430
8138 8271.1029889392011682502925395965576172
8139 8271.5271247605414828285574913024902344
8140 8273.0237268019154726061969995498657227
8141 8273.3590886813763063400983810424804688
8142 8274.2607490409864112734794616699218750
8143 8274.7612961818413168657571077346801758
8144 8276.5320875949946639593690633773803711
8145 8277.5505316532980941701680421829223633
8146 8278.3110449827327101957052946090698242
8147 8278.7241553354251664131879806518554688
8148 8279.6582203970683622173964977264404297
8149 8280.5766846476835780777037143707275391
8150 8281.4277338613974279724061489105224609
8151 8282.3251869053492555394768714904785156
8152 8283.3642302563930570613592863082885742
8153 8283.6827197776474349666386842727661133
8154 8284.8370591963976039551198482513427734
8155 8286.1564654504472855478525161743164062
8156 8286.6660886010613467078655958175659180
8157 8287.7365123202507675159722566604614258
8158 8288.9804359590780222788453102111816406
8159 8289.3880014568785554729402065277099609
8160 8290.1780267332833318505436182022094727
8161 8290.9412969715231156442314386367797852
8162 8291.3605923465911473613232374191284180
8163 8292.9629452364351891446858644485473633
8164 8293.5881704260245896875858306884765625
8165 8294.8468629415729083120822906494140625
8166 8295.5685173559577378910034894943237305
8167 8296.6937397235742537304759025573730469
8168 8297.2169607643008930608630180358886719
8169 8297.8470350297902768943458795547485352
8170 8299.0929308957893226761370897293090820
8171 8300.0124350905098253861069679260253906
8172 8300.5363698336004745215177536010742188
8173 8301.5054889121856831479817628860473633
8174 8302.2434785783261759206652641296386719
8175 8302.9326100642138044349849224090576172
8176 8304.5905857476609526202082633972167969
8177 8305.5876351188053376972675323486328125
8178 8306.1429162298263690900057554244995117
8179 8306.7239948282731347717344760894775391
8180 8307.7619132622239703778177499771118164
8181 8308.4226541048592480365186929702758789
8182 8309.3516842020871990825980901718139648
8183 8310.1426259385953017044812440872192383
8184 8310.8952661666808126028627157211303711
8185 8312.4878881909025949425995349884033203
8186 8313.1442113494922523386776447296142578
8187 8313.5848854352771013509482145309448242
8188 8314.9367145464639179408550262451171875
8189 8315.5089346454333281144499778747558594
8190 8316.9916972295723098795861005783081055
8191 8317.1380311390748829580843448638916016
8192 8318.2170822666921594645828008651733398
8193 8318.7593559636843565385788679122924805
8194 8319.7474364500085357576608657836914062
8195 8320.4635125627864908892661333084106445
8196 8321.8956862413542694412171840667724609
8197 8322.9959639845328638330101966857910156
8198 8323.5087881467879924457520246505737305
8199 8324.6564290503738448023796081542968750
8200 8325.3006372658637701533734798431396484
8201 8325.7087974090245552361011505126953125
8202 8326.6197382260870654135942459106445312
8203 8328.0792116327684198040515184402465820
8204 8328.7155897132397512905299663543701172
8205 8329.2713407096998707856982946395874023
8206 8330.2120489585940958932042121887207031
8207 8331.5935028431013051886111497879028320
8208 8332.2630710464072762988507747650146484
8209 8333.2376647933233471121639013290405273
8210 8334.0527267557808954734355211257934570
8211 8335.0372924758485169149935245513916016
8212 8335.6263928579537605401128530502319336
8213 8336.4618899071247142273932695388793945
8214 8337.0760407997913716826587915420532227
8215 8337.8712954184884438291192054748535156
8216 8339.2574806360134971328079700469970703
8217 8340.3937143460352672263979911804199219
8218 8341.2815549547158298082649707794189453
8219 8341.9249808050699357409030199050903320
8220 8342.3503134034326649270951747894287109
8221 8343.6491017068547080270946025848388672
8222 8344.6616388180664216633886098861694336
8223 8345.0530081423421506769955158233642578
8224 8346.0831128275276569183915853500366211
8225 8346.9634633389287046156823635101318359
8226 8347.7100967441547254566103219985961914
8227 8348.7475598997152701485902070999145508
8228 8349.5349791745575203094631433486938477
8229 8351.1344219107522803824394941329956055
8230 8351.6615476390143157914280891418457031
8231 8352.4171200140626751817762851715087891
8232 8352.9580735875933896750211715698242188
8233 8353.8456089529900054913014173507690430
8234 8354.9185493194418086204677820205688477
8235 8355.2689139084941416513174772262573242
8236 8356.9040409146218735259026288986206055
8237 8357.3174713838561729062348604202270508
8238 8358.6194258191972039639949798583984375
8239 8359.6584072490368271246552467346191406
8240 8359.9707654319608991499990224838256836
8241 8361.0736253443465102463960647583007812
8242 8361.8540992638627358246594667434692383
8243 8362.9102696019726863596588373184204102
8244 8363.8965840485361695755273103713989258
8245 8364.2703128194043529219925403594970703
8246 8364.9216543769980489742010831832885742
8247 8365.8424618324243056122213602066040039
8248 8367.5702028810155752580612897872924805
8249 8368.3001710285570879932492971420288086
8250 8368.9241927382936410140246152877807617
8251 8369.9805165561701869592070579528808594
8252 8370.7742597591677622403949499130249023
8253 8371.3080435876509000081568956375122070
8254 8372.0875744030236091930419206619262695
8255 8373.1474455030802346300333738327026367
8256 8374.0764605058575398288667201995849609
8257 8374.9675121394466259516775608062744141
8258 8375.8435753060512070078402757644653320
8259 8376.9647853624992421828210353851318359
8260 8377.3918866447020263876765966415405273
8261 8378.8500005061214324086904525756835938
8262 8379.4656012943378300406038761138916016
8263 8380.5562289653098559938371181488037109
8264 8380.9661545054404996335506439208984375
8265 8381.5640902397681202273815870285034180
8266 8382.9055007666356686968356370925903320
8267 8383.4026905490718490909785032272338867
8268 8384.2432648228095786180347204208374023
8269 8386.0208663464072742499411106109619141
8270 8386.7167730073124403133988380432128906
8271 8387.2403285707296163309365510940551758
8272 8388.1998275586884119547903537750244141
8273 8388.6355380685090494807809591293334961
8274 8389.7851944100948458071798086166381836
8275 8391.0430452028595027513802051544189453
8276 8391.3457695440592942759394645690917969
8277 8392.2026090077233675401657819747924805
8278 8393.2533834592213679570704698562622070
8279 8394.0487470022162597160786390304565430
8280 8395.2581539381026232149451971054077148
8281 8396.2381832239152572583407163619995117
8282 8396.9567264431352668907493352890014648
8283 8397.8015386014667456038296222686767578
8284 8398.7407157606212422251701354980468750
8285 8399.5251525537969428114593029022216797
8286 8399.7332799260511819738894701004028320
8287 8400.7900296144034655299037694931030273
8288 8402.0712494584477099124342203140258789
8289 8403.2871328004002862144261598587036133
8290 8403.8144348461719346232712268829345703
8291 8404.7392894232834805734455585479736328
8292 8405.7051954130947706289589405059814453
8293 8406.5693554209647118113934993743896484
8294 8407.0848633859786787070333957672119141
8295 8408.3315131084964377805590629577636719
8296 8408.9287363262737926561385393142700195
8297 8410.1024790575975202955305576324462891
8298 8410.3652412912888394203037023544311523
8299 8411.2543842602899530902504920959472656
8300 8412.6341418232696014456450939178466797
8301 8413.6809793530155729968100786209106445
8302 8414.7834507459265296347439289093017578
8303 8415.4034996170630620326846837997436523
8304 8415.7232543524587526917457580566406250
8305 8416.8381299531210970599204301834106445
8306 8417.5565274447726551443338394165039062
8307 8418.5272392100487195421010255813598633
8308 8419.5691090998407162260264158248901367
8309 8420.0052490428679448086768388748168945
8310 8421.5083902190490334760397672653198242
8311 8422.3785275558839202858507633209228516
8312 8423.2406478892844461370259523391723633
8313 8423.3890640719473594799637794494628906
8314 8425.2509716753738757688552141189575195
8315 8425.8397292128720437176525592803955078
8316 8426.2874675645216484554111957550048828
8317 8427.2833488968863093759864568710327148
8318 8428.0185731756828317884355783462524414
8319 8428.6248300156585173681378364562988281
8320 8429.9958557079771708231419324874877930
8321 8431.1770005946455057710409164428710938
8322 8431.9553605001747200731188058853149414
8323 8432.9759589581699401605874300003051758
8324 8433.3124804603903612587600946426391602
8325 8434.4154214191803475841879844665527344
8326 8435.0581373456261644605547189712524414
8327 8435.8113853381473745685070753097534180
8328 8437.0439238285289320629090070724487305
8329 8437.8907705999590689316391944885253906
8330 8438.5815088082854344975203275680541992
8331 8439.2804538172931643202900886535644531
8332 8440.6224956652586115524172782897949219
8333 8441.6808755529091286007314920425415039
8334 8442.3425486139749409630894660949707031
8335 8443.1843757341302989516407251358032227
8336 8443.8593587070317880716174840927124023
8337 8445.0195507903808902483433485031127930
8338 8445.3437430895828583743423223495483398
8339 8446.1863497481717786286026239395141602
8340 8447.0970122648432152345776557922363281
8341 8448.6341766497134813107550144195556641
8342 8449.4960189376906782854348421096801758
8343 8450.1704508191178319975733757019042969
8344 8451.0110513512809120584279298782348633
8345 8451.6723547375841008033603429794311523
8346 8452.5267875144963909406214952468872070
8347 8453.8405443686497164890170097351074219
8348 8454.3855937697444460354745388031005859
8349 8455.1291147309348161797970533370971680
8350 8455.6822013788732874672859907150268555
8351 8457.2569338371249614283442497253417969
8352 8457.5849566195611259900033473968505859
8353 8459.0779029261429968755692243576049805
8354 8459.8173177443095482885837554931640625
8355 8460.9138889737514546141028404235839844
8356 8461.5628675542138807941228151321411133
8357 8462.0698861808596120681613683700561523
8358 8462.6465791532464209012687206268310547
8359 8463.8994998636699165217578411102294922
8360 8464.8785424959569354541599750518798828
8361 8465.5375104823724541347473859786987305
8362 8466.8263360017044760752469301223754883
8363 8467.6356301911655464209616184234619141
8364 8468.4443071114401391241699457168579102
8365 8469.2418667985475622117519378662109375
8366 8470.2854620423495362047106027603149414
8367 8470.8555679906057775951921939849853516
8368 8472.1067566865276603493839502334594727
8369 8472.5815937529660004656761884689331055
8370 8473.4221426205986062996089458465576172
8371 8474.1789867926636361517012119293212891
8372 8474.8403203804809891153126955032348633
8373 8476.9046648268740682397037744522094727
8374 8477.3886940189404413104057312011718750
8375 8477.9218611161704757250845432281494141
8376 8478.8428168562677456066012382507324219
8377 8479.7215180245220835786312818527221680
8378 8480.4980985189104103483259677886962891
8379 8481.3019176851012161932885646820068359
8380 8481.9877571129654825199395418167114258
8381 8483.4823146247399563435465097427368164
8382 8483.7093651459217653609812259674072266
8383 8485.1343155419926915783435106277465820
8384 8485.7315959007501078303903341293334961
8385 8486.6955243818702001590281724929809570
8386 8487.7944941068890329916030168533325195
8387 8488.6924187556760443840175867080688477
8388 8489.3358437842325656674802303314208984
8389 8490.0356113220223051030188798904418945
8390 8490.8007057685135805513709783554077148
8391 8491.5074546868709148839116096496582031
8392 8492.5964870303032512310892343521118164
8393 8493.8235746794489386957138776779174805
8394 8494.5520179850864224135875701904296875
8395 8496.0298503369813261087983846664428711
8396 8496.2900021099812875036150217056274414
8397 8497.0538866352908371482044458389282227
8398 8497.6373561837099259719252586364746094
8399 8498.9550654263257456477731466293334961
8400 8499.8485380152851575985550880432128906
8401 8500.5876232286027516238391399383544922
8402 8501.3027553552929020952433347702026367
8403 8501.9085447746983845718204975128173828
8404 8503.5282254400663077831268310546875000
8405 8504.0888735478001763112843036651611328
8406 8505.2635130631715583149343729019165039
8407 8506.1844669126840017270296812057495117
8408 8506.6556301896744116675108671188354492
8409 8507.5684305545619281474500894546508789
8410 8508.3418390774459112435579299926757812
8411 8509.2050926024749060161411762237548828
8412 8509.6051680970049346797168254852294922
8413 8511.1681811307971656788140535354614258
8414 8512.2372989140494610182940959930419922
8415 8513.1805041079242073465138673782348633
8416 8513.4283667617310129571706056594848633
8417 8514.6031224365287926048040390014648438
8418 8515.5103061465779319405555725097656250
8419 8516.5207108491194958332926034927368164
8420 8517.0667933465265377890318632125854492
8421 8517.8369125006793183274567127227783203
8422 8518.9942292820414877496659755706787109
8423 8519.5432420384240685962140560150146484
8424 8520.2041928272519726306200027465820312
8425 8521.6985294402547879144549369812011719
8426 8522.8834614290863100904971361160278320
8427 8523.5817660599968803580850362777709961
8428 8524.0729600509803276509046554565429688
8429 8525.1927407354560273233801126480102539
8430 8525.5801458624118822626769542694091797
8431 8526.3849670599629462230950593948364258
8432 8527.8012855300548835657536983489990234
8433 8528.3352797601910424418747425079345703
8434 8529.1657252997138130012899637222290039
8435 8530.3920885223014920484274625778198242
8436 8531.2159694699585088528692722320556641
8437 8532.3116480508251697756350040435791016
8438 8532.6107074116844160016626119613647461
8439 8533.7801944970851764082908630371093750
8440 8535.0421506710808898787945508956909180
8441 8535.4674500741020892746746540069580078
8442 8536.0333100515854312106966972351074219
8443 8536.7496641105935850646346807479858398
8444 8537.7783739747173967771232128143310547
8445 8539.0571182466192112769931554794311523
8446 8540.1925957799139723647385835647583008
8447 8540.9666494948178296908736228942871094
8448 8541.5399826813081745058298110961914062
8449 8542.5653924438665853813290596008300781
8450 8543.3390963793499395251274108886718750
8451 8543.7515195593405223917216062545776367
8452 8545.3033339630273985676467418670654297
8453 8545.6181223336679977364838123321533203
8454 8546.6914913917826197575777769088745117
8455 8547.7091081098151335027068853378295898
8456 8548.3803883302534813992679119110107422
8457 8549.3054957476306299213320016860961914
8458 8550.7422651405904616694897413253784180
8459 8551.4511838362996059004217386245727539
8460 8552.0368470844223338644951581954956055
8461 8552.7046886634161637630313634872436523
8462 8553.6576952022078330628573894500732422
8463 8554.5400351778371259570121765136718750
8464 8555.1295486032759072259068489074707031
8465 8556.0622090532560832798480987548828125
8466 8557.5270267658852390013635158538818359
8467 8558.6126561174205562565475702285766602
8468 8558.9234607647667871788144111633300781
8469 8559.9601241518903407268226146697998047
8470 8560.4261669616753351874649524688720703
8471 8561.8005409789911936968564987182617188
8472 8562.3548294265892764087766408920288086
8473 8563.5825110669065907131880521774291992
8474 8563.9103927091709920205175876617431641
8475 8564.7573827230080496519804000854492188
8476 8565.6187437135376967489719390869140625
8477 8567.2046070923497609328478574752807617
8478 8567.7445397027368017006665468215942383
8479 8568.7467483851578435860574245452880859
8480 8569.6952309975313255563378334045410156
8481 8570.4731443194941675756126642227172852
8482 8570.9462156616318679880350828170776367
8483 8571.8188963249704102054238319396972656
8484 8572.4264648402677266858518123626708984
8485 8573.8829347826431330759078264236450195
8486 8574.9130033511828514747321605682373047
8487 8575.1759688154706964269280433654785156
8488 8576.7089347018118132837116718292236328
8489 8577.3987021167522470932453870773315430
8490 8577.9712468117577373050153255462646484
8491 8579.2369010330039600376039743423461914
8492 8579.9179642446797515731304883956909180
8493 8580.7020039006565639283508062362670898
8494 8581.5563547588135406840592622756958008
8495 8582.2967367439086956437677145004272461
8496 8582.9824263965128920972347259521484375
8497 8583.9130213932839978951960802078247070
8498 8585.6514632117723522242158651351928711
8499 8586.1748340707563329488039016723632812
8500 8587.1973211284494027495384216308593750
8501 8587.7112884994457999709993600845336914
8502 8588.0948524655468645505607128143310547
8503 8589.6424767321004765108227729797363281
8504 8590.1271883091103518381714820861816406
8505 8591.0955672881136706564575433731079102
8506 8591.8037923158080957364290952682495117
8507 8592.9209017293687793426215648651123047
8508 8594.0557486717298161238431930541992188
8509 8594.5020623685268219560384750366210938
8510 8595.5509094675689993891865015029907227
8511 8596.7872411670068686362355947494506836
8512 8597.3844987115226103924214839935302734
8513 8598.2300722969193884637206792831420898
8514 8599.0068129177998343948274850845336914
8515 8599.4317806091130478307604789733886719
8516 8600.4955183203273918479681015014648438
8517 8601.3361630436666018795222043991088867
8518 8602.8009306199273851234465837478637695
8519 8603.6671580642578192055225372314453125
8520 8604.2048757537158962804824113845825195
8521 8605.3720377285499125719070434570312500
8522 8606.0650117566619883291423320770263672
8523 8606.5968470045190770179033279418945312
8524 8607.4695841130705957766622304916381836
8525 8608.8740543286294268909841775894165039
8526 8609.4765764387921080924570560455322266
8527 8609.9699466373822360765188932418823242
8528 8610.9005491872449056245386600494384766
8529 8612.0072410615211992990225553512573242
8530 8613.3490925168080138973891735076904297
8531 8614.1535304585413541644811630249023438
8532 8614.5702976481516088824719190597534180
8533 8615.7789907376827613916248083114624023
8534 8616.3341453197645023465156555175781250
8535 8617.1704233199416194111108779907226562
8536 8617.6823880886404367629438638687133789
8537 8619.0046102487503958400338888168334961
8538 8619.6100752925267443060874938964843750
8539 8621.1543309746339218690991401672363281
8540 8621.9526501403233851306140422821044922
8541 8622.3903147784512839280068874359130859
8542 8623.2846037282870383933186531066894531
8543 8624.2200965592310240026563405990600586
8544 8625.4810700403286318760365247726440430
8545 8626.0165831814665580168366432189941406
8546 8626.5700470393494470044970512390136719
8547 8627.4694404949696036055684089660644531
8548 8628.4317483638114936184138059616088867
8549 8629.2768439549654431175440549850463867
8550 8630.3307997282317955978214740753173828
8551 8631.6694654596612963359802961349487305
8552 8632.3987935535515134688466787338256836
8553 8633.0719143590140447486191987991333008
8554 8633.5913932840776396915316581726074219
8555 8634.5927560772615834139287471771240234
8556 8635.2069217338721500709652900695800781
8557 8636.4398656805569771677255630493164062
8558 8637.1875639437203062698245048522949219
8559 8638.1508056085258431266993284225463867
8560 8638.9290262217364215757697820663452148
8561 8640.0567397505838016513735055923461914
8562 8640.9308588195453921798616647720336914
8563 8641.6569607314995664637535810470581055
8564 8642.6434227706413366831839084625244141
8565 8643.4544872057413158472627401351928711
8566 8644.1664941331036970950663089752197266
8567 8645.3148908160437713377177715301513672
8568 8645.6295387894715531729161739349365234
8569 8646.0216720182725111953914165496826172
8570 8648.1808176444574201013892889022827148
8571 8648.7746191475125669967383146286010742
8572 8649.7808808201698411721736192703247070
8573 8650.2394609367802331689745187759399414
8574 8651.3755776657962996978312730789184570
8575 8651.8684837866894667968153953552246094
8576 8652.8615343667188426479697227478027344
8577 8653.7785768769390415400266647338867188
8578 8654.5010993699870596174150705337524414
8579 8655.6473999517293123062700033187866211
8580 8656.0727104302095540333539247512817383
8581 8657.3388007187204493675380945205688477
8582 8658.2221074489279999397695064544677734
8583 8659.0654638500163855496793985366821289
8584 8660.4647495882854855153709650039672852
8585 8660.8949851667166512925177812576293945
8586 8661.4691788189411454368382692337036133
8587 8662.1860653500116313807666301727294922
8588 8663.1608749125043686944991350173950195
8589 8664.0682050477844313718378543853759766
8590 8664.9332778077659895643591880798339844
8591 8666.0082967372582061216235160827636719
8592 8667.2320347324712201952934265136718750
8593 8668.1062662513213581405580043792724609
8594 8668.3755331654938345309346914291381836
8595 8669.3175043185001413803547620773315430
8596 8670.2334462370054097846150398254394531
8597 8671.6391278469636745285242795944213867
8598 8671.8200916820605925749987363815307617
8599 8672.7768070573802106082439422607421875
8600 8673.5240061746189894620329141616821289
8601 8674.3492019088043889496475458145141602
8602 8675.5961201211430307012051343917846680
8603 8676.9242810532196017447859048843383789
8604 8677.5193679619260365143418312072753906
8605 8677.9877466824073053430765867233276367
8606 8679.2912783200117701198905706405639648
8607 8679.7486573931528255343437194824218750
8608 8680.5840514073643134906888008117675781
8609 8681.1618527091377472970634698867797852
8610 8682.3858659516045008786022663116455078
8611 8683.5012239648931426927447319030761719
8612 8684.3451381726299587171524763107299805
8613 8685.1625768113335652742534875869750977
8614 8685.7912598928087390959262847900390625
8615 8687.1896990285240462981164455413818359
8616 8687.7773640465238713659346103668212891
8617 8688.4790572192432591691613197326660156
8618 8689.5513351884656003676354885101318359
8619 8690.3648180471936939284205436706542969
8620 8690.6627977209172968287020921707153320
8621 8691.9262267864760360680520534515380859
8622 8692.5231782578230195213109254837036133
8623 8694.2284133441571611911058425903320312
8624 8694.9022893623405252583324909210205078
8625 8695.9050932429890963248908519744873047
8626 8696.2583146078322897665202617645263672
8627 8697.3365112642641179263591766357421875
8628 8697.6104855791782028973102569580078125
8629 8699.0912196542194578796625137329101562
8630 8699.9364263520292297471314668655395508
8631 8700.5975218965286330785602331161499023
8632 8701.1611575619863288011401891708374023
8633 8702.8042548196899588219821453094482422
8634 8703.4171009639503608923405408859252930
8635 8704.0793322227946191560477018356323242
8636 8705.3188103689644776750355958938598633
8637 8706.1546507475686667021363973617553711
8638 8707.0052365085757628548890352249145508
8639 8707.5975377979593758936971426010131836
8640 8708.1138723717267566826194524765014648
8641 8709.1596937561116646975278854370117188
8642 8709.9493651594784751068800687789916992
8643 8711.4502944590894912835210561752319336
8644 8712.2753994240956672001630067825317383
8645 8712.9867206652161257807165384292602539
8646 8714.0309540403504797723144292831420898
8647 8714.3665029111616604495793581008911133
8648 8715.5857800113481061998754739761352539
8649 8716.3564270469469192903488874435424805
8650 8717.0035153185963281430304050445556641
8651 8718.1398540016343758907169103622436523
8652 8719.0902508612089150119572877883911133
8653 8719.3825540360958257224410772323608398
8654 8720.4478933318532654084265232086181641
8655 8721.9749422164641146082431077957153320
8656 8722.7557214894040953367948532104492188
8657 8723.5990988002813537605106830596923828
8658 8724.1081982776231598109006881713867188
8659 8724.8596761536828125827014446258544922
8660 8725.9567615941159601788967847824096680
8661 8726.5368421223829500377178192138671875
8662 8727.2537736297963419929146766662597656
8663 8728.4988008858417742885649204254150391
8664 8729.6280070228531258180737495422363281
8665 8730.3228929231372603680938482284545898
8666 8731.4748283414010074920952320098876953
8667 8731.8798022345072240568697452545166016
8668 8732.6233775254549982491880655288696289
8669 8734.0813982040926930494606494903564453
8670 8734.6759737705906445626169443130493164
8671 8735.4145864495403657201677560806274414
8672 8736.0800912877093651331961154937744141
8673 8736.7676587958485470153391361236572266
8674 8737.8865996755594096612185239791870117
8675 8739.3895082361086679156869649887084961
8676 8739.7148144310194766148924827575683594
8677 8741.1124957813481159973889589309692383
8678 8741.6833257207908900454640388488769531
8679 8742.5255104735406348481774330139160156
8680 8742.9971179565436614211648702621459961
8681 8743.7490488801959145348519086837768555
8682 8745.0538271183941105846315622329711914
8683 8745.9771613245357002597302198410034180
8684 8746.4435325134654704015702009201049805
8685 8747.8073084595671389251947402954101562
8686 8748.3845707850305188912898302078247070
8687 8749.5164234647054399829357862472534180
8688 8750.3300865927521954290568828582763672
8689 8751.3464307453868968877941370010375977
8690 8751.9991408469177258666604757308959961
8691 8752.6727634832677722442895174026489258
8692 8753.7754897986196738202124834060668945
8693 8754.2589072463561024051159620285034180
8694 8755.0091761912735819350928068161010742
8695 8756.0438311331272416282445192337036133
8696 8757.9030520027517923153936862945556641
8697 8758.3301095269671350251883268356323242
8698 8758.8066865708497061859816312789916992
8699 8759.5919814326225605327636003494262695
8700 8760.7977605834166752174496650695800781
8701 8761.3356516997591825202107429504394531
8702 8762.3288903578322788234800100326538086
8703 8763.3964693631678528618067502975463867
8704 8763.6556863627083657775074243545532227
8705 8765.0058656255023379344493150711059570
8706 8765.7411316252473625354468822479248047
8707 8766.7092745113441196735948324203491211
8708 8767.7978928525371884461492300033569336
8709 8768.8004004182912467513233423233032227
8710 8769.3713081304194929543882608413696289
8711 8770.3210689211191493086516857147216797
8712 8771.0296912624180549755692481994628906
8713 8771.3963672877725912258028984069824219
8714 8772.4137890341844467911869287490844727
8715 8773.8925638459004403557628393173217773
8716 8774.3369216662285907659679651260375977
8717 8775.6436654547724174335598945617675781
8718 8776.4128270480905484873801469802856445
8719 8777.3254776945068442728370428085327148
8720 8778.0167542187482467852532863616943359
8721 8778.5475014387993724085390567779541016
8722 8779.8741524615797970909625291824340820
8723 8780.7510487579056643880903720855712891
8724 8781.3998429224157007411122322082519531
8725 8781.9994051129106082953512668609619141
8726 8782.7635327889402105938643217086791992
8727 8784.0981804100447334349155426025390625
8728 8785.3490056381378963124006986618041992
8729 8786.0014169013556966092437505722045898
8730 8786.9257237131714646238833665847778320
8731 8787.5165332168508030008524656295776367
8732 8788.2341238985427480656653642654418945
8733 8789.1667045684625918511301279067993164
8734 8790.0559128563691047020256519317626953
8735 8790.6053729850646050181239843368530273
8736 8791.8657500410154170822352170944213867
8737 8792.9381153209178592078387737274169922
8738 8793.7480875195324188098311424255371094
8739 8794.5282106919512443710118532180786133
8740 8795.1021945127686194609850645065307617
8741 8796.6053485260708839632570743560791016
8742 8797.2813391616982698906213045120239258
8743 8797.9334690269060956779867410659790039
8744 8798.4597115782598848454654216766357422
8745 8799.6275664643180789425969123840332031
8746 8800.4027908895805012434720993041992188
8747 8800.8753358012691023759543895721435547
8748 8802.6339579155064711812883615493774414
8749 8803.4282438708214613143354654312133789
8750 8804.2204721213820448610931634902954102
8751 8805.1711867607373278588056564331054688
8752 8805.5994355692128010559827089309692383
8753 8806.2725407167017692700028419494628906
8754 8807.4887487940650316886603832244873047
8755 8808.2233138074479938950389623641967773
8756 8809.4135001990216551348567008972167969
8757 8809.8494777915875602047890424728393555
8758 8810.6026474437639990355819463729858398
8759 8812.1677746189125173259526491165161133
8760 8812.7257148912904085591435432434082031
8761 8813.8321627711302426178008317947387695
8762 8814.3112777828064281493425369262695312
8763 8815.5948932067331043072044849395751953
8764 8816.3336864644879824481904506683349609
8765 8816.5979021932653267867863178253173828
8766 8817.6045283731727977283298969268798828
8767 8818.2670421907569107133895158767700195
8768 8819.8232574638204823713749647140502930
8769 8820.8319837435083172749727964401245117
8770 8821.4280624106504546944051980972290039
8771 8822.4382315760922210756689310073852539
8772 8822.9824393202579813078045845031738281
8773 8823.9263244449975900352001190185546875
8774 8824.8215966036659665405750274658203125
8775 8825.7470641029358375817537307739257812
8776 8826.4712868828719365410506725311279297
8777 8827.1963443976710550487041473388671875
8778 8828.1269000813808816019445657730102539
8779 8829.2008530094572051893919706344604492
8780 8829.7573440659143670927733182907104492
8781 8831.4762740248261252418160438537597656
8782 8832.0959034365223487839102745056152344
8783 8832.6677333604311570525169372558593750
8784 8833.3532725396144087426364421844482422
8785 8834.2273338658051216043531894683837891
8786 8834.8987484445387963205575942993164062
8787 8836.1749407682982564438134431838989258
8788 8836.6234453374454460572451353073120117
8789 8837.7764477944874670356512069702148438
8790 8839.1038787056131695862859487533569336
8791 8839.7864523071984876878559589385986328
8792 8840.1838488334506109822541475296020508
8793 8841.4019300175568787381052970886230469
8794 8842.1864292130267131142318248748779297
8795 8843.0852979952760506421327590942382812
8796 8844.2098956900663324631750583648681641
8797 8844.4212805467541329562664031982421875
8798 8845.3990461396351747680455446243286133
8799 8845.9290675892407307401299476623535156
8800 8847.5299708007223671302199363708496094
8801 8848.6647585043865547049790620803833008
8802 8849.2930120357086707372218370437622070
8803 8849.9408593540101719554513692855834961
8804 8850.9686661690757318865507841110229492
8805 8851.9063434068884816952049732208251953
8806 8852.1492916468596376944333314895629883
8807 8853.0230701162690820638090372085571289
8808 8854.5582512916626001242548227310180664
8809 8854.9555512044535134918987751007080078
8810 8856.0799453398612968157976865768432617
8811 8856.7345238422931288368999958038330078
8812 8857.9630647686935844831168651580810547
8813 8858.6809996762895025312900543212890625
8814 8859.6934947367590211797505617141723633
8815 8860.6754963923849572893232107162475586
8816 8861.0466955131669237744063138961791992
8817 8861.9748599806116544641554355621337891
8818 8862.8086511483124922960996627807617188
8819 8863.4983570046715612988919019699096680
8820 8864.3780039770572329871356487274169922
8821 8865.7538193853397388011217117309570312
8822 8866.7912013273780758026987314224243164
8823 8867.7537873457040404900908470153808594
8824 8868.0922702040988951921463012695312500
8825 8868.7509670267827459610998630523681641
8826 8869.6919048366180504672229290008544922
8827 8871.0781810495464014820754528045654297
8828 8871.6899209773582697380334138870239258
8829 8872.0054326729186868760734796524047852
8830 8873.2979809041280532255768775939941406
8831 8874.0500595797348069027066230773925781
8832 8875.1728143010186613537371158599853516
8833 8876.1228386072180001065135002136230469
8834 8876.8900606552888348232954740524291992
8835 8878.2895746619760757312178611755371094
8836 8878.4808784542801731731742620468139648
8837 8879.1756095594864746090024709701538086
8838 8880.3437820170365739613771438598632812
8839 8880.6216683744714828208088874816894531
8840 8881.7260781565310026053339242935180664
8841 8883.0287412232937640510499477386474609
8842 8884.1657496625521162059158086776733398
8843 8884.4466846547875320538878440856933594
8844 8885.6023053645949403289705514907836914
8845 8886.5841815747844520956277847290039062
8846 8887.0586662792229617480188608169555664
8847 8888.1469566533451143186539411544799805
8848 8888.8311966842411493416875600814819336
8849 8889.9529961936095787677913904190063477
8850 8890.5379482472671952564269304275512695
8851 8891.3067370700446190312504768371582031
8852 8891.8743794079528015572577714920043945
8853 8893.6848404070296965073794126510620117
8854 8894.6044731870024406816810369491577148
8855 8895.0382027261330222245305776596069336
8856 8896.1033366177289281040430068969726562
8857 8896.5313230097126506734639406204223633
8858 8897.6734938845693250186741352081298828
8859 8898.0515071461850311607122421264648438
8860 8899.3027244917320786044001579284667969
8861 8900.1269467828460619784891605377197266
8862 8900.8548759942132164724171161651611328
8863 8902.2437650150604895316064357757568359
8864 8903.0544871565616631414741277694702148
8865 8903.4534229249584313947707414627075195
8866 8904.4976393246688530780375003814697266
8867 8905.7800575100591231603175401687622070
8868 8906.3347224956523859873414039611816406
8869 8907.2964393734218901954591274261474609
8870 8907.6204881294252118095755577087402344
8871 8908.3658654224273050203919410705566406
8872 8909.7146697946009226143360137939453125
8873 8910.4289895299189083743840456008911133
8874 8911.7565172780996363144367933273315430
8875 8912.7173433491589094046503305435180664
8876 8913.3249730048046330921351909637451172
8877 8914.1111168152274331077933311462402344
8878 8914.7411889158029225654900074005126953
8879 8915.6238037154107587411999702453613281
8880 8916.5141784416773589327931404113769531
8881 8917.6780782026035012677311897277832031
8882 8918.3021686084102839231491088867187500
8883 8918.9173030230085714720189571380615234
8884 8920.2762871497507148887962102890014648
8885 8920.8074249523924663662910461425781250
8886 8922.3483293253193551208823919296264648
8887 8922.9629862620313360821455717086791992
8888 8923.4303690779743192251771688461303711
8889 8924.4521248953096801415085792541503906
8890 8925.4695346074367989785969257354736328
8891 8925.9138618801189295481890439987182617
8892 8926.5906713613439933396875858306884766
8893 8927.5439102466370968613773584365844727
8894 8929.2993238354429195169359445571899414
8895 8929.8086790321649459656327962875366211
8896 8930.6221842679624387528747320175170898
8897 8931.3608536469437240157276391983032227
8898 8932.1515321051774662919342517852783203
8899 8933.1615568674278620164841413497924805
8900 8934.0235896322483313269913196563720703
8901 8934.7499252048110065516084432601928711
8902 8935.6846039728734467644244432449340820
8903 8936.2537649827827408444136381149291992
8904 8937.1981567158763937186449766159057617
8905 8938.3460354611524962820112705230712891
8906 8939.3081819315957545768469572067260742
8907 8940.2902497960385517217218875885009766
8908 8941.1815721962557290680706501007080078
8909 8942.0477121233125217258930206298828125
8910 8942.4740712399470794480293989181518555
8911 8942.9017974056041566655039787292480469
8912 8944.3155014939547982066869735717773438
8913 8945.0563848234014585614204406738281250
8914 8946.1569521708952379412949085235595703
8915 8946.7895464607099711429327726364135742
8916 8948.0948660780632053501904010772705078
8917 8948.8712029694979719351977109909057617
8918 8949.6591750490333652123808860778808594
8919 8950.0854385196544171776622533798217773
8920 8951.6795852201139496173709630966186523
8921 8952.1321463337662862613797187805175781
8922 8952.9105703096865909174084663391113281
8923 8953.6631406179840269032865762710571289
8924 8954.5702662155417783651500940322875977
8925 8955.0211059999382996466010808944702148
8926 8956.9040860717759642284363508224487305
8927 8957.7197645081396331079304218292236328
8928 8958.3296131288152537308633327484130859
8929 8959.0839160327450372278690338134765625
8930 8959.8725299143698066473007202148437500
8931 8960.7574659999190771486610174179077148
8932 8961.5142775840140529908239841461181641
8933 8962.3760984545479004736989736557006836
8934 8963.1225953004213806707412004470825195
8935 8964.5017688783191260881721973419189453
8936 8965.0423227271567157004028558731079102
8937 8965.9091326979032601229846477508544922
8938 8966.8318525899885571561753749847412109
8939 8968.0831426296172139700502157211303711
8940 8968.7308309050240495707839727401733398
8941 8969.5768134393183572683483362197875977
8942 8970.1564603757615259382873773574829102
8943 8971.0081444923489470966160297393798828
8944 8971.9003416104351344984024763107299805
8945 8972.3984753038421331439167261123657227
8946 8973.8278889709799841511994600296020508
8947 8974.7795447854077792726457118988037109
8948 8976.0468134396542154718190431594848633
8949 8976.3397481301653897389769554138183594
8950 8977.2677543490135576575994491577148438
8951 8978.1391577554422838147729635238647461
8952 8978.4848559678575838916003704071044922
8953 8980.1050351117810350842773914337158203
8954 8980.7899752032863034401088953018188477
8955 8981.3645983306741982232779264450073242
8956 8981.8938094600016484037041664123535156
8957 8983.2980168584581406321376562118530273
8958 8984.4584703853724931832402944564819336
8959 8984.9769276209590316284447908401489258
8960 8986.2781435748402145691215991973876953
8961 8986.7656384818656079005450010299682617
8962 8987.7087631560680165421217679977416992
8963 8988.5132437238098646048456430435180664
8964 8988.9361796070807031355798244476318359
8965 8989.7372466805900330655276775360107422
8966 8991.1436471876186260487884283065795898
8967 8991.8472224244469543918967247009277344
8968 8993.2065226687882386613637208938598633
8969 8993.8438722871396748814731836318969727
8970 8994.2852968953739036805927753448486328
8971 8995.4380884586134925484657287597656250
8972 8996.5200602363329380750656127929687500
8973 8997.0257378792084637098014354705810547
8974 8997.9675717333921056706458330154418945
8975 8998.6488995037689164746552705764770508
8976 8999.7187279720710648689419031143188477
8977 9000.2434069792470836546272039413452148
8978 9001.1294053373494534753262996673583984
8979 9002.6237769706749531906098127365112305
8980 9003.8736773440650722477585077285766602
8981 9004.0521780814924568403512239456176758
8982 9004.8051113316978444345295429229736328
8983 9005.6067971899319672957062721252441406
8984 9006.5656306838245654944330453872680664
8985 9007.2607561429686029441654682159423828
8986 9008.3047030568923219107091426849365234
8987 9009.0700753130731754936277866363525391
8988 9010.0889629114280978683382272720336914
8989 9011.0335042337610502727329730987548828
8990 9012.0422840061437455005943775177001953
8991 9012.6444534607326204422861337661743164
8992 9013.5510211192995484452694654464721680
8993 9014.5652297562373860273510217666625977
8994 9015.5966870956690399907529354095458984
8995 9015.9779333263795706443488597869873047
8996 9016.8140198568435152992606163024902344
8997 9017.3451600832486292347311973571777344
8998 9018.4244755987383541651070117950439453
8999 9020.0724935960497532505542039871215820
9000 9020.6460171278122288640588521957397461
9001 9021.2570368918495660182088613510131836
9002 9022.7459346097057277802377939224243164
9003 9022.9654881283604481723159551620483398
9004 9023.5651936924514302518218755722045898
9005 9024.6672459221081226132810115814208984
9006 9025.6285594905020843725651502609252930
9007 9026.5217139584783581085503101348876953
9008 9027.2315047736010455992072820663452148
9009 9028.1068364630773430690169334411621094
9010 9028.9870813427405664697289466857910156
9011 9030.1476319487301225308328866958618164
9012 9031.0329767972434638068079948425292969
9013 9032.1497387080125918146222829818725586
9014 9032.4442584563548734877258539199829102
9015 9033.5157205937175604049116373062133789
9016 9033.8540348202150198630988597869873047
9017 9035.1689493004669202491641044616699219
9018 9035.7490589440603798720985651016235352
9019 9036.4293066559512226376682519912719727
9020 9038.3022104965966718737035989761352539
9021 9038.7447982793055416550487279891967773
9022 9039.7731787734919635113328695297241211
9023 9040.1402089745242847129702568054199219
9024 9040.9754912689386401325464248657226562
9025 9042.3138659131145686842501163482666016
9026 9043.0194211674242978915572166442871094
9027 9043.6107728628230688627809286117553711
9028 9044.6180712019631755538284778594970703
9029 9045.1085909796638588886708021163940430
9030 9046.3150296919266111217439174652099609
9031 9047.1788988996522675734013319015502930
9032 9048.5885544388111156877130270004272461
9033 9049.0879378213794552721083164215087891
9034 9049.9927148214519547764211893081665039
9035 9050.8822054788215609733015298843383789
9036 9051.4285089954064460471272468566894531
9037 9052.2243395161895023193210363388061523
9038 9052.7554172290183487348258495330810547
9039 9054.4001067552635504398494958877563477
9040 9054.9312641095275466796010732650756836
9041 9055.9052406374685233458876609802246094
9042 9056.7853520117860171012580394744873047
9043 9057.9302884418721077963709831237792969
9044 9058.3527314622333506122231483459472656
9045 9059.6952020539174554869532585144042969
9046 9059.9015506083160289563238620758056641
9047 9061.2610103570768842473626136779785156
9048 9062.0103756181706557981669902801513672
9049 9062.5566410043284122366458177566528320
9050 9063.0659876558347605168819427490234375
9051 9064.3986470099662255961447954177856445
9052 9065.6764450436494371388107538223266602
9053 9066.7159372214046015869826078414916992
9054 9067.3443192367376468610018491744995117
9055 9067.8906929021613905206322669982910156
9056 9068.7075658366338757332414388656616211
9057 9069.6518640378526470158249139785766602
9058 9070.4198206742621550802141427993774414
9059 9071.4852750232057587709277868270874023
9060 9072.0688900277709763031452894210815430
9061 9072.9504819469766516704112291336059570
9062 9074.3815518650408193934708833694458008
9063 9074.8697558679159556049853563308715820
9064 9075.5398003386690106708556413650512695
9065 9076.9053425734637130517512559890747070
9066 9077.9411933719129592645913362503051758
9067 9078.3888131535750289913266897201538086
9068 9078.8850686103833140805363655090332031
9069 9079.9585945952967449557036161422729492
9070 9080.6002787965917377732694149017333984
9071 9081.5250296012090984731912612915039062
9072 9082.6874591538835375104099512100219727
9073 9083.8176844205045199487358331680297852
9074 9084.7191892651098896749317646026611328
9075 9085.2619908691158343572169542312622070
9076 9086.2167913436096569057554006576538086
9077 9086.8540644958266057074069976806640625
9078 9087.6199891014912282116711139678955078
9079 9088.9089883982924220617860555648803711
9080 9089.4259985379867430310696363449096680
9081 9090.4989885365102963987737894058227539
9082 9090.9539669624937232583761215209960938
9083 9091.7783858499606139957904815673828125
9084 9093.5545405592165479902178049087524414
9085 9094.0806536201889684889465570449829102
9086 9094.8179360494905267842113971710205078
9087 9095.7072833984457247424870729446411133
9088 9096.6115891934823594056069850921630859
9089 9097.1641508225147845223546028137207031
9090 9098.0921154066345479805022478103637695
9091 9098.5320422738077468238770961761474609
9092 9099.8366356670630921144038438796997070
9093 9101.0423742222737928386777639389038086
9094 9101.8852507692608924116939306259155273
9095 9102.4974809608902432955801486968994141
9096 9103.4937871835063560865819454193115234
9097 9104.1932562356996641028672456741333008
9098 9105.0749208910492598079144954681396484
9099 9106.4741611434146761894226074218750000
9100 9106.7052676102248369716107845306396484
9101 9107.1912024963094154372811317443847656
9102 9108.6136432818129833322018384933471680
9103 9109.0239707949513103812932968139648438
9104 9110.2303865435278567019850015640258789
9105 9111.3750849155039759352803230285644531
9106 9112.3815826704885694198310375213623047
9107 9113.3022979186571319587528705596923828
9108 9113.6587975925503997132182121276855469
9109 9114.4448536237541702575981616973876953
9110 9115.0429305286161252297461032867431641
9111 9116.4244053623770014382898807525634766
9112 9117.1370583786156203132122755050659180
9113 9117.8609680532390484586358070373535156
9114 9118.8109442072673118673264980316162109
9115 9120.1162816666910657659173011779785156
9116 9120.5692642934518516995012760162353516
9117 9121.5849022931215586140751838684082031
9118 9122.5049651473818812519311904907226562
9119 9123.3938548932637786492705345153808594
9120 9124.0848743093665689229965209960937500
9121 9125.0596771794516826048493385314941406
9122 9125.6042476032853301148861646652221680
9123 9126.2354726915909850504249334335327148
9124 9127.1213926913951581809669733047485352
9125 9128.9459622926733572967350482940673828
9126 9129.4730009763952693901956081390380859
9127 9130.4467014493930037133395671844482422
9128 9130.7681591590226162225008010864257812
9129 9131.9573736239653953816741704940795898
9130 9132.8770221513041178695857524871826172
9131 9133.2531325882628152612596750259399414
9132 9134.2991369717092311475425958633422852
9133 9135.4274572639660618733614683151245117
9134 9136.1396019033054471947252750396728516
9135 9136.6791964356598327867686748504638672
9136 9138.1059107547007442917674779891967773
9137 9138.6003828298962616827338933944702148
9138 9140.2319697706880106125026941299438477
9139 9140.5782594948141195345669984817504883
9140 9141.3571792224101955071091651916503906
9141 9142.2665233165680547244846820831298828
9142 9142.8369078747418825514614582061767578
9143 9143.5969780265077133662998676300048828
9144 9144.6199808356213907245546579360961914
9145 9145.6385222946191788651049137115478516
9146 9146.5263584402018750552088022232055664
9147 9147.8088949021839653141796588897705078
9148 9148.5550469995832827407866716384887695
9149 9149.1179968236465356312692165374755859
9150 9149.5581240012470516376197338104248047
9151 9151.0264552169246599078178405761718750
9152 9151.8176721587333304341882467269897461
9153 9152.6490186151204397901892662048339844
9154 9153.2678089072214788757264614105224609
9155 9153.7402001964728697203099727630615234
9156 9155.1111342965486983302980661392211914
9157 9156.0880262647151539567857980728149414
9158 9157.2008538392437912989407777786254883
9159 9157.9576035667814721819013357162475586
9160 9158.8301170481390727218240499496459961
9161 9159.4388251087111711967736482620239258
9162 9160.3538479108174215070903301239013672
9163 9160.7961394527883385308086872100830078
9164 9161.9264322982962767127901315689086914
9165 9162.6270752447962877340614795684814453
9166 9164.0112586188297427725046873092651367
9167 9164.7650215717367245815694332122802734
9168 9165.4486634908535052090883255004882812
9169 9166.3817343483933655079454183578491211
9170 9167.3824474610846664290875196456909180
9171 9168.3049259820254519581794738769531250
9172 9169.0056154369485739152878522872924805
9173 9169.6896721872290072496980428695678711
9174 9170.6589460326867992989718914031982422
9175 9171.4020137307998083997517824172973633
9176 9172.2133217077498557046055793762207031
9177 9172.6839103890306432731449604034423828
9178 9174.7994483318470884114503860473632812
9179 9175.2088358514520223252475261688232422
9180 9175.9274583074948168359696865081787109
9181 9176.8910171916977560613304376602172852
9182 9177.4792088046924618538469076156616211
9183 9178.1303775944725202862173318862915039
9184 9179.2859796928496507462114095687866211
9185 9180.3211133484146557748317718505859375
9186 9180.7392868499337055254727602005004883
9187 9181.7029743061793851666152477264404297
9188 9182.8111739420855883508920669555664062
9189 9183.6998374856702866964042186737060547
9190 9184.7671943958011979702860116958618164
9191 9185.1360004952439339831471443176269531
9192 9186.5781465446998481638729572296142578
9193 9187.3450866407692956272512674331665039
9194 9187.8114968610680080018937587738037109
9195 9188.4648295374645385891199111938476562
9196 9189.1873132710934442002326250076293945
9197 9190.3667793860768142621964216232299805
9198 9191.4631186329897900577634572982788086
9199 9192.4386916024850506801158189773559570
9200 9193.3689118855218112003058195114135742
9201 9194.0364976373421086464077234268188477
9202 9194.9986180154664907604455947875976562
9203 9195.4159934857161715626716613769531250
9204 9196.5413767935096984729170799255371094
9205 9197.3757931045183795504271984100341797
9206 9198.4287516301192226819694042205810547
9207 9198.7893476163771993014961481094360352
9208 9200.0067463695995684247463941574096680
9209 9200.4510776450733828824013471603393555
9210 9201.8374348621582612395286560058593750
9211 9203.0509414571788511238992214202880859
9212 9203.7617900600525899790227413177490234
9213 9204.4499303789962141308933496475219727
9214 9204.7607085186646145302802324295043945
9215 9206.1653509068928542546927928924560547
9216 9206.8473756241473893169313669204711914
9217 9207.1897502385800180491060018539428711
9218 9208.5204141900503600481897592544555664
9219 9209.4809330635216610971838235855102539
9220 9210.8739790230356447864323854446411133
9221 9211.2202208059970871545374393463134766
9222 9211.8783266799182456452399492263793945
9223 9212.9425429895600245799869298934936523
9224 9213.9534572854790894780308008193969727
9225 9214.8098154968647577334195375442504883
9226 9215.3830636288948880974203348159790039
9227 9216.3965000271891767624765634536743164
9228 9216.8891628889250569045543670654296875
9229 9217.6324135879949608352035284042358398
9230 9219.1250652849703328683972358703613281
9231 9220.0200834394745470490306615829467773
9232 9220.8521379308876930736005306243896484
9233 9222.0007984239018696825951337814331055
9234 9222.3540473390094120986759662628173828
9235 9223.2378589846339309588074684143066406
9236 9223.8700459645406226627528667449951172
9237 9224.5781634582635888364166021347045898
9238 9226.1732158811173576395958662033081055
9239 9226.6257626647129654884338378906250000
9240 9227.2621949036401929333806037902832031
9241 9228.5021579641215794254094362258911133
9242 9229.5583640598197234794497489929199219
9243 9230.1607046945100591983646154403686523
9244 9231.1163414806396758649498224258422852
9245 9232.0825940724826068617403507232666016
9246 9232.7645575865608407184481620788574219
9247 9233.6903663426455750595778226852416992
9248 9234.0864017886815418023616075515747070
9249 9235.3090741248488484416157007217407227
9250 9235.5206691511993994936347007751464844
9251 9237.2558257524651708081364631652832031
9252 9238.5255241168924840167164802551269531
9253 9238.8731619287791545502841472625732422
9254 9239.5997603358518972527235746383666992
9255 9240.4633185093334759585559368133544922
9256 9241.1689273176416463684290647506713867
9257 9242.4387469774846977088600397109985352
9258 9243.0027271513208688702434301376342773
9259 9243.6296254701992438640445470809936523
9260 9244.7222562073584413155913352966308594
9261 9245.7303172973843174986541271209716797
9262 9246.3724792752327630296349525451660156
9263 9247.3236820209822326432913541793823242
9264 9248.8596643330311053432524204254150391
9265 9249.0971344751669676043093204498291016
9266 9250.2172325824758445378392934799194336
9267 9250.8502689089837076608091592788696289
9268 9251.3253321989795949775725603103637695
9269 9252.3019826422569167334586381912231445
9270 9253.2668959099391940981149673461914062
9271 9254.0399637740738398861140012741088867
9272 9255.6292426312975294422358274459838867
9273 9255.8703072999742289539426565170288086
9274 9257.0909764444149914197623729705810547
9275 9257.9228511889050423633307218551635742
9276 9258.5131981180275033693760633468627930
9277 9259.1994905537649174220860004425048828
9278 9260.4626861152792116627097129821777344
9279 9261.4109179247097927145659923553466797
9280 9261.8326154728783876635134220123291016
9281 9262.5719052997628750745207071304321289
9282 9263.2788638698584691155701875686645508
9283 9264.8085555165453115478157997131347656
9284 9265.9149994190265715587884187698364258
9285 9266.5233557001120061613619327545166016
9286 9267.1576374282994947861880064010620117
9287 9268.3598850667804072145372629165649414
9288 9268.8466635855074855498969554901123047
9289 9269.3853124728339025750756263732910156
9290 9270.5049258856088272295892238616943359
9291 9271.3010280904600222129374742507934570
9292 9272.3941026416941895149648189544677734
9293 9273.2668431540332676377147436141967773
9294 9274.3381338548097119200974702835083008
9295 9274.9863758788487757556140422821044922
9296 9275.5555124857492046430706977844238281
9297 9277.1605144478526199236512184143066406
9298 9277.6087681839235301595181226730346680
9299 9278.3562143778581230435520410537719727
9300 9279.0409329444846662227064371109008789
9301 9279.9382561885577160865068435668945312
9302 9280.7692675958387553691864013671875000
9303 9281.5374387936462881043553352355957031
9304 9282.7342889104147616308182477951049805
9305 9284.0936816026478481944650411605834961
9306 9284.7624782475249958224594593048095703
9307 9285.3441595062322448939085006713867188
9308 9285.8494311762515280861407518386840820
9309 9286.9015690997875935863703489303588867
9310 9287.7994275922974338755011558532714844
9311 9288.6576788976199168246239423751831055
9312 9289.6347164605795114766806364059448242
9313 9290.2384725845149660017341375350952148
9314 9291.0711499494682357180863618850708008
9315 9292.4501510090594820212572813034057617
9316 9293.0203716145442740526050329208374023
9317 9294.0770997577456000726670026779174805
9318 9294.9944141679552558343857526779174805
9319 9295.5642235974737559445202350616455078
9320 9296.6070473718391440343111753463745117
9321 9297.3285980189284600783139467239379883
9322 9297.7914172751588921528309583663940430
9323 9298.4158229834611120168119668960571289
9324 9300.1743047320742334704846143722534180
9325 9301.0955049991534906439483165740966797
9326 9301.6306779502192512154579162597656250
9327 9302.7611691328856977634131908416748047
9328 9303.2388525659735023509711027145385742
9329 9304.4781693078803073149174451828002930
9330 9304.7472191080596530809998512268066406
9331 9306.0029254600922286044806241989135742
9332 9306.8080987651919713243842124938964844
9333 9307.5011440944399510044604539871215820
9334 9308.3976875700172968208789825439453125
9335 9309.0593071813054848462343215942382812
9336 9310.2941828546136093791574239730834961
9337 9311.3942634130653459578752517700195312
9338 9312.2870900899797561578452587127685547
9339 9313.1371111955268133897334337234497070
9340 9313.6420418769484967924654483795166016
9341 9314.1917674600517784710973501205444336
9342 9315.2577770138632331509143114089965820
9343 9316.0919937331855180673301219940185547
9344 9317.2214783759118290618062019348144531
9345 9317.5208642839388630818575620651245117
9346 9319.3379001805042207706719636917114258
9347 9319.8277950973606493789702653884887695
9348 9320.5929132775818288791924715042114258
9349 9321.3550373922516882885247468948364258
9350 9322.1998589421855285763740539550781250
9351 9323.5799037801371014211326837539672852
9352 9324.0386427526791521813720464706420898
9353 9324.6624778754667204339057207107543945
9354 9325.3598909542379260528832674026489258
9355 9326.4965937362176191527396440505981445
9356 9327.0293402194547525141388177871704102
9357 9328.9372762645834882277995347976684570
9358 9329.2359402653746656142175197601318359
9359 9330.2306595351947180461138486862182617
9360 9330.9218341515988868195563554763793945
9361 9331.8758380983308597933501005172729492
9362 9332.5455356127095001284033060073852539
9363 9332.9901778860112244728952646255493164
9364 9334.3058987286931369453668594360351562
9365 9335.2064892175694694742560386657714844
9366 9336.0315111158342915587127208709716797
9367 9336.9664156747858214657753705978393555
9368 9337.5355060383881209418177604675292969
9369 9338.9705327408773882780224084854125977
9370 9339.7342066836718004196882247924804688
9371 9340.3360050600713293533772230148315430
9372 9341.3408221268182387575507164001464844
9373 9341.9995745745145541150122880935668945
9374 9342.9239023068585083819925785064697266
9375 9343.4787616413632349576801061630249023
9376 9344.1899040042590058874338865280151367
9377 9345.4739350007112079765647649765014648
9378 9346.9096262453422241378575563430786133
9379 9347.3508868765929946675896644592285156
9380 9348.4121534276455349754542112350463867
9381 9348.8474390172123094089329242706298828
9382 9349.5341749335493659600615501403808594
9383 9350.7018231009969895239919424057006836
9384 9351.6401264359556080307811498641967773
9385 9352.3996633977658348158001899719238281
9386 9353.0144531882287992630153894424438477
9387 9353.7435067964179324917495250701904297
9388 9355.2351062110174098052084445953369141
9389 9355.8201760209922213107347488403320312
9390 9356.6730338381021283566951751708984375
9391 9357.9705138874887779820710420608520508
9392 9358.8386759459681343287229537963867188
9393 9359.0769030659103009384125471115112305
9394 9360.0250573921330214943736791610717773
9395 9360.6823141944369126576930284500122070
9396 9361.5270525186970189679414033889770508
9397 9362.6482146943890256807208061218261719
9398 9363.6900165470542560797184705734252930
9399 9364.5324226759366865735501050949096680
9400 9365.5655614644419983960688114166259766
9401 9366.2634851266702753491699695587158203
9402 9366.8564520044601522386074066162109375
9403 9367.9946215368945559021085500717163086
9404 9368.9009182154477457515895366668701172
9405 9369.2648748831379634793847799301147461
9406 9370.7633661317122459877282381057739258
9407 9371.1787345642223954200744628906250000
9408 9371.5876000465723336674273014068603516
9409 9372.7847519476599700283259153366088867
9410 9374.3795104225901013705879449844360352
9411 9375.1707949337251193355768918991088867
9412 9375.7365373254215228371322154998779297
9413 9376.3281300959679356310516595840454102
9414 9377.4506510614628496114164590835571289
9415 9377.9837026832574338186532258987426758
9416 9379.0184378754056524485349655151367188
9417 9379.4943441877403529360890388488769531
9418 9380.7938736460637301206588745117187500
9419 9381.6758405051295994780957698822021484
9420 9382.5604407982536940835416316986083984
9421 9383.5683743317240441683679819107055664
9422 9384.0904514458379708230495452880859375
9423 9385.1103591089231485966593027114868164
9424 9386.2349139847719925455749034881591797
9425 9386.8886122234325739555060863494873047
9426 9387.7338327093821135349571704864501953
9427 9388.1218030066447681747376918792724609
9428 9388.9791696612628584261983633041381836
9429 9390.0904665559319255407899618148803711
9430 9391.0497643957642139866948127746582031
9431 9392.3058524802436295431107282638549805
9432 9392.9644771345847402699291706085205078
9433 9393.9847563216171693056821823120117188
9434 9394.6897842388571007177233695983886719
9435 9395.1034162225478212349116802215576172
9436 9395.8263102002892992459237575531005859
9437 9397.4725643749407026916742324829101562
9438 9397.8182676617434481158852577209472656
9439 9398.6188689235059428028762340545654297
9440 9399.4942068711425235960632562637329102
9441 9400.5808713402402645442634820938110352
9442 9401.4275166738734696991741657257080078
9443 9402.5529093463628669269382953643798828
9444 9403.3829308764106826856732368469238281
9445 9403.9208353805952356196939945220947266
9446 9405.0628783696265600156038999557495117
9447 9405.5179849354026373475790023803710938
9448 9406.3178203195566311478614807128906250
9449 9407.2476275214758061338216066360473633
9450 9407.7454364767472725361585617065429688
9451 9409.4713366752293950412422418594360352
9452 9410.6039373821768094785511493682861328
9453 9410.8086665854752936866134405136108398
9454 9411.4570480211623362265527248382568359
9455 9412.7873606640350772067904472351074219
9456 9413.3552046456097741611301898956298828
9457 9414.3666499045066302642226219177246094
9458 9415.1067924021845101378858089447021484
9459 9415.8231512272286636289209127426147461
9460 9416.8041911334803444333374500274658203
9461 9417.5329249349342717323452234268188477
9462 9418.3491845722346624825149774551391602
9463 9419.7442694154451601207256317138671875
9464 9420.5825836612239072564989328384399414
9465 9421.5268919172704045195132493972778320
9466 9422.0400115740303590428084135055541992
9467 9422.8107435440761037170886993408203125
9468 9423.5910085161740425974130630493164062
9469 9424.1745617359956668224185705184936523
9470 9425.4119635388415190391242504119873047
9471 9426.5069035929845995269715785980224609
9472 9426.8745339762317598797380924224853516
9473 9428.2352076899260282516479492187500000
9474 9429.3791438403495703823864459991455078
9475 9429.5740254652882867958396673202514648
9476 9430.5355141073596314527094364166259766
9477 9431.4855519001102948095649480819702148
9478 9432.7138260240499221254140138626098633
9479 9433.1250184321361302863806486129760742
9480 9433.8267160834693640936166048049926758
9481 9434.6666658223402919247746467590332031
9482 9435.1963143398934334982186555862426758
9483 9437.1788492423183924984186887741088867
9484 9437.4194969231830327771604061126708984
9485 9438.8351914107624907046556472778320312
9486 9439.2883518743365129921585321426391602
9487 9439.9786288766990764997899532318115234
9488 9440.8040699907724047079682350158691406
9489 9441.8570963633792416658252477645874023
9490 9442.2746345741361437831073999404907227
9491 9443.4492497506980726029723882675170898
9492 9444.3113538899997365660965442657470703
9493 9445.2476108677146839909255504608154297
9494 9446.1628042858865228481590747833251953
9495 9446.7961220982469967566430568695068359
9496 9447.9075249739726132247596979141235352
9497 9449.2015807044263056013733148574829102
9498 9449.6097256629873299971222877502441406
9499 9450.1523136146533943247050046920776367
9500 9451.0440255352332314942032098770141602
9501 9452.1489771108608692884445190429687500
9502 9452.5812139620793459471315145492553711
9503 9453.3844666890327061992138624191284180
9504 9454.9418367256475903559476137161254883
9505 9455.8797946170489012729376554489135742
9506 9456.6388490274548530578613281250000000
9507 9457.2899389181002334225922822952270508
9508 9457.9723972306092036888003349304199219
9509 9458.8266843750170664861798286437988281
9510 9459.7694106901653867680579423904418945
9511 9460.9037724776244431268423795700073242
9512 9461.4049219102344068232923746109008789
9513 9462.1379897853621514514088630676269531
9514 9462.9365161215282569173723459243774414
9515 9464.2179043134019593708217144012451172
9516 9465.2618955186553648672997951507568359
9517 9465.9911771538172615692019462585449219
9518 9466.7225870219917851500213146209716797
9519 9467.8606329146787174977362155914306641
9520 9468.4948041396601183805614709854125977
9521 9469.1320390863838838413357734680175781
9522 9469.4560066973535867873579263687133789
9523 9470.8827709633660560939460992813110352
9524 9471.8192696640617214143276214599609375
9525 9472.9079426501884881872683763504028320
9526 9473.7230794728893670253455638885498047
9527 9474.3922455855063162744045257568359375
9528 9475.5655211205776140559464693069458008
9529 9475.9196356289758114144206047058105469
9530 9477.1378856507908494677394628524780273
9531 9477.8273204116121632978320121765136719
9532 9478.8556997721389052458107471466064453
9533 9479.2294786781312723178416490554809570
9534 9480.2352714092485257424414157867431641
9535 9481.1438822939489909913390874862670898
9536 9481.8397886504390044137835502624511719
9537 9483.6888155588276276830583810806274414
9538 9484.2072983262078196275979280471801758
9539 9484.6403891573863802477717399597167969
9540 9485.7538565680624742526561021804809570
9541 9486.0308691168575023766607046127319336
9542 9487.2158102411267464049160480499267578
9543 9488.1072149713800172321498394012451172
9544 9488.9037849364212888758629560470581055
9545 9489.5462586140820349100977182388305664
9546 9491.0367892303802364040166139602661133
9547 9491.6223372027525329031050205230712891
9548 9492.5598516799436765722930431365966797
9549 9493.1348480167762318160384893417358398
9550 9494.4788522266208019573241472244262695
9551 9495.1564779399886901956051588058471680
9552 9495.8600721018738113343715667724609375
9553 9496.8239090541646874044090509414672852
9554 9497.2554427642608061432838439941406250
9555 9497.9510072367847897112369537353515625
9556 9499.1372229556181991938501596450805664
9557 9500.5953213946195319294929504394531250
9558 9501.2172678051720140501856803894042969
9559 9501.9225201045155699830502271652221680
9560 9503.0424983733100816607475280761718750
9561 9503.6011176584943314082920551300048828
9562 9504.2640175144515524152666330337524414
9563 9505.0860802933493687305599451065063477
9564 9506.1138540771389671135693788528442383
9565 9507.2237906695372657850384712219238281
9566 9507.9615015826930175535380840301513672
9567 9508.1296374326957447919994592666625977
9568 9509.7699138624448096379637718200683594
9569 9510.6155519665480824187397956848144531
9570 9511.5509776169565157033503055572509766
9571 9512.3802085082788835279643535614013672
9572 9513.3352293576317606493830680847167969
9573 9513.5338929747704241890460252761840820
9574 9514.8143228324042866006493568420410156
9575 9515.3333355829527135938405990600585938
9576 9516.0478517839328560512512922286987305
9577 9517.2480018089881923515349626541137695
9578 9518.4014622833128669299185276031494141
9579 9519.4806572676534415222704410552978516
9580 9520.0145435341837583109736442565917969
9581 9520.8306437155806634109467267990112305
9582 9521.1624371807156421709805727005004883
9583 9522.9160827427440381143242120742797852
9584 9523.2932872975688951555639505386352539
9585 9524.1721451393932511564344167709350586
9586 9524.6739998254161037039011716842651367
9587 9525.8375081719350419007241725921630859
9588 9526.5279811809159582480788230895996094
9589 9527.6809374926160671748220920562744141
9590 9528.6323973322942038066685199737548828
9591 9529.7716818556873477064073085784912109
9592 9530.4059420132725790608674287796020508
9593 9531.1479237393541552592068910598754883
9594 9531.6255718125248677097260951995849609
9595 9532.6748494039748038630932569503784180
9596 9533.2379859392858634237200021743774414
9597 9534.4716606841611792333424091339111328
9598 9535.3772695740663039032369852066040039
9599 9536.2098769142139644827693700790405273
9600 9537.2536316894402261823415756225585938
9601 9537.8349155710457125678658485412597656
9602 9539.1827965180091268848627805709838867
9603 9539.5147444220565375871956348419189453
9604 9540.3961973426157783251255750656127930
9605 9541.6671019768436963204294443130493164
9606 9542.0283406432390620466321706771850586
9607 9543.1615047423329087905585765838623047
9608 9543.3273417675991368014365434646606445
9609 9544.3333863271545851603150367736816406
9610 9546.1480621044574945699423551559448242
9611 9546.8509583429331541992723941802978516
9612 9547.4514946132694603875279426574707031
9613 9548.2026998273868230171501636505126953
9614 9549.1094081808732880745083093643188477
9615 9550.0238254143332596868276596069335938
9616 9550.2974358071078313514590263366699219
9617 9551.8023101640173990745097398757934570
9618 9552.3697372741298750042915344238281250
9619 9553.0555298066428804304450750350952148
9620 9554.4387310129677643999457359313964844
9621 9555.1323510857801011297851800918579102
9622 9555.7655171308979333844035863876342773
9623 9557.0334502927544235717505216598510742
9624 9557.8640736342385935131460428237915039
9625 9558.7785975268780020996928215026855469
9626 9559.4978770401903602760285139083862305
9627 9559.6510027092117525171488523483276367
9628 9560.8042757941075251437723636627197266
9629 9561.8268551582877989858388900756835938
9630 9562.5951602455352258402854204177856445
9631 9563.7674847424095787573605775833129883
9632 9564.9415866528943297453224658966064453
9633 9565.7192704300177865661680698394775391
9634 9565.9984735009857104159891605377197266
9635 9567.0847627084294799715280532836914062
9636 9567.6806686127965804189443588256835938
9637 9568.9201366965207853354513645172119141
9638 9569.7575837398653675336390733718872070
9639 9570.2829287810382083989679813385009766
9640 9571.2258359556217328645288944244384766
9641 9571.8729931427369592711329460144042969
9642 9573.1708287489345821086317300796508789
9643 9574.2602120634619495831429958343505859
9644 9575.1595966231434431392699480056762695
9645 9575.6276930799904221203178167343139648
9646 9576.5041203557339031249284744262695312
9647 9577.4627205813958426006138324737548828
9648 9578.0822691597568336874246597290039062
9649 9578.7529374682490015402436256408691406
9650 9579.4495774933857319410890340805053711
9651 9581.1252840115303115453571081161499023
9652 9581.8139313153769762720912694931030273
9653 9582.5310130200741696171462535858154297
9654 9583.4884370915169711224734783172607422
9655 9584.1633353381694178096950054168701172
9656 9585.1430638438941969070583581924438477
9657 9586.2552340385154820978641510009765625
9658 9586.5722225250683550257235765457153320
9659 9587.5815347537245543207973241806030273
9660 9588.5624224513376248069107532501220703
9661 9588.8979462910356232896447181701660156
9662 9589.9465398320535314269363880157470703
9663 9591.3138194365419622045010328292846680
9664 9592.1302721673673659097403287887573242
9665 9593.2051804303773678839206695556640625
9666 9593.9101656285820354241877794265747070
9667 9594.4314298412355128675699234008789062
9668 9594.9882857737429731059819459915161133
9669 9595.9936952690441103186458349227905273
9670 9597.3402462783378723543137311935424805
9671 9597.6183419451335794292390346527099609
9672 9598.7661697760631795972585678100585938
9673 9599.4493750853253004606813192367553711
9674 9601.0235944461383041925728321075439453
9675 9601.3740518602353404276072978973388672
9676 9601.9729526721785077825188636779785156
9677 9603.3873204957162670325487852096557617
9678 9604.1134561115795804653316736221313477
9679 9604.8313316276435216423124074935913086
9680 9605.5090803953862632624804973602294922
9681 9606.2085895686795993242412805557250977
9682 9606.9488420701636641751974821090698242
9683 9608.0364445857267128303647041320800781
9684 9609.5803104893893760163336992263793945
9685 9610.2107663329770730342715978622436523
9686 9610.8028232004326127935200929641723633
9687 9611.6658877073641633614897727966308594
9688 9612.6063497513241600245237350463867188
9689 9613.1679633272542560007423162460327148
9690 9614.2523232646162796299904584884643555
9691 9614.7909274149205884896218776702880859
9692 9616.0801250527692900504916906356811523
9693 9616.5763042671387665905058383941650391
9694 9617.7115634032306843437254428863525391
9695 9618.1478037614142522215843200683593750
9696 9619.6626575321970449294894933700561523
9697 9620.7115701217335299588739871978759766
9698 9621.1657593601521512027829885482788086
9699 9621.7574076971650356426835060119628906
9700 9622.9604010240364004857838153839111328
9701 9623.3784344777741353027522563934326172
9702 9624.1349445565101632382720708847045898
9703 9625.2220756410351896192878484725952148
9704 9626.0155268415765021927654743194580078
9705 9627.4109225444990443065762519836425781
9706 9628.2247118223131110426038503646850586
9707 9628.8141759394384280312806367874145508
9708 9629.7243665461828641127794981002807617
9709 9630.3019670072462758980691432952880859
9710 9631.2802093208083533681929111480712891
9711 9632.5622653446771437302231788635253906
9712 9633.1111456945909594651311635971069336
9713 9633.5899196597310947254300117492675781
9714 9634.2751501642342191189527511596679688
9715 9635.6517395458286046050488948822021484
9716 9636.5861907106809667311608791351318359
9717 9637.6368299189234676305204629898071289
9718 9638.3339702819830563385039567947387695
9719 9639.4003722599009051918983459472656250
9720 9639.9416328094375785440206527709960938
9721 9640.6676246039605757687240839004516602
9722 9641.2719275459239725023508071899414062
9723 9642.1725836603254720102995634078979492
9724 9643.6515105945909454021602869033813477
9725 9643.8503007910876476671546697616577148
9726 9645.2680041390813130419701337814331055
9727 9646.0336014503482147119939327239990234
9728 9646.6821202696773980278521776199340820
9729 9647.7768743529486528132110834121704102
9730 9648.5931275712209753692150115966796875
9731 9649.6976279827722464688122272491455078
9732 9649.8537905267585301771759986877441406
9733 9650.9991239036135084461420774459838867
9734 9651.8714562543973443098366260528564453
9735 9652.5384640602460422087460756301879883
9736 9653.0148745753213006537407636642456055
9737 9654.9633453995011223014444112777709961
9738 9655.6702426453011867124587297439575195
9739 9656.5091563229943858459591865539550781
9740 9657.0060734443504770752042531967163086
9741 9657.6258167617270373739302158355712891
9742 9658.7806781851904815994203090667724609
9743 9659.6371163142102886922657489776611328
9744 9660.2029992974894412327557802200317383
9745 9661.3715334884436742868274450302124023
9746 9661.9578359942424867767840623855590820
9747 9663.0857681147244875319302082061767578
9748 9663.8810765158850699663162231445312500
9749 9665.0394543613983842078596353530883789
9750 9665.4856616082652180921286344528198242
9751 9666.8072124572754546534270048141479492
9752 9667.5642272270197281613945960998535156
9753 9668.1354287357207795139402151107788086
9754 9668.7001282809615076985210180282592773
9755 9669.7456162064445379655808210372924805
9756 9670.1621139270064304582774639129638672
9757 9671.9495127123664133250713348388671875
9758 9672.4943403685974772088229656219482422
9759 9673.3961908850906183943152427673339844
9760 9674.5472992835020704660564661026000977
9761 9675.1222265232681820634752511978149414
9762 9675.7342720117121643852442502975463867
9763 9676.4829705195843416731804609298706055
9764 9677.7624907574645476415753364562988281
9765 9678.4414448102870665024966001510620117
9766 9679.3096459766529733315110206604003906
9767 9679.8061685557368036825209856033325195
9768 9680.7628336416419188026338815689086914
9769 9681.9331815620862471405416727066040039
9770 9683.0977428676014824304729700088500977
9771 9683.8670215742022264748811721801757812
9772 9684.5895860503696894738823175430297852
9773 9685.3080044006128446198999881744384766
9774 9685.9600006417567783500999212265014648
9775 9686.9389017960384080652147531509399414
9776 9687.6356504640789353288710117340087891
9777 9688.4525041013657755684107542037963867
9778 9689.4249003163240558933466672897338867
9779 9691.0076925117682549171149730682373047
9780 9691.3450995487000909633934497833251953
9781 9692.1296089626775938086211681365966797
9782 9692.7754650526294426526874303817749023
9783 9694.1600188615957449655979871749877930
9784 9694.8102491733588976785540580749511719
9785 9695.5872652584694151300936937332153320
9786 9696.3405842375395877752453088760375977
9787 9696.9690928159143368247896432876586914
9788 9697.9640786884119734168052673339843750
9789 9698.7359180655075761023908853530883789
9790 9699.9097511080326512455940246582031250
9791 9701.2686361381529422942548990249633789
9792 9701.7509559826030454132705926895141602
9793 9702.3436706886204774491488933563232422
9794 9703.6401367559592472389340400695800781
9795 9703.8373879710561595857143402099609375
9796 9704.4803257640814990736544132232666016
9797 9705.8762159682300989516079425811767578
9798 9706.8028655405432800762355327606201172
9799 9707.4146470170271641109138727188110352
9800 9708.1860781682589731644839048385620117
9801 9709.5024385888864344451576471328735352
9802 9710.1856795271523878909647464752197266
9803 9711.1563810570551140699535608291625977
9804 9711.8873122558979957830160856246948242
9805 9712.6689568205329123884439468383789062
9806 9713.8039094922096410300582647323608398
9807 9714.4763722847601457033306360244750977
9808 9714.6891055747983045876026153564453125
9809 9715.6544265746742894407361745834350586
9810 9716.8648939396152854897081851959228516
9811 9718.2173239041512715630233287811279297
9812 9719.0039482042848248966038227081298828
9813 9719.5846054330395418219268321990966797
9814 9720.4644540352528565563261508941650391
9815 9721.1044730671128490939736366271972656
9816 9721.9967532809678232297301292419433594
9817 9723.0584550314888474531471729278564453
9818 9723.7373133683540800120681524276733398
9819 9724.3738732997262559365481138229370117
9820 9725.5491289833553310018032789230346680
9821 9726.1879025719463243149220943450927734
9822 9727.4037285245431121438741683959960938
9823 9727.8803354083429439924657344818115234
9824 9729.4960256595113605726510286331176758
9825 9730.1195859614053915720432996749877930
9826 9730.5769043621330638416111469268798828
9827 9731.3728278457456326577812433242797852
9828 9732.0068936687312088906764984130859375
9829 9733.3038598820930928923189640045166016
9830 9733.6104641558595176320523023605346680
9831 9734.8555156373695353977382183074951172
9832 9736.0907923578270128928124904632568359
9833 9736.7303692193563620094209909439086914
9834 9737.8555829320685006678104400634765625
9835 9738.2404215102906164247542619705200195
9836 9739.0210721514959004707634449005126953
9837 9740.1355757905766949988901615142822266
9838 9741.0760878632172534707933664321899414
9839 9741.6579722074384335428476333618164062
9840 9742.6235648663314350415021181106567383
9841 9743.2320961236800940241664648056030273
9842 9743.7337623054299911018460988998413086
9843 9745.6390666411934944335371255874633789
9844 9746.4402688111767929513007402420043945
9845 9746.8257281483965925872325897216796875
9846 9748.0026971168481395579874515533447266
9847 9748.6392822258712840266525745391845703
9848 9749.4822544075541372876614332199096680
9849 9750.0747420911939116194844245910644531
9850 9750.7730055957690638024359941482543945
9851 9751.9833073985682858619838953018188477
9852 9753.0347004849936638493090867996215820
9853 9753.7172130518556514289230108261108398
9854 9754.6804992285869957413524389266967773
9855 9755.4951121817284729331731796264648438
9856 9756.3801046491716988384723663330078125
9857 9757.2608994413894833996891975402832031
9858 9758.3074542057111102622002363204956055
9859 9758.8146650679591402877122163772583008
9860 9759.5922465742114582099020481109619141
9861 9760.2708913523383671417832374572753906
9862 9761.3631891768527566455304622650146484
9863 9761.8875692580331815406680107116699219
9864 9763.2940997780060570221394300460815430
9865 9764.4163499336245877202600240707397461
9866 9765.2980772800547129008919000625610352
9867 9765.7980447545342030934989452362060547
9868 9766.2387546021891466807574033737182617
9869 9767.2898587187264638487249612808227539
9870 9768.1685961615003179758787155151367188
9871 9769.3418474816244270186871290206909180
9872 9769.9634601451034541241824626922607422
9873 9770.2985859653235820587724447250366211
9874 9771.8722797815171361435204744338989258
9875 9772.6541686372002004645764827728271484
9876 9773.2843378519100951962172985076904297
9877 9774.7036174080749333370476961135864258
9878 9775.0882836624659830704331398010253906
9879 9776.2515338334233092609792947769165039
9880 9776.7303819893495528958737850189208984
9881 9777.6926793262173305265605449676513672
9882 9778.1488067549180414061993360519409180
9883 9778.8807632563512015622109174728393555
9884 9780.3133294416984426788985729217529297
9885 9781.3837323752013617195188999176025391
9886 9782.3855258219555253162980079650878906
9887 9782.6108163915632758289575576782226562
9888 9783.7225346370360057335346937179565430
9889 9784.6806776268604153301566839218139648
9890 9785.3810629716390394605696201324462891
9891 9785.9000342229810485150665044784545898
9892 9787.2769202706658688839524984359741211
9893 9787.9534862509644881356507539749145508
9894 9788.4777594130209763534367084503173828
9895 9789.4023706391781161073595285415649414
9896 9790.3643849148429580964148044586181641
9897 9791.9834000653645489364862442016601562
9898 9792.2467290640743158292025327682495117
9899 9793.5499992781806213315576314926147461
9900 9793.6476191161564202047884464263916016
9901 9794.7610517518805863801389932632446289
9902 9795.4200312815119104925543069839477539
9903 9796.2018110113931470550596714019775391
9904 9797.2930246425457880832254886627197266
9905 9798.0341913499505608342587947845458984
9906 9799.0961924953699053730815649032592773
9907 9800.3487125941028352826833724975585938
9908 9800.8318154094995406921952962875366211
9909 9801.5275985016996855847537517547607422
9910 9802.2472181562188779935240745544433594
9911 9803.7827244557884114328771829605102539
9912 9804.3393867422855691984295845031738281
9913 9804.7710105441256018821150064468383789
9914 9805.6721918425282638054341077804565430
9915 9806.3730695772501348983496427536010742
9916 9807.4152686457418894860893487930297852
9917 9808.5794268261088291183114051818847656
9918 9809.6629050820847623981535434722900391
9919 9810.2918267962195386644452810287475586
9920 9811.3231075012336077634245157241821289
9921 9812.0261903524879016913473606109619141
9922 9812.2689794882207934278994798660278320
9923 9813.4889744564607099164277315139770508
9924 9814.2925094134152459446340799331665039
9925 9815.1454098737704043742269277572631836
9926 9816.2807254069448390509933233261108398
9927 9816.9376159389612439554184675216674805
9928 9817.6658161222039780113846063613891602
9929 9818.9151013683440396562218666076660156
9930 9819.7032091819201014004647731781005859
9931 9820.6521096394462801981717348098754883
9932 9821.3993124540320422966033220291137695
9933 9821.9028298823723162058740854263305664
9934 9823.0780614010473072994500398635864258
9935 9823.7028957933471247088164091110229492
9936 9824.2953468203595548402518033981323242
9937 9825.0340702665052958764135837554931641
9938 9826.9466951644426444545388221740722656
9939 9827.5478321797781973145902156829833984
9940 9828.1557535920837835874408483505249023
9941 9828.9732873011453193612396717071533203
9942 9829.9334735051561438012868165969848633
9943 9830.3079023822610906790941953659057617
9944 9831.7604293535769102163612842559814453
9945 9832.2376021899472107179462909698486328
9946 9833.1396943812105746474117040634155273
9947 9833.8983503835406736470758914947509766
9948 9834.6707649777927144896239042282104492
9949 9836.1126605161916813813149929046630859
9950 9836.4859066010430979076772928237915039
9951 9837.7566549499388202093541622161865234
9952 9838.6310716293410223443061113357543945
9953 9839.4353597191293374635279178619384766
9954 9840.0382499051338527351617813110351562
9955 9840.7294701558275846764445304870605469
9956 9841.1655653782472654711455106735229492
9957 9842.6616646967522683553397655487060547
9958 9843.4262786583349225111305713653564453
9959 9844.2690150123016792349517345428466797
9960 9845.5144849435091600753366947174072266
9961 9846.2340222388447728008031845092773438
9962 9846.8837905282707652077078819274902344
9963 9847.7002622413165227044373750686645508
9964 9848.5635971599331242032349109649658203
9965 9849.5596863105711236130446195602416992
9966 9850.3409153023385442793369293212890625
9967 9851.1681156266058678738772869110107422
9968 9851.6239568444507312960922718048095703
9969 9852.5522366846453223843127489089965820
9970 9853.6375303850509226322174072265625000
9971 9855.0458037736170808784663677215576172
9972 9856.0313875666870444547384977340698242
9973 9856.1770603779186785686761140823364258
9974 9856.9101757076714420691132545471191406
9975 9858.1645809893525438383221626281738281
9976 9858.7324140042874205391854047775268555
9977 9859.3811594720900757238268852233886719
9978 9860.3602052747046400327235460281372070
9979 9861.3635154880430491175502538681030273
9980 9862.3790131544992618728429079055786133
9981 9863.4804828623127832543104887008666992
9982 9863.6983399107048171572387218475341797
9983 9864.7898291257588425651192665100097656
9984 9866.1219938551839732099324464797973633
9985 9866.5152680640458129346370697021484375
9986 9867.4442254941895953379571437835693359
9987 9868.2744525018933927640318870544433594
9988 9868.7146594399782770778983831405639648
9989 9869.8128783936444961000233888626098633
9990 9870.3322586093490826897323131561279297
9991 9872.0006233347048691939562559127807617
9992 9872.5586661156994523480534553527832031
9993 9873.8022208361580851487815380096435547
9994 9874.3239576772684813477098941802978516
9995 9875.2189940351199766155332326889038086
9996 9875.6009564608139044139534235000610352
9997 9876.4790170634478272404521703720092773
9998 9877.7826540528840268962085247039794922
9999 9878.6547724470619868952780961990356445
10000 9879.0367335401642776560038328170776367
